player_id,season,games,minutes,goals,assists,yellow_cards,red_cards,name,date_of_birth,position,sub_position,height_in_cm,foot,season_start,age,market_value
132,2013,27,1572,2,1,7,0,Tomas Rosicky,1980-10-04,Midfield,Attacking Midfield,179.0,both,2013-09-01,32.0,2000000.0
2865,2018,14,940,0,0,3,0,Stephan Lichtsteiner,1984-01-16,Defender,Right-Back,182.0,right,2018-09-01,34.0,1500000.0
2953,2012,14,1260,0,1,6,0,Paul Scharner,1980-03-11,Midfield,Defensive Midfield,191.0,right,2012-09-01,32.0,1500000.0
2963,2013,27,2430,2,2,6,0,Martín Demichelis,1980-12-20,Defender,Centre-Back,184.0,right,2013-09-01,32.0,2500000.0
2963,2014,31,2559,1,0,6,0,Martín Demichelis,1980-12-20,Defender,Centre-Back,184.0,right,2014-09-01,33.0,2000000.0
2963,2015,20,1015,0,0,3,0,Martín Demichelis,1980-12-20,Defender,Centre-Back,184.0,right,2015-09-01,34.0,2000000.0
3109,2012,36,3222,10,9,5,0,Steven Gerrard,1980-05-30,Midfield,Central Midfield,183.0,right,2012-09-01,32.0,11500000.0
3109,2013,34,2900,13,15,7,0,Steven Gerrard,1980-05-30,Midfield,Central Midfield,183.0,right,2013-09-01,33.0,7500000.0
3109,2014,29,2236,9,1,7,1,Steven Gerrard,1980-05-30,Midfield,Central Midfield,183.0,right,2014-09-01,34.0,4000000.0
3130,2012,16,1181,0,0,3,0,Titus Bramble,1981-07-31,Defender,Centre-Back,192.0,right,2012-09-01,31.0,2000000.0
3156,2012,19,1526,1,0,2,0,William Gallas,1977-08-17,Defender,Centre-Back,182.0,right,2012-09-01,35.0,1000000.0
3160,2012,14,949,4,0,1,0,John Terry,1980-12-07,Defender,Centre-Back,187.0,right,2012-09-01,31.0,12000000.0
3160,2013,34,3060,2,1,3,0,John Terry,1980-12-07,Defender,Centre-Back,187.0,right,2013-09-01,32.0,7500000.0
3160,2014,38,3420,5,0,2,0,John Terry,1980-12-07,Defender,Centre-Back,187.0,right,2014-09-01,33.0,5000000.0
3160,2015,24,1991,1,1,4,1,John Terry,1980-12-07,Defender,Centre-Back,187.0,right,2015-09-01,34.0,3000000.0
3163,2012,29,1903,15,1,2,0,Frank Lampard,1978-06-20,Midfield,Central Midfield,184.0,right,2012-09-01,34.0,4000000.0
3163,2013,26,1701,6,3,4,0,Frank Lampard,1978-06-20,Midfield,Central Midfield,184.0,right,2013-09-01,35.0,2000000.0
3163,2014,32,989,6,2,1,0,Frank Lampard,1978-06-20,Midfield,Central Midfield,184.0,right,2014-09-01,36.0,1000000.0
3179,2012,27,1364,2,2,2,1,Carlton Cole,1983-10-12,Attack,Centre-Forward,191.0,right,2012-09-01,28.0,3500000.0
3179,2014,23,907,2,0,2,0,Carlton Cole,1983-10-12,Attack,Centre-Forward,191.0,right,2014-09-01,30.0,1500000.0
3182,2012,31,2790,1,2,3,0,Ashley Cole,1980-12-20,Defender,Left-Back,176.0,left,2012-09-01,31.0,8000000.0
3182,2013,17,1385,0,2,1,0,Ashley Cole,1980-12-20,Defender,Left-Back,176.0,left,2013-09-01,32.0,5000000.0
3202,2012,15,916,0,0,2,0,Kolo Touré,1981-03-19,Defender,Centre-Back,178.0,right,2012-09-01,31.0,6000000.0
3202,2013,20,1439,0,3,2,0,Kolo Touré,1981-03-19,Defender,Centre-Back,178.0,right,2013-09-01,32.0,4000000.0
3220,2012,31,2530,0,5,4,0,John Arne Riise,1980-09-24,Defender,Left-Back,185.0,left,2012-09-01,31.0,3000000.0
3220,2013,20,1486,0,0,2,0,John Arne Riise,1980-09-24,Defender,Left-Back,185.0,left,2013-09-01,32.0,1000000.0
3235,2012,28,2323,1,2,2,0,Rio Ferdinand,1978-11-07,Defender,Centre-Back,189.0,right,2012-09-01,33.0,3500000.0
3235,2013,14,1128,0,0,0,0,Rio Ferdinand,1978-11-07,Defender,Centre-Back,189.0,right,2013-09-01,34.0,1500000.0
3235,2014,11,990,0,0,2,0,Rio Ferdinand,1978-11-07,Defender,Centre-Back,189.0,right,2014-09-01,35.0,1000000.0
3259,2012,31,2337,3,7,0,0,Damien Duff,1979-03-02,Midfield,Right Midfield,177.0,left,2012-09-01,33.0,1500000.0
3276,2013,26,1284,2,2,2,0,Shola Ameobi,1981-10-12,Attack,Centre-Forward,191.0,right,2013-09-01,31.0,1500000.0
3291,2012,31,2400,1,4,6,0,Gareth Barry,1981-02-23,Midfield,Defensive Midfield,184.0,left,2012-09-01,31.0,8500000.0
3291,2013,32,2849,3,4,10,0,Gareth Barry,1981-02-23,Midfield,Defensive Midfield,184.0,left,2013-09-01,32.0,5000000.0
3291,2014,33,2827,0,2,12,0,Gareth Barry,1981-02-23,Midfield,Defensive Midfield,184.0,left,2014-09-01,33.0,3000000.0
3291,2015,33,2836,0,2,7,0,Gareth Barry,1981-02-23,Midfield,Defensive Midfield,184.0,left,2015-09-01,34.0,2500000.0
3291,2016,33,2113,2,1,10,0,Gareth Barry,1981-02-23,Midfield,Defensive Midfield,184.0,left,2016-09-01,35.0,1500000.0
3291,2017,25,1927,1,1,4,0,Gareth Barry,1981-02-23,Midfield,Defensive Midfield,184.0,left,2017-09-01,36.0,1000000.0
3292,2014,28,2351,1,3,11,1,Joey Barton,1982-09-02,Midfield,Central Midfield,180.0,right,2014-09-01,31.0,2500000.0
3292,2016,14,1104,1,0,4,0,Joey Barton,1982-09-02,Midfield,Central Midfield,180.0,right,2016-09-01,33.0,1000000.0
3296,2014,26,2250,1,1,5,1,Paul Konchesky,1981-05-15,Defender,Left-Back,178.0,left,2014-09-01,33.0,500000.0
3297,2013,22,1252,2,1,3,0,Craig Bellamy,1979-07-13,Attack,Left Winger,173.0,right,2013-09-01,34.0,1000000.0
3306,2012,38,3310,8,3,4,0,Jonathan Walters,1983-09-20,Attack,Right Winger,183.0,right,2012-09-01,28.0,5500000.0
3306,2013,32,2240,5,2,8,1,Jonathan Walters,1983-09-20,Attack,Right Winger,183.0,right,2013-09-01,29.0,4000000.0
3306,2014,32,2423,8,4,5,0,Jonathan Walters,1983-09-20,Attack,Right Winger,183.0,right,2014-09-01,30.0,3500000.0
3306,2015,27,1725,5,3,1,0,Jonathan Walters,1983-09-20,Attack,Right Winger,183.0,right,2015-09-01,31.0,3500000.0
3306,2016,23,1296,4,2,1,0,Jonathan Walters,1983-09-20,Attack,Right Winger,183.0,right,2016-09-01,32.0,2500000.0
3332,2012,27,2019,12,10,7,0,Wayne Rooney,1985-10-24,Attack,Centre-Forward,176.0,right,2012-09-01,26.0,65000000.0
3332,2013,29,2448,17,12,8,0,Wayne Rooney,1985-10-24,Attack,Centre-Forward,176.0,right,2013-09-01,27.0,45000000.0
3332,2014,33,2876,12,5,5,1,Wayne Rooney,1985-10-24,Attack,Centre-Forward,176.0,right,2014-09-01,28.0,45000000.0
3332,2015,28,2410,8,6,4,0,Wayne Rooney,1985-10-24,Attack,Centre-Forward,176.0,right,2015-09-01,29.0,35000000.0
3332,2016,25,1540,5,5,8,0,Wayne Rooney,1985-10-24,Attack,Centre-Forward,176.0,right,2016-09-01,30.0,15000000.0
3332,2017,31,2287,10,2,5,0,Wayne Rooney,1985-10-24,Attack,Centre-Forward,176.0,right,2017-09-01,31.0,10000000.0
3333,2012,26,1722,4,4,1,1,James Milner,1986-01-04,Midfield,Central Midfield,175.0,right,2012-09-01,26.0,17000000.0
3333,2013,31,1359,1,7,3,0,James Milner,1986-01-04,Midfield,Central Midfield,175.0,right,2013-09-01,27.0,15000000.0
3333,2014,32,1742,5,8,6,0,James Milner,1986-01-04,Midfield,Central Midfield,175.0,right,2014-09-01,28.0,14000000.0
3333,2015,28,2416,5,11,11,0,James Milner,1986-01-04,Midfield,Central Midfield,175.0,right,2015-09-01,29.0,15000000.0
3333,2016,36,3159,7,3,5,0,James Milner,1986-01-04,Midfield,Central Midfield,175.0,right,2016-09-01,30.0,12000000.0
3333,2017,32,1763,0,3,3,0,James Milner,1986-01-04,Midfield,Central Midfield,175.0,right,2017-09-01,31.0,15000000.0
3333,2018,31,1786,5,5,7,0,James Milner,1986-01-04,Midfield,Central Midfield,175.0,right,2018-09-01,32.0,15000000.0
3333,2019,22,926,2,2,4,0,James Milner,1986-01-04,Midfield,Central Midfield,175.0,right,2019-09-01,33.0,6500000.0
3333,2020,26,1061,0,1,3,0,James Milner,1986-01-04,Midfield,Central Midfield,175.0,right,2020-09-01,34.0,3000000.0
3356,2012,34,2837,0,2,2,0,Sylvain Distin,1977-12-16,Defender,Centre-Back,192.0,left,2012-09-01,34.0,1000000.0
3356,2013,33,2925,0,0,2,0,Sylvain Distin,1977-12-16,Defender,Centre-Back,192.0,left,2013-09-01,35.0,1000000.0
3356,2014,13,1080,0,0,0,0,Sylvain Distin,1977-12-16,Defender,Centre-Back,192.0,left,2014-09-01,36.0,750000.0
3404,2012,18,1551,0,1,4,0,Phil Neville,1977-01-21,Defender,Right-Back,180.0,right,2012-09-01,35.0,1000000.0
3405,2013,25,2065,0,2,2,3,Wes Brown,1979-10-13,Defender,Centre-Back,184.0,right,2013-09-01,33.0,750000.0
3405,2014,25,1993,0,0,4,1,Wes Brown,1979-10-13,Defender,Centre-Back,184.0,right,2014-09-01,34.0,500000.0
3406,2012,22,1167,2,3,0,0,Ryan Giggs,1973-11-29,Midfield,Left Midfield,179.0,left,2012-09-01,38.0,1000000.0
3455,2016,28,2437,17,5,7,0,Zlatan Ibrahimović,1981-10-03,Attack,Centre-Forward,195.0,right,2016-09-01,34.0,10000000.0
3467,2012,20,1249,1,1,0,0,Shaun Wright-Phillips,1981-10-25,Attack,Right Winger,166.0,right,2012-09-01,30.0,2500000.0
3540,2012,34,2993,2,3,3,0,John O'Shea,1981-04-30,Defender,Centre-Back,192.0,right,2012-09-01,31.0,3000000.0
3540,2013,33,2922,1,0,2,1,John O'Shea,1981-04-30,Defender,Centre-Back,192.0,right,2013-09-01,32.0,2000000.0
3540,2014,37,3271,0,0,4,0,John O'Shea,1981-04-30,Defender,Centre-Back,192.0,right,2014-09-01,33.0,1000000.0
3540,2015,28,2008,0,0,2,0,John O'Shea,1981-04-30,Defender,Centre-Back,192.0,right,2015-09-01,34.0,1000000.0
3540,2016,28,2160,0,1,5,0,John O'Shea,1981-04-30,Defender,Centre-Back,192.0,right,2016-09-01,35.0,1000000.0
3547,2014,26,1714,1,0,3,0,Darren Fletcher,1984-02-01,Midfield,Central Midfield,184.0,right,2014-09-01,30.0,2000000.0
3547,2015,38,3375,1,3,3,0,Darren Fletcher,1984-02-01,Midfield,Central Midfield,184.0,right,2015-09-01,31.0,2000000.0
3547,2016,38,3235,2,3,0,0,Darren Fletcher,1984-02-01,Midfield,Central Midfield,184.0,right,2016-09-01,32.0,2000000.0
3547,2017,27,2222,1,1,0,0,Darren Fletcher,1984-02-01,Midfield,Central Midfield,184.0,right,2017-09-01,33.0,2000000.0
3548,2012,15,915,1,0,2,0,Kieran Richardson,1984-10-21,Defender,Left-Back,177.0,left,2012-09-01,27.0,3500000.0
3548,2013,31,2380,4,5,5,0,Kieran Richardson,1984-10-21,Defender,Left-Back,177.0,left,2013-09-01,28.0,2500000.0
3548,2014,22,1345,0,1,2,1,Kieran Richardson,1984-10-21,Defender,Left-Back,177.0,left,2014-09-01,29.0,2000000.0
3580,2012,24,2115,0,0,1,0,Aaron Hughes,1979-11-08,Defender,Centre-Back,183.0,right,2012-09-01,32.0,1500000.0
3580,2013,13,1064,0,0,2,0,Aaron Hughes,1979-11-08,Defender,Centre-Back,183.0,right,2013-09-01,33.0,700000.0
3597,2012,24,1525,0,1,4,0,Jamie Carragher,1978-01-28,Defender,Centre-Back,185.0,right,2012-09-01,34.0,1000000.0
3620,2012,36,3182,5,2,8,0,Leon Osman,1981-05-17,Midfield,Central Midfield,173.0,right,2012-09-01,31.0,4500000.0
3620,2013,38,2173,3,5,4,0,Leon Osman,1981-05-17,Midfield,Central Midfield,173.0,right,2013-09-01,32.0,3500000.0
3620,2014,21,1274,2,2,0,0,Leon Osman,1981-05-17,Midfield,Central Midfield,173.0,right,2014-09-01,33.0,1000000.0
3634,2012,16,1360,0,4,1,0,Ian Harte,1977-08-31,Defender,Left-Back,175.0,left,2012-09-01,35.0,250000.0
3698,2012,13,914,0,0,2,0,Anton Ferdinand,1985-02-18,Defender,Centre-Back,185.0,right,2012-09-01,27.0,2000000.0
3762,2013,32,2661,3,6,3,0,Peter Whittingham,1984-09-08,Midfield,Central Midfield,177.0,left,2013-09-01,28.0,2500000.0
3775,2013,22,1840,0,0,4,0,George McCartney,1981-04-29,Defender,Left-Back,183.0,left,2013-09-01,32.0,1000000.0
3785,2012,21,1366,0,3,1,0,Scott Parker,1980-10-13,Midfield,Central Midfield,180.0,right,2012-09-01,31.0,8000000.0
3785,2013,29,2318,2,1,7,0,Scott Parker,1980-10-13,Midfield,Central Midfield,180.0,right,2013-09-01,32.0,4000000.0
3788,2012,31,1726,0,0,2,0,Matthew Etherington,1981-08-14,Midfield,Left Midfield,178.0,left,2012-09-01,31.0,2500000.0
3791,2012,25,2085,1,1,8,0,Gary Caldwell,1982-04-12,Defender,Centre-Back,185.0,right,2012-09-01,30.0,3000000.0
3807,2014,23,1872,0,0,7,0,Richard Dunne,1979-09-21,Defender,Centre-Back,188.0,right,2014-09-01,34.0,500000.0
3875,2012,34,2412,11,4,4,0,Jermain Defoe,1982-10-07,Attack,Centre-Forward,171.0,right,2012-09-01,29.0,10000000.0
3875,2014,17,1457,4,1,1,0,Jermain Defoe,1982-10-07,Attack,Centre-Forward,171.0,right,2014-09-01,31.0,6000000.0
3875,2015,33,2551,15,1,3,0,Jermain Defoe,1982-10-07,Attack,Centre-Forward,171.0,right,2015-09-01,32.0,6000000.0
3875,2016,37,3323,15,2,1,0,Jermain Defoe,1982-10-07,Attack,Centre-Forward,171.0,right,2016-09-01,33.0,5000000.0
3875,2017,24,1083,4,1,1,0,Jermain Defoe,1982-10-07,Attack,Centre-Forward,171.0,right,2017-09-01,34.0,2500000.0
3878,2012,36,3043,1,4,3,0,Michael Carrick,1981-07-28,Midfield,Defensive Midfield,189.0,right,2012-09-01,31.0,11000000.0
3878,2013,29,2413,1,0,5,0,Michael Carrick,1981-07-28,Midfield,Defensive Midfield,189.0,right,2013-09-01,32.0,8500000.0
3878,2014,18,1457,1,2,1,0,Michael Carrick,1981-07-28,Midfield,Defensive Midfield,189.0,right,2014-09-01,33.0,5000000.0
3878,2015,28,1975,0,0,4,0,Michael Carrick,1981-07-28,Midfield,Defensive Midfield,189.0,right,2015-09-01,34.0,4000000.0
3878,2016,23,1599,0,0,2,0,Michael Carrick,1981-07-28,Midfield,Defensive Midfield,189.0,right,2016-09-01,35.0,1500000.0
3881,2012,36,3227,1,5,7,0,Glen Johnson,1984-08-23,Defender,Right-Back,182.0,both,2012-09-01,28.0,12000000.0
3881,2013,29,2520,0,2,3,0,Glen Johnson,1984-08-23,Defender,Right-Back,182.0,both,2013-09-01,29.0,12000000.0
3881,2014,19,1326,1,0,2,0,Glen Johnson,1984-08-23,Defender,Right-Back,182.0,both,2014-09-01,30.0,7000000.0
3881,2015,25,2186,0,3,1,0,Glen Johnson,1984-08-23,Defender,Right-Back,182.0,both,2015-09-01,31.0,7000000.0
3881,2016,23,1955,0,0,1,0,Glen Johnson,1984-08-23,Defender,Right-Back,182.0,both,2016-09-01,32.0,5000000.0
3950,2012,35,2987,10,2,6,0,Kevin Nolan,1982-06-24,Midfield,Attacking Midfield,183.0,right,2012-09-01,30.0,6000000.0
3950,2013,33,2694,7,7,7,2,Kevin Nolan,1982-06-24,Midfield,Attacking Midfield,183.0,right,2013-09-01,31.0,5000000.0
3950,2014,29,1745,1,1,2,0,Kevin Nolan,1982-06-24,Midfield,Attacking Midfield,183.0,right,2014-09-01,32.0,4000000.0
3966,2012,18,1109,3,1,0,0,Djibril Cissé,1981-08-12,Attack,Centre-Forward,182.0,right,2012-09-01,31.0,2500000.0
3995,2012,24,1441,1,3,2,0,Gary O'Neil,1983-05-18,Midfield,Central Midfield,174.0,right,2012-09-01,29.0,2500000.0
3995,2015,27,1750,0,0,7,1,Gary O'Neil,1983-05-18,Midfield,Central Midfield,174.0,right,2015-09-01,32.0,1000000.0
4055,2016,21,1770,1,2,7,0,Dean Marney,1984-01-31,Midfield,Central Midfield,183.0,right,2016-09-01,32.0,1000000.0
4063,2012,29,2195,3,5,0,0,Stewart Downing,1984-07-22,Attack,Left Winger,180.0,left,2012-09-01,28.0,8500000.0
4063,2013,32,2510,1,2,0,0,Stewart Downing,1984-07-22,Attack,Left Winger,180.0,left,2013-09-01,29.0,5000000.0
4063,2014,37,3314,6,8,3,0,Stewart Downing,1984-07-22,Attack,Left Winger,180.0,left,2014-09-01,30.0,6000000.0
4063,2016,30,2212,1,3,1,0,Stewart Downing,1984-07-22,Attack,Left Winger,180.0,left,2016-09-01,32.0,3500000.0
4070,2012,30,2484,0,2,6,0,Liam Ridgewell,1984-07-21,Defender,Centre-Back,188.0,both,2012-09-01,28.0,2500000.0
4070,2013,33,2869,1,2,6,0,Liam Ridgewell,1984-07-21,Defender,Centre-Back,188.0,both,2013-09-01,29.0,3000000.0
4072,2012,34,2333,7,6,2,0,Peter Crouch,1981-01-30,Attack,Centre-Forward,201.0,right,2012-09-01,31.0,5000000.0
4072,2013,34,2643,7,6,7,0,Peter Crouch,1981-01-30,Attack,Centre-Forward,201.0,right,2013-09-01,32.0,2500000.0
4072,2014,33,1676,8,2,4,0,Peter Crouch,1981-01-30,Attack,Centre-Forward,201.0,right,2014-09-01,33.0,2000000.0
4072,2016,27,1335,7,3,3,0,Peter Crouch,1981-01-30,Attack,Centre-Forward,201.0,right,2016-09-01,35.0,1500000.0
4072,2017,31,1555,5,2,4,0,Peter Crouch,1981-01-30,Attack,Centre-Forward,201.0,right,2017-09-01,36.0,1000000.0
4111,2012,12,939,0,0,0,0,Garry Monk,1979-03-06,Defender,Centre-Back,183.0,right,2012-09-01,33.0,500000.0
4115,2012,19,1316,2,0,5,0,Chris Baird,1982-02-25,Midfield,Defensive Midfield,185.0,right,2012-09-01,30.0,2000000.0
4205,2012,21,1311,4,2,1,1,Bobby Zamora,1981-01-16,Attack,Centre-Forward,184.0,left,2012-09-01,31.0,3500000.0
4205,2014,31,1781,3,4,4,0,Bobby Zamora,1981-01-16,Attack,Centre-Forward,184.0,left,2014-09-01,33.0,1000000.0
4241,2012,26,1569,1,0,3,0,Joleon Lescott,1982-08-16,Defender,Centre-Back,191.0,left,2012-09-01,30.0,11500000.0
4241,2014,34,3060,1,2,3,0,Joleon Lescott,1982-08-16,Defender,Centre-Back,191.0,left,2014-09-01,32.0,4000000.0
4241,2015,32,2810,2,0,2,0,Joleon Lescott,1982-08-16,Defender,Centre-Back,191.0,left,2015-09-01,33.0,2000000.0
4257,2013,21,1306,9,5,1,0,Samuel Eto'o,1981-03-10,Attack,Centre-Forward,180.0,both,2013-09-01,32.0,9000000.0
4276,2012,34,2407,11,12,3,0,Carlos Tevez,1984-02-05,Attack,Second Striker,171.0,right,2012-09-01,28.0,27000000.0
4277,2012,21,1681,0,0,6,0,Philippe Senderos,1985-02-14,Defender,Centre-Back,189.0,right,2012-09-01,27.0,2000000.0
4277,2013,12,1027,1,1,3,0,Philippe Senderos,1985-02-14,Defender,Centre-Back,189.0,right,2013-09-01,28.0,2500000.0
4315,2012,26,1603,0,0,5,0,Johnny Heitinga,1983-11-15,Defender,Centre-Back,180.0,right,2012-09-01,28.0,7000000.0
4315,2013,15,1250,1,1,3,0,Johnny Heitinga,1983-11-15,Defender,Centre-Back,180.0,right,2013-09-01,29.0,3500000.0
4321,2012,35,3064,6,8,9,0,Steven Pienaar,1982-03-17,Midfield,Left Midfield,170.0,both,2012-09-01,30.0,5500000.0
4321,2013,23,1632,1,3,2,0,Steven Pienaar,1982-03-17,Midfield,Left Midfield,170.0,both,2013-09-01,31.0,4000000.0
4380,2012,38,3124,26,15,6,0,Robin van Persie,1983-08-06,Attack,Centre-Forward,183.0,left,2012-09-01,29.0,45000000.0
4380,2013,21,1583,12,3,2,0,Robin van Persie,1983-08-06,Attack,Centre-Forward,183.0,left,2013-09-01,30.0,40000000.0
4380,2014,27,2114,10,2,5,0,Robin van Persie,1983-08-06,Attack,Centre-Forward,183.0,left,2014-09-01,31.0,25000000.0
4383,2013,29,1486,1,4,3,0,Johan Elmander,1981-05-27,Attack,Centre-Forward,188.0,right,2013-09-01,32.0,2500000.0
4592,2012,20,1343,0,3,1,0,Ji-sung Park,1981-02-25,Midfield,Attacking Midfield,178.0,both,2012-09-01,31.0,3500000.0
4624,2012,25,2032,0,0,5,0,Jos Hooiveld,1983-04-22,Defender,Centre-Back,193.0,left,2012-09-01,29.0,1750000.0
5285,2012,34,3060,4,6,3,0,Patrice Evra,1981-05-15,Defender,Left-Back,174.0,left,2012-09-01,31.0,13000000.0
5285,2013,33,2884,1,5,2,0,Patrice Evra,1981-05-15,Defender,Left-Back,174.0,left,2013-09-01,32.0,7500000.0
5668,2014,16,1328,0,1,0,0,Anthony Réveillère,1979-11-10,Defender,Right-Back,180.0,right,2014-09-01,34.0,500000.0
6106,2012,25,1552,1,0,3,0,Georgios Karagounis,1977-03-06,Midfield,Central Midfield,176.0,right,2012-09-01,35.0,1000000.0
6150,2012,22,1918,0,1,1,1,Fabricio Coloccini,1982-01-22,Defender,Centre-Back,184.0,right,2012-09-01,30.0,8000000.0
6150,2013,27,2405,0,0,2,0,Fabricio Coloccini,1982-01-22,Defender,Centre-Back,184.0,right,2013-09-01,31.0,4500000.0
6150,2014,32,2837,1,0,3,1,Fabricio Coloccini,1982-01-22,Defender,Centre-Back,184.0,right,2014-09-01,32.0,2500000.0
6150,2015,26,2293,1,0,1,1,Fabricio Coloccini,1982-01-22,Defender,Centre-Back,184.0,right,2015-09-01,33.0,2000000.0
6636,2015,32,2710,0,4,4,0,Christian Fuchs,1986-04-07,Defender,Left-Back,187.0,left,2015-09-01,29.0,6000000.0
6636,2016,36,3103,2,4,10,0,Christian Fuchs,1986-04-07,Defender,Left-Back,187.0,left,2016-09-01,30.0,6000000.0
6636,2017,25,1917,0,1,1,0,Christian Fuchs,1986-04-07,Defender,Left-Back,187.0,left,2017-09-01,31.0,5000000.0
6710,2012,34,3028,3,0,3,1,Per Mertesacker,1984-09-29,Defender,Centre-Back,200.0,right,2012-09-01,27.0,16000000.0
6710,2013,35,3150,2,1,3,0,Per Mertesacker,1984-09-29,Defender,Centre-Back,200.0,right,2013-09-01,28.0,18000000.0
6710,2014,35,3150,0,1,2,0,Per Mertesacker,1984-09-29,Defender,Centre-Back,200.0,right,2014-09-01,29.0,19000000.0
6710,2015,24,2049,0,0,1,1,Per Mertesacker,1984-09-29,Defender,Centre-Back,200.0,right,2015-09-01,30.0,13000000.0
7330,2012,11,907,0,0,4,0,Steven Reid,1981-03-10,Defender,Right-Back,185.0,right,2012-09-01,31.0,1000000.0
7330,2013,16,1308,0,1,3,0,Steven Reid,1981-03-10,Defender,Right-Back,185.0,right,2013-09-01,32.0,1000000.0
7449,2012,28,2310,0,3,3,0,Gaël Clichy,1985-07-26,Defender,Left-Back,176.0,left,2012-09-01,27.0,15000000.0
7449,2013,20,1660,0,0,1,0,Gaël Clichy,1985-07-26,Defender,Left-Back,176.0,left,2013-09-01,28.0,13000000.0
7449,2014,23,2058,1,3,1,0,Gaël Clichy,1985-07-26,Defender,Left-Back,176.0,left,2014-09-01,29.0,10000000.0
7449,2015,14,1088,0,1,0,0,Gaël Clichy,1985-07-26,Defender,Left-Back,176.0,left,2015-09-01,30.0,9000000.0
7449,2016,25,2125,1,0,2,0,Gaël Clichy,1985-07-26,Defender,Left-Back,176.0,left,2016-09-01,31.0,7000000.0
7451,2012,34,2985,6,4,6,0,Mikel Arteta,1982-03-26,Midfield,Central Midfield,177.0,right,2012-09-01,30.0,11000000.0
7451,2013,31,2407,2,0,3,1,Mikel Arteta,1982-03-26,Midfield,Central Midfield,177.0,right,2013-09-01,31.0,8000000.0
7520,2014,31,2423,5,1,1,0,Esteban Cambiasso,1980-08-18,Midfield,Defensive Midfield,177.0,left,2014-09-01,34.0,2000000.0
7767,2012,36,2571,8,9,6,0,Fernando Torres,1984-03-20,Attack,Centre-Forward,186.0,right,2012-09-01,28.0,28000000.0
7767,2013,28,1571,5,5,6,0,Fernando Torres,1984-03-20,Attack,Centre-Forward,186.0,right,2013-09-01,29.0,19000000.0
8198,2021,30,2459,18,3,8,0,Cristiano Ronaldo,1985-02-05,Attack,Centre-Forward,185.0,right,2021-09-01,36.0,30000000.0
8552,2012,34,2931,11,5,0,0,Arouna Koné,1983-11-11,Attack,Centre-Forward,181.0,right,2012-09-01,28.0,5000000.0
8552,2015,25,1459,5,3,1,0,Arouna Koné,1983-11-11,Attack,Centre-Forward,181.0,right,2015-09-01,31.0,2500000.0
8806,2014,34,2890,3,19,11,1,Cesc Fàbregas,1987-05-04,Midfield,Central Midfield,179.0,right,2014-09-01,27.0,50000000.0
8806,2015,37,2897,5,7,5,0,Cesc Fàbregas,1987-05-04,Midfield,Central Midfield,179.0,right,2015-09-01,28.0,45000000.0
8806,2016,29,1328,5,12,8,0,Cesc Fàbregas,1987-05-04,Midfield,Central Midfield,179.0,right,2016-09-01,29.0,35000000.0
8806,2017,32,2310,2,4,6,0,Cesc Fàbregas,1987-05-04,Midfield,Central Midfield,179.0,right,2017-09-01,30.0,30000000.0
8883,2012,25,1598,5,2,3,1,Emmanuel Adebayor,1984-02-26,Attack,Centre-Forward,192.0,right,2012-09-01,28.0,13000000.0
8883,2013,21,1809,11,5,0,0,Emmanuel Adebayor,1984-02-26,Attack,Centre-Forward,192.0,right,2013-09-01,29.0,8000000.0
9218,2012,28,1372,1,5,2,0,Matthew Taylor,1981-11-27,Midfield,Left Midfield,177.0,left,2012-09-01,30.0,3000000.0
9218,2013,20,1412,0,0,3,0,Matthew Taylor,1981-11-27,Midfield,Left Midfield,177.0,left,2013-09-01,31.0,1500000.0
9413,2012,24,1608,3,4,3,0,Ricardo Vaz Tê,1986-10-01,Attack,Right Winger,188.0,right,2012-09-01,25.0,3000000.0
9508,2012,36,2946,6,9,6,0,Shaun Maloney,1983-01-24,Midfield,Attacking Midfield,171.0,right,2012-09-01,29.0,3000000.0
9594,2012,26,2239,1,0,3,1,Vincent Kompany,1986-04-10,Defender,Centre-Back,190.0,right,2012-09-01,26.0,35000000.0
9594,2013,28,2365,4,1,6,1,Vincent Kompany,1986-04-10,Defender,Centre-Back,190.0,right,2013-09-01,27.0,35000000.0
9594,2014,25,2033,0,0,7,0,Vincent Kompany,1986-04-10,Defender,Centre-Back,190.0,right,2014-09-01,28.0,33000000.0
9594,2015,14,1179,2,0,5,0,Vincent Kompany,1986-04-10,Defender,Centre-Back,190.0,right,2015-09-01,29.0,30000000.0
9594,2017,17,1396,1,1,6,0,Vincent Kompany,1986-04-10,Defender,Centre-Back,190.0,right,2017-09-01,31.0,10000000.0
9594,2018,17,1223,1,0,6,0,Vincent Kompany,1986-04-10,Defender,Centre-Back,190.0,right,2018-09-01,32.0,8000000.0
9619,2014,30,2416,1,0,8,0,Alan Hutton,1984-11-30,Defender,Right-Back,185.0,right,2014-09-01,29.0,2000000.0
9619,2015,28,2330,0,1,8,0,Alan Hutton,1984-11-30,Defender,Right-Back,185.0,right,2015-09-01,30.0,2000000.0
9813,2012,23,1828,0,1,2,0,Bosingwa,1982-08-24,Defender,Right-Back,183.0,right,2012-09-01,30.0,3000000.0
9966,2015,32,1982,2,0,4,0,Almen Abdi,1986-10-21,Midfield,Central Midfield,181.0,right,2015-09-01,28.0,3500000.0
9988,2012,27,2011,1,1,4,0,Michael Dawson,1983-11-18,Defender,Centre-Back,189.0,right,2012-09-01,28.0,9000000.0
9988,2013,32,2838,0,0,7,0,Michael Dawson,1983-11-18,Defender,Centre-Back,189.0,right,2013-09-01,29.0,8000000.0
9988,2014,28,2434,1,0,7,0,Michael Dawson,1983-11-18,Defender,Centre-Back,189.0,right,2014-09-01,30.0,4000000.0
9988,2016,22,1721,3,0,4,0,Michael Dawson,1983-11-18,Defender,Centre-Back,189.0,right,2016-09-01,32.0,2500000.0
10003,2014,37,3263,2,2,1,1,Wes Morgan,1984-01-21,Defender,Centre-Back,185.0,right,2014-09-01,30.0,2000000.0
10003,2015,38,3420,2,0,3,0,Wes Morgan,1984-01-21,Defender,Centre-Back,185.0,right,2015-09-01,31.0,2500000.0
10003,2016,27,2430,1,1,3,0,Wes Morgan,1984-01-21,Defender,Centre-Back,185.0,right,2016-09-01,32.0,3000000.0
10003,2017,32,2818,0,0,4,0,Wes Morgan,1984-01-21,Defender,Centre-Back,185.0,right,2017-09-01,33.0,3000000.0
10003,2018,22,1926,3,0,5,0,Wes Morgan,1984-01-21,Defender,Centre-Back,185.0,right,2018-09-01,34.0,2000000.0
10642,2012,19,1710,0,0,8,0,Mike Williamson,1983-11-08,Defender,Centre-Back,194.0,right,2012-09-01,28.0,4000000.0
10642,2013,33,2912,0,0,0,0,Mike Williamson,1983-11-08,Defender,Centre-Back,194.0,right,2013-09-01,29.0,3500000.0
10642,2014,31,2416,1,1,9,0,Mike Williamson,1983-11-08,Defender,Centre-Back,194.0,right,2014-09-01,30.0,2500000.0
11111,2015,28,2191,4,1,4,1,Ramiro Funes Mori,1991-03-05,Defender,Centre-Back,187.0,left,2015-09-01,24.0,10000000.0
11111,2016,23,1539,0,1,0,0,Ramiro Funes Mori,1991-03-05,Defender,Centre-Back,187.0,left,2016-09-01,25.0,12000000.0
12124,2012,32,2591,0,4,4,0,Glenn Whelan,1984-01-13,Midfield,Defensive Midfield,180.0,right,2012-09-01,28.0,5000000.0
12124,2013,32,2361,0,1,6,0,Glenn Whelan,1984-01-13,Midfield,Defensive Midfield,180.0,right,2013-09-01,29.0,3500000.0
12124,2014,28,2264,0,0,6,0,Glenn Whelan,1984-01-13,Midfield,Defensive Midfield,180.0,right,2014-09-01,30.0,2000000.0
12124,2015,37,3173,0,1,6,0,Glenn Whelan,1984-01-13,Midfield,Defensive Midfield,180.0,right,2015-09-01,31.0,3000000.0
12124,2016,30,2278,0,1,5,0,Glenn Whelan,1984-01-13,Midfield,Defensive Midfield,180.0,right,2016-09-01,32.0,2500000.0
12125,2012,18,1530,0,0,2,0,Stephen Kelly,1983-09-06,Defender,Right-Back,184.0,right,2012-09-01,28.0,1500000.0
12127,2012,26,2224,3,0,6,0,Michael Turner,1983-11-09,Defender,Centre-Back,193.0,right,2012-09-01,28.0,3000000.0
12127,2013,22,1944,0,0,7,0,Michael Turner,1983-11-09,Defender,Centre-Back,193.0,right,2013-09-01,29.0,3000000.0
12282,2014,25,2172,2,3,4,0,Daley Blind,1990-03-09,Defender,Centre-Back,180.0,left,2014-09-01,24.0,15000000.0
12282,2015,35,3116,1,1,2,0,Daley Blind,1990-03-09,Defender,Centre-Back,180.0,left,2015-09-01,25.0,19000000.0
12282,2016,23,1829,1,2,2,0,Daley Blind,1990-03-09,Defender,Centre-Back,180.0,left,2016-09-01,26.0,22000000.0
12384,2012,27,1901,0,2,4,0,Alexander Tettey,1986-04-04,Midfield,Defensive Midfield,181.0,right,2012-09-01,26.0,3500000.0
12384,2013,21,1488,1,0,7,0,Alexander Tettey,1986-04-04,Midfield,Defensive Midfield,181.0,right,2013-09-01,27.0,3500000.0
12384,2015,23,1952,2,0,10,0,Alexander Tettey,1986-04-04,Midfield,Defensive Midfield,181.0,right,2015-09-01,29.0,3500000.0
12384,2019,30,2352,1,1,5,0,Alexander Tettey,1986-04-04,Midfield,Defensive Midfield,181.0,right,2019-09-01,33.0,1600000.0
12516,2012,25,1274,5,3,1,1,Peter Odemwingie,1981-07-15,Attack,Right Winger,181.0,right,2012-09-01,31.0,5000000.0
12516,2013,30,2091,7,3,4,0,Peter Odemwingie,1981-07-15,Attack,Right Winger,181.0,right,2013-09-01,32.0,2500000.0
12628,2012,24,954,2,1,4,0,Noel Hunt,1982-12-26,Attack,Centre-Forward,173.0,left,2012-09-01,29.0,1000000.0
12691,2012,29,2494,0,2,9,0,James Collins,1983-08-23,Defender,Centre-Back,188.0,right,2012-09-01,29.0,3500000.0
12691,2013,24,1899,1,0,6,0,James Collins,1983-08-23,Defender,Centre-Back,188.0,right,2013-09-01,30.0,3000000.0
12691,2014,27,1878,0,0,8,0,James Collins,1983-08-23,Defender,Centre-Back,188.0,right,2014-09-01,31.0,2000000.0
12691,2015,19,1440,0,0,3,1,James Collins,1983-08-23,Defender,Centre-Back,188.0,right,2015-09-01,32.0,2000000.0
12691,2016,22,1654,2,0,3,0,James Collins,1983-08-23,Defender,Centre-Back,188.0,right,2016-09-01,33.0,2000000.0
12691,2017,13,1050,1,0,3,0,James Collins,1983-08-23,Defender,Centre-Back,188.0,right,2017-09-01,34.0,1000000.0
12704,2012,13,1047,1,0,0,0,Steven Whittaker,1984-06-16,Defender,Right-Back,185.0,right,2012-09-01,28.0,2000000.0
12704,2013,20,1422,1,1,3,0,Steven Whittaker,1984-06-16,Defender,Right-Back,185.0,right,2013-09-01,29.0,2000000.0
12709,2013,23,1974,1,0,0,0,Danny Gabbidon,1979-08-08,Defender,Centre-Back,178.0,right,2013-09-01,34.0,500000.0
12763,2012,31,1281,4,1,0,0,Steven Naismith,1986-09-14,Attack,Second Striker,178.0,right,2012-09-01,25.0,5000000.0
12763,2013,31,1412,5,3,1,0,Steven Naismith,1986-09-14,Attack,Second Striker,178.0,right,2013-09-01,26.0,3500000.0
12763,2014,31,2056,7,1,8,0,Steven Naismith,1986-09-14,Attack,Second Striker,178.0,right,2014-09-01,27.0,5000000.0
12763,2015,23,1331,4,2,3,0,Steven Naismith,1986-09-14,Attack,Second Striker,178.0,right,2015-09-01,28.0,6000000.0
13091,2012,32,2829,6,6,6,0,Yaya Touré,1983-05-13,Midfield,Central Midfield,188.0,right,2012-09-01,29.0,36000000.0
13091,2013,35,2927,20,9,4,0,Yaya Touré,1983-05-13,Midfield,Central Midfield,188.0,right,2013-09-01,30.0,30000000.0
13091,2014,29,2355,10,1,5,0,Yaya Touré,1983-05-13,Midfield,Central Midfield,188.0,right,2014-09-01,31.0,28000000.0
13091,2015,32,2332,6,5,3,0,Yaya Touré,1983-05-13,Midfield,Central Midfield,188.0,right,2015-09-01,32.0,20000000.0
13091,2016,25,1948,5,0,4,0,Yaya Touré,1983-05-13,Midfield,Central Midfield,188.0,right,2016-09-01,33.0,8000000.0
13239,2013,24,1241,3,2,0,0,Darren Bent,1984-02-06,Attack,Centre-Forward,180.0,right,2013-09-01,29.0,5000000.0
13412,2012,34,2572,8,4,8,0,Grant Holt,1981-04-12,Attack,Centre-Forward,183.0,right,2012-09-01,31.0,4000000.0
13426,2012,17,1444,0,4,0,0,Nicky Shorey,1981-02-19,Defender,Left-Back,175.0,left,2012-09-01,31.0,2000000.0
13427,2012,28,2104,4,2,7,2,Steve Sidwell,1982-12-14,Midfield,Central Midfield,183.0,right,2012-09-01,29.0,2500000.0
13427,2013,38,3232,7,2,5,0,Steve Sidwell,1982-12-14,Midfield,Central Midfield,183.0,right,2013-09-01,30.0,2500000.0
13465,2012,20,1032,0,4,3,1,Tom Huddlestone,1986-12-28,Midfield,Defensive Midfield,188.0,right,2012-09-01,25.0,5500000.0
13465,2013,36,3145,2,5,6,0,Tom Huddlestone,1986-12-28,Midfield,Defensive Midfield,188.0,right,2013-09-01,26.0,6000000.0
13465,2014,31,2545,0,2,8,1,Tom Huddlestone,1986-12-28,Midfield,Defensive Midfield,188.0,right,2014-09-01,27.0,6000000.0
13465,2016,31,2024,1,1,5,1,Tom Huddlestone,1986-12-28,Midfield,Defensive Midfield,188.0,right,2016-09-01,29.0,5000000.0
13507,2012,38,3420,5,7,4,0,Leighton Baines,1984-12-11,Defender,Left-Back,170.0,left,2012-09-01,27.0,22000000.0
13507,2013,32,2840,5,4,6,0,Leighton Baines,1984-12-11,Defender,Left-Back,170.0,left,2013-09-01,28.0,20000000.0
13507,2014,31,2774,2,9,3,0,Leighton Baines,1984-12-11,Defender,Left-Back,170.0,left,2014-09-01,29.0,18000000.0
13507,2015,18,1477,2,2,0,0,Leighton Baines,1984-12-11,Defender,Left-Back,170.0,left,2015-09-01,30.0,17000000.0
13507,2016,32,2821,2,4,4,0,Leighton Baines,1984-12-11,Defender,Left-Back,170.0,left,2016-09-01,31.0,12000000.0
13507,2017,22,1911,2,3,1,0,Leighton Baines,1984-12-11,Defender,Left-Back,170.0,left,2017-09-01,32.0,8000000.0
13520,2012,36,3155,2,2,1,0,Phil Jagielka,1982-08-17,Defender,Centre-Back,180.0,right,2012-09-01,30.0,11000000.0
13520,2013,26,2316,0,1,2,0,Phil Jagielka,1982-08-17,Defender,Centre-Back,180.0,right,2013-09-01,31.0,7500000.0
13520,2014,37,3285,4,0,1,0,Phil Jagielka,1982-08-17,Defender,Centre-Back,180.0,right,2014-09-01,32.0,4500000.0
13520,2015,21,1852,0,0,0,0,Phil Jagielka,1982-08-17,Defender,Centre-Back,180.0,right,2015-09-01,33.0,4500000.0
13520,2016,27,2251,3,1,6,0,Phil Jagielka,1982-08-17,Defender,Centre-Back,180.0,right,2016-09-01,34.0,2000000.0
13520,2017,25,2065,0,0,2,0,Phil Jagielka,1982-08-17,Defender,Centre-Back,180.0,right,2017-09-01,35.0,1500000.0
13573,2015,38,3387,0,4,5,1,Simon Francis,1985-02-16,Defender,Right-Back,191.0,right,2015-09-01,30.0,2000000.0
13573,2016,34,2940,0,1,4,1,Simon Francis,1985-02-16,Defender,Right-Back,191.0,right,2016-09-01,31.0,2500000.0
13573,2017,32,2707,0,1,10,0,Simon Francis,1985-02-16,Defender,Right-Back,191.0,right,2017-09-01,32.0,2500000.0
13573,2018,17,1227,0,2,1,0,Simon Francis,1985-02-16,Defender,Right-Back,191.0,right,2018-09-01,33.0,2000000.0
13573,2019,15,965,0,0,5,0,Simon Francis,1985-02-16,Defender,Right-Back,191.0,right,2019-09-01,34.0,800000.0
13582,2014,33,2504,0,0,8,0,Karl Henry,1982-11-26,Midfield,Defensive Midfield,184.0,right,2014-09-01,31.0,1500000.0
13583,2012,31,2629,0,1,8,0,Clint Hill,1978-10-19,Defender,Centre-Back,183.0,left,2012-09-01,33.0,750000.0
13583,2014,19,1407,1,0,4,0,Clint Hill,1978-10-19,Defender,Centre-Back,183.0,left,2014-09-01,35.0,500000.0
13616,2012,24,1730,0,0,5,0,Andy Wilkinson,1984-08-06,Defender,Right-Back,180.0,right,2012-09-01,28.0,3500000.0
13683,2012,26,1393,1,0,11,0,Dean Whitehead,1982-01-12,Midfield,Central Midfield,183.0,right,2012-09-01,30.0,2500000.0
13979,2012,21,1195,0,4,3,0,Ashkan Dejagah,1986-07-05,Attack,Right Winger,181.0,right,2012-09-01,26.0,3500000.0
13979,2013,22,1303,5,2,5,0,Ashkan Dejagah,1986-07-05,Attack,Right Winger,181.0,right,2013-09-01,27.0,3000000.0
14007,2012,18,1080,0,0,3,0,Shaun Derry,1977-12-06,Midfield,Defensive Midfield,177.0,right,2012-09-01,34.0,500000.0
14041,2012,30,2646,1,0,3,0,Mikele Leigertwood,1982-11-12,Midfield,Defensive Midfield,188.0,both,2012-09-01,29.0,1250000.0
14047,2012,38,3274,0,9,5,0,Jobi McAnuff,1981-11-09,Attack,Left Winger,180.0,right,2012-09-01,30.0,1500000.0
14066,2012,36,2524,5,7,0,0,Wayne Routledge,1985-01-07,Attack,Left Winger,170.0,right,2012-09-01,27.0,4500000.0
14066,2013,35,2707,2,4,2,0,Wayne Routledge,1985-01-07,Attack,Left Winger,170.0,right,2013-09-01,28.0,4500000.0
14066,2014,29,2318,3,1,1,1,Wayne Routledge,1985-01-07,Attack,Left Winger,170.0,right,2014-09-01,29.0,3000000.0
14066,2015,28,1680,2,1,3,0,Wayne Routledge,1985-01-07,Attack,Left Winger,170.0,right,2015-09-01,30.0,3000000.0
14066,2016,27,1928,3,1,1,0,Wayne Routledge,1985-01-07,Attack,Left Winger,170.0,right,2016-09-01,31.0,2500000.0
14081,2015,35,2815,1,2,5,0,Ben Watson,1985-07-09,Midfield,Central Midfield,178.0,right,2015-09-01,30.0,1500000.0
14086,2012,19,1372,0,5,1,0,Ashley Young,1985-07-09,Defender,Right-Back,175.0,both,2012-09-01,27.0,25000000.0
14086,2013,20,1031,2,4,4,0,Ashley Young,1985-07-09,Defender,Right-Back,175.0,both,2013-09-01,28.0,14000000.0
14086,2014,26,2068,2,5,5,0,Ashley Young,1985-07-09,Defender,Right-Back,175.0,both,2014-09-01,29.0,9000000.0
14086,2015,18,1063,1,3,5,0,Ashley Young,1985-07-09,Defender,Right-Back,175.0,both,2015-09-01,30.0,10000000.0
14086,2017,30,2448,2,5,7,0,Ashley Young,1985-07-09,Defender,Right-Back,175.0,both,2017-09-01,32.0,7000000.0
14086,2018,30,2569,2,2,10,0,Ashley Young,1985-07-09,Defender,Right-Back,175.0,both,2018-09-01,33.0,5000000.0
14086,2019,12,953,0,0,5,0,Ashley Young,1985-07-09,Defender,Right-Back,175.0,both,2019-09-01,34.0,3200000.0
14086,2021,24,1238,0,2,2,0,Ashley Young,1985-07-09,Defender,Right-Back,175.0,both,2021-09-01,36.0,1000000.0
14086,2022,29,2038,1,0,7,0,Ashley Young,1985-07-09,Defender,Right-Back,175.0,both,2022-09-01,37.0,600000.0
14086,2023,31,2290,0,0,7,0,Ashley Young,1985-07-09,Defender,Right-Back,175.0,both,2023-09-01,38.0,500000.0
14086,2024,32,1870,1,3,7,1,Ashley Young,1985-07-09,Defender,Right-Back,175.0,both,2024-09-01,39.0,500000.0
14221,2012,34,2837,4,8,1,0,Aaron Lennon,1987-04-16,Attack,Right Winger,165.0,right,2012-09-01,25.0,16000000.0
14221,2013,27,2187,1,5,1,0,Aaron Lennon,1987-04-16,Attack,Right Winger,165.0,right,2013-09-01,26.0,15000000.0
14221,2014,23,1347,2,3,3,0,Aaron Lennon,1987-04-16,Attack,Right Winger,165.0,right,2014-09-01,27.0,9000000.0
14221,2015,25,1540,5,1,1,0,Aaron Lennon,1987-04-16,Attack,Right Winger,165.0,right,2015-09-01,28.0,6000000.0
14221,2017,29,1917,0,4,2,0,Aaron Lennon,1987-04-16,Attack,Right Winger,165.0,right,2017-09-01,30.0,5000000.0
14221,2018,16,1216,1,1,1,0,Aaron Lennon,1987-04-16,Attack,Right Winger,165.0,right,2018-09-01,31.0,5000000.0
14221,2021,28,1549,2,0,2,0,Aaron Lennon,1987-04-16,Attack,Right Winger,165.0,right,2021-09-01,34.0,1000000.0
14746,2013,18,964,0,2,1,0,Don Cowie,1983-02-15,Midfield,Right Midfield,176.0,right,2013-09-01,30.0,1000000.0
14940,2013,15,1132,0,0,1,0,Razvan Rat,1981-05-26,Defender,Left-Back,179.0,left,2013-09-01,32.0,1500000.0
15074,2012,29,2030,5,0,4,1,Pavel Pogrebnyak,1983-11-08,Attack,Centre-Forward,188.0,left,2012-09-01,28.0,4500000.0
15166,2013,29,1986,1,4,5,0,Liam Rosenior,1984-07-09,Defender,Right-Back,178.0,right,2013-09-01,29.0,1500000.0
15185,2012,33,1998,11,10,1,0,Lukas Podolski,1985-06-04,Attack,Centre-Forward,183.0,left,2012-09-01,27.0,23000000.0
15185,2013,20,1172,8,4,0,0,Lukas Podolski,1985-06-04,Attack,Centre-Forward,183.0,left,2013-09-01,28.0,23000000.0
15760,2015,31,2106,2,3,3,1,Ibrahim Afellay,1986-04-02,Midfield,Attacking Midfield,181.0,right,2015-09-01,29.0,5000000.0
15773,2012,18,984,1,0,5,0,Phil Bardsley,1985-06-28,Defender,Right-Back,180.0,right,2012-09-01,27.0,4000000.0
15773,2013,26,2246,2,1,9,0,Phil Bardsley,1985-06-28,Defender,Right-Back,180.0,right,2013-09-01,28.0,3000000.0
15773,2014,25,2082,0,1,6,0,Phil Bardsley,1985-06-28,Defender,Right-Back,180.0,right,2014-09-01,29.0,2500000.0
15773,2016,15,1171,0,0,6,0,Phil Bardsley,1985-06-28,Defender,Right-Back,180.0,right,2016-09-01,31.0,1500000.0
15773,2017,13,1125,0,0,5,0,Phil Bardsley,1985-06-28,Defender,Right-Back,180.0,right,2017-09-01,32.0,1500000.0
15773,2018,19,1672,0,0,9,0,Phil Bardsley,1985-06-28,Defender,Right-Back,180.0,right,2018-09-01,33.0,1500000.0
15773,2019,21,1890,0,1,6,0,Phil Bardsley,1985-06-28,Defender,Right-Back,180.0,right,2019-09-01,34.0,800000.0
15799,2012,38,3307,12,12,1,0,Santi Cazorla,1984-12-13,Midfield,Central Midfield,168.0,both,2012-09-01,27.0,25000000.0
15799,2013,31,2597,4,8,2,0,Santi Cazorla,1984-12-13,Midfield,Central Midfield,168.0,both,2013-09-01,28.0,30000000.0
15799,2014,37,2992,7,11,5,0,Santi Cazorla,1984-12-13,Midfield,Central Midfield,168.0,both,2014-09-01,29.0,26000000.0
15799,2015,15,1292,0,3,4,0,Santi Cazorla,1984-12-13,Midfield,Central Midfield,168.0,both,2015-09-01,30.0,24000000.0
15904,2012,29,2237,0,0,3,0,Thomas Vermaelen,1985-11-14,Defender,Centre-Back,183.0,left,2012-09-01,26.0,18000000.0
15929,2012,29,1704,2,0,2,0,Jamie Mackie,1985-09-22,Attack,Centre-Forward,182.0,right,2012-09-01,26.0,3500000.0
15956,2013,30,1775,4,7,0,0,Jesús Navas,1985-11-21,Midfield,Right Midfield,170.0,right,2013-09-01,27.0,20000000.0
15956,2014,35,2248,0,9,3,0,Jesús Navas,1985-11-21,Midfield,Right Midfield,170.0,right,2014-09-01,28.0,20000000.0
15956,2015,34,2279,0,7,1,0,Jesús Navas,1985-11-21,Midfield,Right Midfield,170.0,right,2015-09-01,29.0,20000000.0
15956,2016,24,1057,0,2,2,0,Jesús Navas,1985-11-21,Midfield,Right Midfield,170.0,right,2016-09-01,30.0,12000000.0
16135,2018,16,1260,5,4,3,0,Ryan Babel,1986-12-19,Attack,Left Winger,185.0,right,2018-09-01,31.0,5000000.0
16306,2022,28,2127,4,3,7,2,Casemiro,1992-02-23,Midfield,Defensive Midfield,185.0,right,2022-09-01,30.0,40000000.0
16306,2023,25,1985,1,2,7,0,Casemiro,1992-02-23,Midfield,Defensive Midfield,185.0,right,2023-09-01,31.0,20000000.0
16306,2024,24,1498,1,0,5,0,Casemiro,1992-02-23,Midfield,Defensive Midfield,185.0,right,2024-09-01,32.0,10000000.0
16306,2025,34,2589,9,2,9,0,Casemiro,1992-02-23,Midfield,Defensive Midfield,185.0,right,2025-09-01,33.0,6000000.0
16576,2012,26,2258,1,1,5,0,Carlos Cuéllar,1981-08-23,Defender,Centre-Back,190.0,right,2012-09-01,31.0,3000000.0
16716,2012,21,1618,1,1,4,0,Danny Guthrie,1987-04-18,Midfield,Central Midfield,176.0,right,2012-09-01,25.0,3000000.0
16746,2014,22,1114,2,1,2,0,Niko Kranjcar,1984-08-13,Midfield,Attacking Midfield,186.0,both,2014-09-01,30.0,2500000.0
16947,2014,25,1989,1,2,6,0,Marcin Wasilewski,1980-06-09,Defender,Centre-Back,186.0,right,2014-09-01,34.0,500000.0
17273,2012,25,2137,0,0,2,0,Steven Taylor,1986-01-23,Defender,Centre-Back,186.0,right,2012-09-01,26.0,5000000.0
17396,2013,27,1606,2,0,8,1,Mathieu Flamini,1984-03-07,Midfield,Defensive Midfield,178.0,right,2013-09-01,29.0,9000000.0
17396,2014,23,1456,1,2,3,0,Mathieu Flamini,1984-03-07,Midfield,Defensive Midfield,178.0,right,2014-09-01,30.0,6000000.0
17396,2015,16,1090,0,0,2,0,Mathieu Flamini,1984-03-07,Midfield,Defensive Midfield,178.0,right,2015-09-01,31.0,4000000.0
17804,2014,15,1216,0,0,1,0,Sébastien Pocognoli,1987-08-01,Defender,Left-Back,181.0,left,2014-09-01,27.0,2000000.0
18227,2013,37,3326,2,1,5,0,Curtis Davies,1985-03-15,Defender,Centre-Back,188.0,right,2013-09-01,28.0,4000000.0
18227,2014,21,1814,0,0,2,0,Curtis Davies,1985-03-15,Defender,Centre-Back,188.0,right,2014-09-01,29.0,3500000.0
18227,2016,26,2137,0,2,4,0,Curtis Davies,1985-03-15,Defender,Centre-Back,188.0,right,2016-09-01,31.0,2500000.0
18310,2012,15,1140,1,0,2,0,Benoît Assou-Ekotto,1984-03-24,Defender,Left-Back,178.0,left,2012-09-01,28.0,12500000.0
18324,2012,16,1127,4,1,1,0,Zoltán Gera,1979-04-22,Midfield,Central Midfield,183.0,both,2012-09-01,33.0,1000000.0
18644,2013,32,1727,9,5,1,0,Álvaro Negredo,1985-08-20,Attack,Centre-Forward,186.0,left,2013-09-01,28.0,27000000.0
18644,2016,36,2879,9,4,5,0,Álvaro Negredo,1985-08-20,Attack,Centre-Forward,186.0,left,2016-09-01,31.0,7500000.0
18871,2012,34,2784,1,9,4,0,Jean Beausejour,1984-06-01,Defender,Left-Back,178.0,left,2012-09-01,28.0,5500000.0
18900,2012,19,1461,4,2,1,0,Hatem Ben Arfa,1987-03-07,Midfield,Attacking Midfield,179.0,left,2012-09-01,25.0,13500000.0
18900,2013,27,1303,3,4,1,0,Hatem Ben Arfa,1987-03-07,Midfield,Attacking Midfield,179.0,left,2013-09-01,26.0,12000000.0
18935,2012,28,1802,2,7,3,1,Samir Nasri,1987-06-26,Midfield,Attacking Midfield,177.0,right,2012-09-01,25.0,21000000.0
18935,2013,34,2499,7,9,3,0,Samir Nasri,1987-06-26,Midfield,Attacking Midfield,177.0,right,2013-09-01,26.0,22000000.0
18935,2014,24,1579,2,6,5,0,Samir Nasri,1987-06-26,Midfield,Attacking Midfield,177.0,right,2014-09-01,27.0,21000000.0
19085,2013,32,2306,5,3,9,0,Marouane Chamakh,1984-01-10,Attack,Centre-Forward,188.0,right,2013-09-01,29.0,2500000.0
19085,2014,18,1156,2,1,4,0,Marouane Chamakh,1984-01-10,Attack,Centre-Forward,188.0,right,2014-09-01,30.0,2500000.0
19368,2012,32,2386,1,3,4,0,Mousa Dembélé,1987-07-16,Midfield,Central Midfield,185.0,left,2012-09-01,25.0,21000000.0
19368,2013,28,1819,1,2,5,0,Mousa Dembélé,1987-07-16,Midfield,Central Midfield,185.0,left,2013-09-01,26.0,20000000.0
19368,2014,26,1138,1,1,1,0,Mousa Dembélé,1987-07-16,Midfield,Central Midfield,185.0,left,2014-09-01,27.0,15000000.0
19368,2015,29,2273,3,1,3,0,Mousa Dembélé,1987-07-16,Midfield,Central Midfield,185.0,left,2015-09-01,28.0,18000000.0
19368,2016,30,2065,1,2,5,0,Mousa Dembélé,1987-07-16,Midfield,Central Midfield,185.0,left,2016-09-01,29.0,18000000.0
19368,2017,28,1886,0,0,6,0,Mousa Dembélé,1987-07-16,Midfield,Central Midfield,185.0,left,2017-09-01,30.0,18000000.0
19641,2012,36,3145,4,0,4,0,Emmerson Boyce,1979-09-24,Defender,Right-Back,180.0,right,2012-09-01,32.0,1000000.0
19726,2012,19,1618,1,0,2,0,Nemanja Vidic‎,1981-10-21,Defender,Centre-Back,189.0,right,2012-09-01,30.0,21000000.0
19726,2013,25,2083,0,0,7,1,Nemanja Vidic‎,1981-10-21,Defender,Centre-Back,189.0,right,2013-09-01,31.0,10000000.0
20007,2012,30,2651,2,2,7,0,Pablo Zabaleta,1985-01-16,Defender,Right-Back,176.0,right,2012-09-01,27.0,16000000.0
20007,2013,35,3079,1,7,11,0,Pablo Zabaleta,1985-01-16,Defender,Right-Back,176.0,right,2013-09-01,28.0,19000000.0
20007,2014,29,2586,1,4,8,0,Pablo Zabaleta,1985-01-16,Defender,Right-Back,176.0,right,2014-09-01,29.0,18000000.0
20007,2015,13,1062,0,1,3,0,Pablo Zabaleta,1985-01-16,Defender,Right-Back,176.0,right,2015-09-01,30.0,14000000.0
20007,2016,20,1059,1,1,2,0,Pablo Zabaleta,1985-01-16,Defender,Right-Back,176.0,right,2016-09-01,31.0,7000000.0
20007,2017,37,3291,0,1,9,0,Pablo Zabaleta,1985-01-16,Defender,Right-Back,176.0,right,2017-09-01,32.0,5000000.0
20007,2018,26,2091,0,1,4,0,Pablo Zabaleta,1985-01-16,Defender,Right-Back,176.0,right,2018-09-01,33.0,3500000.0
21496,2012,27,1427,1,2,1,0,Brett Holman,1984-03-27,Midfield,Attacking Midfield,177.0,right,2012-09-01,28.0,4500000.0
21725,2014,15,939,0,0,1,0,Filipe Luís,1985-08-09,Defender,Left-Back,182.0,left,2014-09-01,29.0,18000000.0
21905,2015,21,1282,0,1,3,1,Valon Behrami,1985-04-19,Midfield,Defensive Midfield,184.0,right,2015-09-01,30.0,2500000.0
21905,2016,27,2036,0,0,7,0,Valon Behrami,1985-04-19,Midfield,Defensive Midfield,184.0,right,2016-09-01,31.0,2500000.0
22165,2012,21,994,2,6,1,0,Charles N'Zogbia,1986-05-28,Attack,Right Winger,171.0,left,2012-09-01,26.0,5500000.0
22165,2014,27,1429,0,2,3,0,Charles N'Zogbia,1986-05-28,Attack,Right Winger,171.0,left,2014-09-01,28.0,2500000.0
22388,2014,31,1642,7,1,0,0,Bafétimbi Gomis,1985-08-06,Attack,Centre-Forward,184.0,right,2014-09-01,29.0,8000000.0
22388,2015,33,1696,6,0,0,0,Bafétimbi Gomis,1985-08-06,Attack,Centre-Forward,184.0,right,2015-09-01,30.0,8000000.0
22614,2012,37,3062,6,8,8,0,Robert Snodgrass,1987-09-07,Attack,Right Winger,182.0,left,2012-09-01,24.0,6000000.0
22614,2013,30,2572,6,2,6,0,Robert Snodgrass,1987-09-07,Attack,Right Winger,182.0,left,2013-09-01,25.0,5500000.0
22614,2016,35,2550,7,5,2,0,Robert Snodgrass,1987-09-07,Attack,Right Winger,182.0,left,2016-09-01,28.0,8000000.0
22614,2018,33,2221,2,5,10,0,Robert Snodgrass,1987-09-07,Attack,Right Winger,182.0,left,2018-09-01,30.0,7000000.0
22614,2019,24,1512,5,5,4,0,Robert Snodgrass,1987-09-07,Attack,Right Winger,182.0,left,2019-09-01,31.0,4800000.0
22832,2012,35,3100,3,0,3,1,Daniel Agger,1984-12-12,Defender,Centre-Back,191.0,left,2012-09-01,27.0,19000000.0
22832,2013,20,1420,2,1,0,0,Daniel Agger,1984-12-12,Defender,Centre-Back,191.0,left,2013-09-01,28.0,17000000.0
23218,2012,34,3039,0,2,4,0,Javier Garrido,1985-03-15,Defender,Left-Back,179.0,left,2012-09-01,27.0,2000000.0
23825,2012,15,1055,3,2,1,0,Yoan Gouffran,1986-05-25,Attack,Left Winger,175.0,right,2012-09-01,26.0,7500000.0
23825,2013,35,2622,6,5,3,0,Yoan Gouffran,1986-05-25,Attack,Left Winger,175.0,right,2013-09-01,27.0,9000000.0
23825,2014,31,1972,2,1,3,0,Yoan Gouffran,1986-05-25,Attack,Left Winger,175.0,right,2014-09-01,28.0,7000000.0
24180,2012,25,2079,2,0,4,0,Martin Skrtel,1984-12-15,Defender,Centre-Back,191.0,right,2012-09-01,27.0,15000000.0
24180,2013,36,3222,7,1,6,0,Martin Skrtel,1984-12-15,Defender,Centre-Back,191.0,right,2013-09-01,28.0,14000000.0
24180,2014,33,2970,1,0,8,0,Martin Skrtel,1984-12-15,Defender,Centre-Back,191.0,right,2014-09-01,29.0,13000000.0
24180,2015,22,1886,1,0,5,0,Martin Skrtel,1984-12-15,Defender,Centre-Back,191.0,right,2015-09-01,30.0,10000000.0
24589,2012,33,2431,3,5,3,0,Wes Hoolahan,1982-05-20,Midfield,Attacking Midfield,168.0,left,2012-09-01,30.0,2000000.0
24589,2015,30,2004,4,9,1,0,Wes Hoolahan,1982-05-20,Midfield,Attacking Midfield,168.0,left,2015-09-01,33.0,2000000.0
24636,2014,20,1696,1,0,1,0,Paul McShane,1986-01-06,Defender,Centre-Back,183.0,right,2014-09-01,28.0,1000000.0
24877,2012,17,1012,0,1,0,0,Ronnie Stam,1984-06-18,Defender,Right-Back,179.0,right,2012-09-01,28.0,2000000.0
25248,2012,36,3240,0,1,5,0,Jonas Olsson,1983-03-10,Defender,Centre-Back,193.0,left,2012-09-01,29.0,5000000.0
25248,2013,32,2819,1,1,10,0,Jonas Olsson,1983-03-10,Defender,Centre-Back,193.0,left,2013-09-01,30.0,4000000.0
25248,2015,28,2017,1,1,5,0,Jonas Olsson,1983-03-10,Defender,Centre-Back,193.0,left,2015-09-01,32.0,1500000.0
25366,2012,22,1194,3,0,2,0,Michael Kightly,1986-01-24,Attack,Left Winger,173.0,right,2012-09-01,26.0,4500000.0
25523,2012,20,1172,1,0,5,0,Karim El Ahmadi,1985-01-27,Midfield,Defensive Midfield,179.0,right,2012-09-01,27.0,3000000.0
25523,2013,31,2187,2,1,7,0,Karim El Ahmadi,1985-01-27,Midfield,Defensive Midfield,179.0,right,2013-09-01,28.0,2500000.0
25553,2012,35,3045,0,0,2,1,Brede Hangeland,1981-06-20,Defender,Centre-Back,199.0,right,2012-09-01,31.0,5000000.0
25553,2013,23,1905,0,0,0,0,Brede Hangeland,1981-06-20,Defender,Centre-Back,199.0,right,2013-09-01,32.0,3000000.0
25553,2014,14,1173,2,1,2,0,Brede Hangeland,1981-06-20,Defender,Centre-Back,199.0,right,2014-09-01,33.0,1000000.0
25742,2012,37,2432,7,1,4,0,Nikica Jelavic,1985-08-27,Attack,Centre-Forward,188.0,both,2012-09-01,27.0,9000000.0
25742,2013,25,1697,5,3,3,0,Nikica Jelavic,1985-08-27,Attack,Centre-Forward,188.0,both,2013-09-01,28.0,6500000.0
25742,2014,26,1810,8,1,3,0,Nikica Jelavic,1985-08-27,Attack,Centre-Forward,188.0,both,2014-09-01,29.0,6500000.0
26066,2012,16,1399,2,0,1,0,Iván Ramis,1984-10-25,Defender,Centre-Back,189.0,right,2012-09-01,27.0,6000000.0
26267,2013,33,2608,5,3,8,0,Fernandinho,1985-05-04,Midfield,Defensive Midfield,179.0,right,2013-09-01,28.0,32000000.0
26267,2014,33,2273,3,4,7,0,Fernandinho,1985-05-04,Midfield,Defensive Midfield,179.0,right,2014-09-01,29.0,28000000.0
26267,2015,33,2732,2,3,8,0,Fernandinho,1985-05-04,Midfield,Defensive Midfield,179.0,right,2015-09-01,30.0,28000000.0
26267,2016,32,2755,2,1,4,2,Fernandinho,1985-05-04,Midfield,Defensive Midfield,179.0,right,2016-09-01,31.0,18000000.0
26267,2017,34,2885,5,4,7,0,Fernandinho,1985-05-04,Midfield,Defensive Midfield,179.0,right,2017-09-01,32.0,15000000.0
26267,2018,29,2381,1,3,5,0,Fernandinho,1985-05-04,Midfield,Defensive Midfield,179.0,right,2018-09-01,33.0,12000000.0
26267,2019,30,2399,0,1,9,1,Fernandinho,1985-05-04,Midfield,Defensive Midfield,179.0,right,2019-09-01,34.0,8000000.0
26267,2020,21,1184,0,2,6,0,Fernandinho,1985-05-04,Midfield,Defensive Midfield,179.0,right,2020-09-01,35.0,2000000.0
26267,2021,19,958,2,1,1,0,Fernandinho,1985-05-04,Midfield,Defensive Midfield,179.0,right,2021-09-01,36.0,1500000.0
26399,2012,30,1946,12,3,2,0,Sergio Agüero,1988-06-02,Attack,Centre-Forward,173.0,right,2012-09-01,24.0,45000000.0
26399,2013,23,1538,17,10,4,0,Sergio Agüero,1988-06-02,Attack,Centre-Forward,173.0,right,2013-09-01,25.0,45000000.0
26399,2014,33,2540,26,8,4,0,Sergio Agüero,1988-06-02,Attack,Centre-Forward,173.0,right,2014-09-01,26.0,50000000.0
26399,2015,30,2374,24,2,1,0,Sergio Agüero,1988-06-02,Attack,Centre-Forward,173.0,right,2015-09-01,27.0,60000000.0
26399,2016,31,2406,20,4,4,1,Sergio Agüero,1988-06-02,Attack,Centre-Forward,173.0,right,2016-09-01,28.0,65000000.0
26399,2017,25,1969,21,6,2,0,Sergio Agüero,1988-06-02,Attack,Centre-Forward,173.0,right,2017-09-01,29.0,80000000.0
26399,2018,33,2480,21,7,3,0,Sergio Agüero,1988-06-02,Attack,Centre-Forward,173.0,right,2018-09-01,30.0,65000000.0
26399,2019,24,1457,16,4,1,0,Sergio Agüero,1988-06-02,Attack,Centre-Forward,173.0,right,2019-09-01,31.0,52000000.0
26443,2012,34,2896,1,2,8,0,Jonás Gutiérrez,1983-07-05,Midfield,Left Midfield,184.0,right,2012-09-01,29.0,6000000.0
26669,2016,20,1408,0,0,3,0,Ragnar Klavan,1985-10-30,Defender,Centre-Back,187.0,left,2016-09-01,30.0,3500000.0
26669,2017,19,1449,1,0,0,0,Ragnar Klavan,1985-10-30,Defender,Centre-Back,187.0,left,2017-09-01,31.0,3500000.0
26764,2012,25,2240,0,0,2,0,Bacary Sagna,1983-02-14,Defender,Right-Back,176.0,right,2012-09-01,29.0,14500000.0
26764,2013,35,3061,1,4,6,0,Bacary Sagna,1983-02-14,Defender,Right-Back,176.0,right,2013-09-01,30.0,12000000.0
26764,2015,28,2448,0,3,4,0,Bacary Sagna,1983-02-14,Defender,Right-Back,176.0,right,2015-09-01,32.0,7000000.0
26764,2016,17,1345,0,1,2,0,Bacary Sagna,1983-02-14,Defender,Right-Back,176.0,right,2016-09-01,33.0,4000000.0
26946,2013,22,1135,2,0,1,0,Robert Koren,1980-09-20,Midfield,Attacking Midfield,176.0,right,2013-09-01,32.0,1000000.0
27114,2013,13,943,1,1,1,2,Younès Kaboul,1986-01-04,Defender,Centre-Back,192.0,right,2013-09-01,27.0,8000000.0
27114,2014,11,990,0,0,2,0,Younès Kaboul,1986-01-04,Defender,Centre-Back,192.0,right,2014-09-01,28.0,5500000.0
27114,2015,23,2009,0,1,5,0,Younès Kaboul,1986-01-04,Defender,Centre-Back,192.0,right,2015-09-01,29.0,3000000.0
27114,2016,23,1915,2,0,2,0,Younès Kaboul,1986-01-04,Defender,Centre-Back,192.0,right,2016-09-01,30.0,2500000.0
27306,2012,14,1168,0,0,4,0,Mathieu Debuchy,1985-07-28,Defender,Centre-Back,177.0,right,2012-09-01,27.0,11500000.0
27306,2013,29,2495,1,4,8,1,Mathieu Debuchy,1985-07-28,Defender,Centre-Back,177.0,right,2013-09-01,28.0,10000000.0
27394,2014,28,2249,0,3,4,0,Alex Song,1987-09-09,Midfield,Defensive Midfield,185.0,right,2014-09-01,26.0,15000000.0
27470,2012,29,2418,0,3,9,1,Stéphane Mbia,1986-05-20,Midfield,Defensive Midfield,189.0,right,2012-09-01,26.0,10000000.0
27511,2012,26,2218,2,2,1,0,Gary Cahill,1985-12-19,Defender,Centre-Back,193.0,right,2012-09-01,26.0,19000000.0
27511,2013,30,2623,1,2,2,0,Gary Cahill,1985-12-19,Defender,Centre-Back,193.0,right,2013-09-01,27.0,19000000.0
27511,2014,36,2984,1,0,5,0,Gary Cahill,1985-12-19,Defender,Centre-Back,193.0,right,2014-09-01,28.0,20000000.0
27511,2015,23,1955,2,0,2,0,Gary Cahill,1985-12-19,Defender,Centre-Back,193.0,right,2015-09-01,29.0,16000000.0
27511,2016,37,3298,6,0,5,0,Gary Cahill,1985-12-19,Defender,Centre-Back,193.0,right,2016-09-01,30.0,16000000.0
27511,2017,27,2084,0,0,1,1,Gary Cahill,1985-12-19,Defender,Centre-Back,193.0,right,2017-09-01,31.0,15000000.0
27511,2019,25,2168,0,1,1,0,Gary Cahill,1985-12-19,Defender,Centre-Back,193.0,right,2019-09-01,33.0,4000000.0
27511,2020,20,1800,1,1,3,0,Gary Cahill,1985-12-19,Defender,Centre-Back,193.0,right,2020-09-01,34.0,1500000.0
27577,2012,29,1999,7,4,3,0,Clint Dempsey,1983-03-09,Attack,Second Striker,185.0,right,2012-09-01,29.0,11500000.0
27614,2012,35,2846,5,7,4,0,James Morrison,1986-05-25,Midfield,Central Midfield,183.0,right,2012-09-01,26.0,6500000.0
27614,2013,32,2207,1,3,1,0,James Morrison,1986-05-25,Midfield,Central Midfield,183.0,right,2013-09-01,27.0,6000000.0
27614,2014,33,2559,2,1,3,0,James Morrison,1986-05-25,Midfield,Central Midfield,183.0,right,2014-09-01,28.0,5000000.0
27614,2015,18,1342,3,3,3,0,James Morrison,1986-05-25,Midfield,Central Midfield,183.0,right,2015-09-01,29.0,5000000.0
27614,2016,31,1734,5,2,3,0,James Morrison,1986-05-25,Midfield,Central Midfield,183.0,right,2016-09-01,30.0,5000000.0
28245,2012,26,1041,3,2,0,0,Kenwyne Jones,1984-10-05,Attack,Centre-Forward,187.0,right,2012-09-01,27.0,5000000.0
28245,2013,18,964,1,1,0,0,Kenwyne Jones,1984-10-05,Attack,Centre-Forward,187.0,right,2013-09-01,28.0,3000000.0
28261,2015,27,2025,0,2,3,0,José Manuel Jurado,1986-06-29,Midfield,Attacking Midfield,176.0,right,2015-09-01,29.0,7000000.0
28336,2013,38,3354,1,2,7,0,Mile Jedinak,1984-08-03,Midfield,Defensive Midfield,187.0,right,2013-09-01,29.0,2500000.0
28336,2014,24,2080,5,2,5,0,Mile Jedinak,1984-08-03,Midfield,Defensive Midfield,187.0,right,2014-09-01,30.0,6000000.0
28336,2015,27,1531,0,0,6,0,Mile Jedinak,1984-08-03,Midfield,Defensive Midfield,187.0,right,2015-09-01,31.0,6000000.0
28396,2012,32,1815,14,5,4,0,Edin Dzeko,1986-03-17,Attack,Centre-Forward,192.0,right,2012-09-01,26.0,27000000.0
28396,2013,31,1990,16,8,4,0,Edin Dzeko,1986-03-17,Attack,Centre-Forward,192.0,right,2013-09-01,27.0,24000000.0
28396,2014,22,932,4,3,1,0,Edin Dzeko,1986-03-17,Attack,Centre-Forward,192.0,right,2014-09-01,28.0,24000000.0
28810,2012,23,1613,0,0,0,0,Nedum Onuoha,1986-11-12,Defender,Centre-Back,183.0,right,2012-09-01,25.0,3000000.0
28810,2014,23,1927,0,0,4,0,Nedum Onuoha,1986-11-12,Defender,Centre-Back,183.0,right,2014-09-01,27.0,2000000.0
28973,2012,32,2073,2,2,1,0,Steven Davis,1985-01-01,Midfield,Central Midfield,172.0,right,2012-09-01,27.0,4000000.0
28973,2013,34,2500,2,7,3,0,Steven Davis,1985-01-01,Midfield,Central Midfield,172.0,right,2013-09-01,28.0,5500000.0
28973,2014,35,2648,0,2,3,0,Steven Davis,1985-01-01,Midfield,Central Midfield,172.0,right,2014-09-01,29.0,5500000.0
28973,2015,34,2612,5,3,4,0,Steven Davis,1985-01-01,Midfield,Central Midfield,172.0,right,2015-09-01,30.0,6000000.0
28973,2016,32,2644,0,3,3,0,Steven Davis,1985-01-01,Midfield,Central Midfield,172.0,right,2016-09-01,31.0,6000000.0
28973,2017,23,1521,3,1,0,0,Steven Davis,1985-01-01,Midfield,Central Midfield,172.0,right,2017-09-01,32.0,4000000.0
28984,2018,28,2475,4,1,7,0,Sol Bamba,1985-01-13,Defender,Centre-Back,190.0,right,2018-09-01,33.0,1000000.0
28990,2012,27,1770,3,6,9,0,Charlie Adam,1985-12-10,Midfield,Central Midfield,185.0,left,2012-09-01,26.0,5000000.0
28990,2013,31,1759,8,4,6,0,Charlie Adam,1985-12-10,Midfield,Central Midfield,185.0,left,2013-09-01,27.0,5000000.0
28990,2014,29,1506,7,1,5,0,Charlie Adam,1985-12-10,Midfield,Central Midfield,185.0,left,2014-09-01,28.0,4000000.0
28990,2015,22,1041,1,1,6,1,Charlie Adam,1985-12-10,Midfield,Central Midfield,185.0,left,2015-09-01,29.0,4500000.0
28990,2016,24,1495,1,4,7,0,Charlie Adam,1985-12-10,Midfield,Central Midfield,185.0,left,2016-09-01,30.0,3500000.0
29152,2012,31,1851,3,4,0,0,Danny Graham,1985-08-12,Attack,Centre-Forward,183.0,right,2012-09-01,27.0,4000000.0
29152,2013,18,1001,1,2,1,0,Danny Graham,1985-08-12,Attack,Centre-Forward,183.0,right,2013-09-01,28.0,3000000.0
29158,2013,18,1573,0,0,0,0,Andrew Taylor,1986-08-01,Defender,Left-Back,178.0,left,2013-09-01,27.0,2000000.0
29241,2020,23,1938,2,0,5,0,Thiago Silva,1984-09-22,Defender,Centre-Back,181.0,right,2020-09-01,35.0,3000000.0
29241,2021,32,2651,3,1,2,0,Thiago Silva,1984-09-22,Defender,Centre-Back,181.0,right,2021-09-01,36.0,2500000.0
29241,2022,27,2352,0,2,2,0,Thiago Silva,1984-09-22,Defender,Centre-Back,181.0,right,2022-09-01,37.0,2000000.0
29241,2023,31,2528,3,1,4,0,Thiago Silva,1984-09-22,Defender,Centre-Back,181.0,right,2023-09-01,38.0,1000000.0
29356,2012,14,1013,1,0,3,0,Dwight Tiendalli,1985-10-21,Defender,Right-Back,176.0,right,2012-09-01,26.0,1000000.0
29364,2018,38,3040,1,8,4,0,João Moutinho,1986-09-08,Midfield,Central Midfield,170.0,right,2018-09-01,31.0,10000000.0
29364,2019,38,3108,1,6,7,0,João Moutinho,1986-09-08,Midfield,Central Midfield,170.0,right,2019-09-01,32.0,8000000.0
29364,2020,33,2534,1,1,5,0,João Moutinho,1986-09-08,Midfield,Central Midfield,170.0,right,2020-09-01,33.0,4000000.0
29364,2021,35,2976,2,1,4,0,João Moutinho,1986-09-08,Midfield,Central Midfield,170.0,right,2021-09-01,34.0,2500000.0
29364,2022,31,1783,0,2,3,0,João Moutinho,1986-09-08,Midfield,Central Midfield,170.0,right,2022-09-01,35.0,1500000.0
29434,2012,26,2123,6,2,8,0,Yohan Cabaye,1986-01-14,Midfield,Central Midfield,173.0,right,2012-09-01,26.0,16500000.0
29434,2013,19,1508,7,3,5,0,Yohan Cabaye,1986-01-14,Midfield,Central Midfield,173.0,right,2013-09-01,27.0,22000000.0
29434,2015,33,2702,5,1,7,0,Yohan Cabaye,1986-01-14,Midfield,Central Midfield,173.0,right,2015-09-01,29.0,18000000.0
29434,2016,32,2133,4,3,7,0,Yohan Cabaye,1986-01-14,Midfield,Central Midfield,173.0,right,2016-09-01,30.0,15000000.0
29434,2017,31,2387,0,1,7,0,Yohan Cabaye,1986-01-14,Midfield,Central Midfield,173.0,right,2017-09-01,31.0,10000000.0
29594,2014,38,3254,12,2,6,0,Graziano Pellè,1985-07-15,Attack,Centre-Forward,194.0,right,2014-09-01,29.0,11000000.0
29594,2015,30,2172,11,7,6,0,Graziano Pellè,1985-07-15,Attack,Centre-Forward,194.0,right,2015-09-01,30.0,11000000.0
29975,2015,38,3420,0,3,4,0,Andrew Surman,1986-08-20,Midfield,Central Midfield,178.0,left,2015-09-01,29.0,1500000.0
29975,2016,22,1802,0,2,3,0,Andrew Surman,1986-08-20,Midfield,Central Midfield,178.0,left,2016-09-01,30.0,2000000.0
29975,2017,25,1852,2,5,2,0,Andrew Surman,1986-08-20,Midfield,Central Midfield,178.0,left,2017-09-01,31.0,2500000.0
29975,2018,18,1439,0,0,2,0,Andrew Surman,1986-08-20,Midfield,Central Midfield,178.0,left,2018-09-01,32.0,2500000.0
30379,2012,14,1260,1,0,2,0,Kaspars Gorkss,1981-11-06,Defender,Centre-Back,191.0,left,2012-09-01,30.0,1000000.0
30456,2012,19,1491,0,0,3,0,Marc Wilson,1987-08-17,Defender,Centre-Back,188.0,both,2012-09-01,25.0,5000000.0
30456,2013,33,2691,0,0,6,1,Marc Wilson,1987-08-17,Defender,Centre-Back,188.0,both,2013-09-01,26.0,4000000.0
30456,2014,27,2124,0,0,6,0,Marc Wilson,1987-08-17,Defender,Centre-Back,188.0,both,2014-09-01,27.0,4500000.0
30670,2012,25,1731,0,1,3,0,Vurnon Anita,1989-04-04,Midfield,Defensive Midfield,169.0,right,2012-09-01,23.0,8000000.0
30670,2013,34,2461,1,1,2,0,Vurnon Anita,1989-04-04,Midfield,Defensive Midfield,169.0,right,2013-09-01,24.0,6000000.0
30670,2014,19,1273,0,0,3,0,Vurnon Anita,1989-04-04,Midfield,Defensive Midfield,169.0,right,2014-09-01,25.0,4000000.0
30670,2015,28,2108,1,3,6,0,Vurnon Anita,1989-04-04,Midfield,Defensive Midfield,169.0,right,2015-09-01,26.0,4000000.0
30697,2012,27,2391,2,0,1,0,Ron Vlaar,1985-02-16,Defender,Centre-Back,189.0,right,2012-09-01,27.0,6500000.0
30697,2013,32,2805,0,1,4,0,Ron Vlaar,1985-02-16,Defender,Centre-Back,189.0,right,2013-09-01,28.0,5000000.0
30697,2014,20,1647,0,1,5,0,Ron Vlaar,1985-02-16,Defender,Centre-Back,189.0,right,2014-09-01,29.0,6000000.0
30739,2012,22,1627,0,0,3,0,Mikel John Obi,1987-04-22,Midfield,Defensive Midfield,188.0,right,2012-09-01,25.0,23000000.0
30739,2013,24,1065,1,1,3,0,Mikel John Obi,1987-04-22,Midfield,Defensive Midfield,188.0,right,2013-09-01,26.0,20000000.0
30739,2015,25,1783,0,1,6,0,Mikel John Obi,1987-04-22,Midfield,Defensive Midfield,188.0,right,2015-09-01,28.0,10000000.0
31067,2012,37,2855,5,6,6,0,Jonathan de Guzmán,1987-09-13,Midfield,Central Midfield,173.0,right,2012-09-01,24.0,8000000.0
31067,2013,34,2356,4,5,1,0,Jonathan de Guzmán,1987-09-13,Midfield,Central Midfield,173.0,right,2013-09-01,25.0,9000000.0
31514,2017,14,1177,0,0,0,0,Markus Suttner,1987-04-16,Defender,Left-Back,179.0,left,2017-09-01,30.0,2500000.0
31552,2015,27,1596,2,0,0,0,Scott Sinclair,1989-03-25,Attack,Left Winger,177.0,right,2015-09-01,26.0,3500000.0
31553,2012,20,1216,1,1,3,1,Danny Fox,1986-05-29,Defender,Left-Back,183.0,left,2012-09-01,26.0,2500000.0
31579,2012,35,2939,5,9,3,0,Adam Johnson,1987-07-14,Attack,Right Winger,182.0,left,2012-09-01,25.0,15000000.0
31579,2013,36,2445,8,6,2,0,Adam Johnson,1987-07-14,Attack,Right Winger,182.0,left,2013-09-01,26.0,7500000.0
31579,2014,32,2082,4,2,2,0,Adam Johnson,1987-07-14,Attack,Right Winger,182.0,left,2014-09-01,27.0,7500000.0
31579,2015,19,1141,2,5,3,0,Adam Johnson,1987-07-14,Attack,Right Winger,182.0,left,2015-09-01,28.0,7500000.0
31642,2012,35,2637,0,2,5,0,Geoff Cameron,1985-07-11,Defender,Centre-Back,190.0,right,2012-09-01,27.0,5000000.0
31642,2013,37,3285,2,2,7,0,Geoff Cameron,1985-07-11,Defender,Centre-Back,190.0,right,2013-09-01,28.0,4500000.0
31642,2014,27,2135,0,1,4,0,Geoff Cameron,1985-07-11,Defender,Centre-Back,190.0,right,2014-09-01,29.0,3500000.0
31642,2015,30,2361,0,0,0,1,Geoff Cameron,1985-07-11,Defender,Centre-Back,190.0,right,2015-09-01,30.0,3000000.0
31642,2016,19,1628,0,1,1,0,Geoff Cameron,1985-07-11,Defender,Centre-Back,190.0,right,2016-09-01,31.0,3000000.0
31642,2017,20,1524,0,0,2,0,Geoff Cameron,1985-07-11,Defender,Centre-Back,190.0,right,2017-09-01,32.0,2500000.0
31720,2012,38,2995,1,5,5,0,Sebastian Larsson,1985-06-06,Midfield,Central Midfield,178.0,right,2012-09-01,27.0,7000000.0
31720,2013,31,2218,1,3,6,0,Sebastian Larsson,1985-06-06,Midfield,Central Midfield,178.0,right,2013-09-01,28.0,5000000.0
31720,2014,36,3061,3,3,11,0,Sebastian Larsson,1985-06-06,Midfield,Central Midfield,178.0,right,2014-09-01,29.0,4000000.0
31720,2016,21,1471,0,1,4,1,Sebastian Larsson,1985-06-06,Midfield,Central Midfield,178.0,right,2016-09-01,31.0,2500000.0
31835,2012,28,2286,4,4,7,0,Mark Noble,1987-05-08,Midfield,Central Midfield,180.0,right,2012-09-01,25.0,8000000.0
31835,2013,38,3345,3,6,8,0,Mark Noble,1987-05-08,Midfield,Central Midfield,180.0,right,2013-09-01,26.0,7000000.0
31835,2014,28,2308,2,3,4,0,Mark Noble,1987-05-08,Midfield,Central Midfield,180.0,right,2014-09-01,27.0,7000000.0
31835,2015,37,3205,7,4,8,1,Mark Noble,1987-05-08,Midfield,Central Midfield,180.0,right,2015-09-01,28.0,7000000.0
31835,2016,30,2398,3,0,10,0,Mark Noble,1987-05-08,Midfield,Central Midfield,180.0,right,2016-09-01,29.0,7000000.0
31835,2017,29,2404,4,0,6,0,Mark Noble,1987-05-08,Midfield,Central Midfield,180.0,right,2017-09-01,30.0,7000000.0
31835,2018,31,2308,5,5,6,1,Mark Noble,1987-05-08,Midfield,Central Midfield,180.0,right,2018-09-01,31.0,7000000.0
31835,2019,33,2685,4,3,5,0,Mark Noble,1987-05-08,Midfield,Central Midfield,180.0,right,2019-09-01,32.0,4800000.0
32522,2016,26,2196,0,0,5,0,Antonio Barragán,1987-06-12,Defender,Right-Back,186.0,right,2016-09-01,29.0,3000000.0
32617,2015,24,2045,1,1,3,0,Micah Richards,1988-06-24,Defender,Right-Back,180.0,right,2015-09-01,27.0,5000000.0
33478,2012,24,1758,0,1,7,1,Cheik Tioté,1986-06-21,Midfield,Defensive Midfield,180.0,right,2012-09-01,26.0,10500000.0
33478,2013,33,2764,0,2,10,0,Cheik Tioté,1986-06-21,Midfield,Defensive Midfield,180.0,right,2013-09-01,27.0,10000000.0
33478,2015,20,1225,0,0,5,0,Cheik Tioté,1986-06-21,Midfield,Defensive Midfield,180.0,right,2015-09-01,29.0,6000000.0
33481,2012,18,1016,5,3,1,0,Gervinho,1987-05-27,Attack,Left Winger,179.0,right,2012-09-01,25.0,10500000.0
33544,2012,30,2208,1,7,6,0,Antonio Valencia,1985-08-04,Defender,Right-Back,180.0,right,2012-09-01,27.0,24000000.0
33544,2013,29,1942,2,4,8,0,Antonio Valencia,1985-08-04,Defender,Right-Back,180.0,right,2013-09-01,28.0,16000000.0
33544,2014,32,2583,0,3,4,0,Antonio Valencia,1985-08-04,Defender,Right-Back,180.0,right,2014-09-01,29.0,10000000.0
33544,2016,28,2483,1,3,5,0,Antonio Valencia,1985-08-04,Defender,Right-Back,180.0,right,2016-09-01,31.0,10000000.0
33544,2017,31,2743,3,1,7,0,Antonio Valencia,1985-08-04,Defender,Right-Back,180.0,right,2017-09-01,32.0,8000000.0
33639,2012,27,1836,6,6,3,0,Kevin Mirallas,1987-10-05,Midfield,Attacking Midfield,182.0,right,2012-09-01,24.0,10000000.0
33639,2013,32,2334,8,9,6,0,Kevin Mirallas,1987-10-05,Midfield,Attacking Midfield,182.0,right,2013-09-01,25.0,12000000.0
33639,2014,29,1422,7,1,3,0,Kevin Mirallas,1987-10-05,Midfield,Attacking Midfield,182.0,right,2014-09-01,26.0,15000000.0
33639,2015,23,1005,4,2,2,1,Kevin Mirallas,1987-10-05,Midfield,Attacking Midfield,182.0,right,2015-09-01,27.0,13000000.0
33639,2016,35,2080,4,7,2,0,Kevin Mirallas,1987-10-05,Midfield,Attacking Midfield,182.0,right,2016-09-01,28.0,13000000.0
33713,2012,32,2285,14,12,3,0,Theo Walcott,1989-03-16,Attack,Right Winger,175.0,both,2012-09-01,23.0,25000000.0
33713,2015,28,1374,5,3,0,0,Theo Walcott,1989-03-16,Attack,Right Winger,175.0,both,2015-09-01,26.0,25000000.0
33713,2016,28,1924,10,2,1,0,Theo Walcott,1989-03-16,Attack,Right Winger,175.0,both,2016-09-01,27.0,20000000.0
33713,2017,20,1216,3,3,2,0,Theo Walcott,1989-03-16,Attack,Right Winger,175.0,both,2017-09-01,28.0,20000000.0
33713,2018,37,2123,5,2,1,0,Theo Walcott,1989-03-16,Attack,Right Winger,175.0,both,2018-09-01,29.0,18000000.0
33713,2019,25,1297,2,3,1,0,Theo Walcott,1989-03-16,Attack,Right Winger,175.0,both,2019-09-01,30.0,12000000.0
33713,2020,22,1641,3,3,0,0,Theo Walcott,1989-03-16,Attack,Right Winger,175.0,both,2020-09-01,31.0,5000000.0
33713,2022,20,1133,2,2,1,0,Theo Walcott,1989-03-16,Attack,Right Winger,175.0,both,2022-09-01,33.0,1000000.0
33783,2012,26,2095,0,0,3,0,Armand Traoré,1989-10-08,Defender,Left-Back,184.0,left,2012-09-01,22.0,3500000.0
33785,2014,14,906,0,1,3,0,Ryan Taylor,1984-08-19,Defender,Right-Back,179.0,right,2014-09-01,30.0,1000000.0
33822,2012,18,1337,5,2,1,0,Jimmy Kébé,1984-01-19,Attack,Right Winger,187.0,left,2012-09-01,28.0,2000000.0
33829,2012,27,2314,2,1,5,0,José Fonte,1983-12-22,Defender,Centre-Back,191.0,right,2012-09-01,28.0,2500000.0
33829,2013,36,3181,3,0,7,0,José Fonte,1983-12-22,Defender,Centre-Back,191.0,right,2013-09-01,29.0,3500000.0
33829,2014,37,3330,0,1,5,0,José Fonte,1983-12-22,Defender,Centre-Back,191.0,right,2014-09-01,30.0,4500000.0
33829,2015,37,3168,2,1,4,1,José Fonte,1983-12-22,Defender,Centre-Back,191.0,right,2015-09-01,31.0,5000000.0
33829,2016,33,2935,0,0,4,0,José Fonte,1983-12-22,Defender,Centre-Back,191.0,right,2016-09-01,32.0,7000000.0
33866,2016,21,1078,1,3,1,0,Steven Defour,1988-04-15,Midfield,Defensive Midfield,175.0,right,2016-09-01,28.0,6000000.0
33866,2017,24,2009,1,1,6,0,Steven Defour,1988-04-15,Midfield,Defensive Midfield,175.0,right,2017-09-01,29.0,7000000.0
33951,2012,34,2962,3,2,3,0,Sébastien Bassong,1986-07-09,Defender,Centre-Back,187.0,left,2012-09-01,26.0,4500000.0
33951,2013,27,2378,0,0,1,0,Sébastien Bassong,1986-07-09,Defender,Centre-Back,187.0,left,2013-09-01,27.0,4500000.0
33951,2015,32,2789,1,0,4,0,Sébastien Bassong,1986-07-09,Defender,Centre-Back,187.0,left,2015-09-01,29.0,3000000.0
33952,2012,36,3002,8,4,6,0,Papiss Cissé,1985-06-03,Attack,Centre-Forward,180.0,right,2012-09-01,27.0,15500000.0
33952,2013,24,1383,2,3,0,0,Papiss Cissé,1985-06-03,Attack,Centre-Forward,180.0,right,2013-09-01,28.0,10000000.0
33952,2014,22,1153,11,1,1,0,Papiss Cissé,1985-06-03,Attack,Centre-Forward,180.0,right,2014-09-01,29.0,8000000.0
33952,2015,21,1069,3,0,1,0,Papiss Cissé,1985-06-03,Attack,Centre-Forward,180.0,right,2015-09-01,30.0,7500000.0
33963,2014,29,1704,5,2,3,0,David Nugent,1985-05-02,Attack,Centre-Forward,180.0,right,2014-09-01,29.0,2000000.0
34322,2018,25,2199,1,2,12,0,Sokratis Papastathopoulos,1988-06-09,Defender,Centre-Back,186.0,right,2018-09-01,30.0,20000000.0
34322,2019,19,1697,2,0,6,0,Sokratis Papastathopoulos,1988-06-09,Defender,Centre-Back,186.0,right,2019-09-01,31.0,14500000.0
34409,2013,14,1249,2,1,1,0,Joe Ledley,1987-01-23,Midfield,Central Midfield,183.0,left,2013-09-01,26.0,3500000.0
34409,2014,32,2573,2,1,0,0,Joe Ledley,1987-01-23,Midfield,Central Midfield,183.0,left,2014-09-01,27.0,5000000.0
34409,2015,19,980,1,0,1,0,Joe Ledley,1987-01-23,Midfield,Central Midfield,183.0,left,2015-09-01,28.0,3500000.0
34409,2016,18,1161,1,0,1,0,Joe Ledley,1987-01-23,Midfield,Central Midfield,183.0,left,2016-09-01,29.0,3500000.0
34672,2012,33,2723,2,3,6,0,Joey O'Brien,1986-02-17,Defender,Right-Back,180.0,right,2012-09-01,26.0,2500000.0
34672,2013,17,1236,0,0,4,0,Joey O'Brien,1986-02-17,Defender,Right-Back,180.0,right,2013-09-01,27.0,3000000.0
34691,2016,37,3232,1,1,5,0,Stephen Ward,1985-08-20,Defender,Left-Back,184.0,left,2016-09-01,31.0,1500000.0
34691,2017,28,2462,1,1,1,0,Stephen Ward,1985-08-20,Defender,Left-Back,184.0,left,2017-09-01,32.0,3000000.0
34838,2013,25,1388,2,3,3,0,Stephen Ireland,1986-08-22,Midfield,Attacking Midfield,173.0,right,2013-09-01,27.0,3000000.0
34838,2014,17,935,0,3,3,0,Stephen Ireland,1986-08-22,Midfield,Attacking Midfield,173.0,right,2014-09-01,28.0,2000000.0
34870,2013,28,1933,6,5,7,0,Roberto Soldado,1985-05-27,Attack,Centre-Forward,180.0,right,2013-09-01,28.0,25000000.0
35099,2012,28,2370,11,3,3,0,Steven Fletcher,1987-03-26,Attack,Centre-Forward,185.0,left,2012-09-01,25.0,15000000.0
35099,2013,20,1239,3,0,1,0,Steven Fletcher,1987-03-26,Attack,Centre-Forward,185.0,left,2013-09-01,26.0,9000000.0
35099,2014,30,1783,5,2,4,0,Steven Fletcher,1987-03-26,Attack,Centre-Forward,185.0,left,2014-09-01,27.0,4500000.0
35099,2015,16,1015,4,1,0,0,Steven Fletcher,1987-03-26,Attack,Centre-Forward,185.0,left,2015-09-01,28.0,3000000.0
35249,2016,19,955,4,0,5,0,Stefano Okaka,1989-08-09,Attack,Centre-Forward,186.0,right,2016-09-01,27.0,6000000.0
35416,2019,28,1824,2,2,2,0,David McGoldrick,1987-11-29,Attack,Centre-Forward,184.0,right,2019-09-01,31.0,1600000.0
35416,2020,35,2402,8,1,7,0,David McGoldrick,1987-11-29,Attack,Centre-Forward,184.0,right,2020-09-01,32.0,1500000.0
35518,2012,32,2522,4,10,2,0,David Silva,1986-01-08,Midfield,Attacking Midfield,170.0,left,2012-09-01,26.0,44000000.0
35518,2013,27,2174,7,11,5,0,David Silva,1986-01-08,Midfield,Attacking Midfield,170.0,left,2013-09-01,27.0,40000000.0
35518,2014,32,2661,12,11,8,0,David Silva,1986-01-08,Midfield,Attacking Midfield,170.0,left,2014-09-01,28.0,38000000.0
35518,2015,24,1801,2,11,1,0,David Silva,1986-01-08,Midfield,Attacking Midfield,170.0,left,2015-09-01,29.0,33000000.0
35518,2016,34,2768,4,8,6,0,David Silva,1986-01-08,Midfield,Attacking Midfield,170.0,left,2016-09-01,30.0,30000000.0
35518,2017,29,2437,9,11,5,0,David Silva,1986-01-08,Midfield,Attacking Midfield,170.0,left,2017-09-01,31.0,30000000.0
35518,2018,33,2411,6,8,3,0,David Silva,1986-01-08,Midfield,Attacking Midfield,170.0,left,2018-09-01,32.0,20000000.0
35518,2019,27,1833,6,10,0,0,David Silva,1986-01-08,Midfield,Attacking Midfield,170.0,left,2019-09-01,33.0,12000000.0
35548,2013,23,1846,1,0,6,0,Fernando Amorebieta,1985-03-29,Defender,Centre-Back,191.0,left,2013-09-01,28.0,6000000.0
35564,2016,33,2454,15,1,2,0,Fernando Llorente,1985-02-26,Attack,Centre-Forward,195.0,right,2016-09-01,31.0,6000000.0
35571,2012,29,2257,2,5,1,0,José Enrique,1986-01-23,Defender,Left-Back,184.0,left,2012-09-01,26.0,14000000.0
35664,2013,26,2149,5,10,0,0,Mesut Özil,1988-10-15,Midfield,Attacking Midfield,180.0,left,2013-09-01,24.0,50000000.0
35664,2014,22,1860,4,6,0,0,Mesut Özil,1988-10-15,Midfield,Attacking Midfield,180.0,left,2014-09-01,25.0,40000000.0
35664,2015,35,3048,6,19,4,0,Mesut Özil,1988-10-15,Midfield,Attacking Midfield,180.0,left,2015-09-01,26.0,50000000.0
35664,2016,33,2847,8,11,2,0,Mesut Özil,1988-10-15,Midfield,Attacking Midfield,180.0,left,2016-09-01,27.0,50000000.0
35664,2017,26,2164,4,9,4,0,Mesut Özil,1988-10-15,Midfield,Attacking Midfield,180.0,left,2017-09-01,28.0,50000000.0
35664,2018,24,1742,5,2,2,0,Mesut Özil,1988-10-15,Midfield,Attacking Midfield,180.0,left,2018-09-01,29.0,25000000.0
35664,2019,18,1449,1,2,1,0,Mesut Özil,1988-10-15,Midfield,Attacking Midfield,180.0,left,2019-09-01,30.0,17500000.0
35855,2012,26,1108,3,3,3,0,Cameron Jerome,1986-08-14,Attack,Centre-Forward,185.0,right,2012-09-01,26.0,2500000.0
35855,2013,29,1793,2,2,4,0,Cameron Jerome,1986-08-14,Attack,Centre-Forward,185.0,right,2013-09-01,27.0,2000000.0
35855,2015,34,1776,3,2,2,0,Cameron Jerome,1986-08-14,Attack,Centre-Forward,185.0,right,2015-09-01,29.0,3000000.0
36139,2014,31,2091,4,8,2,0,Dušan Tadić,1988-11-20,Attack,Right Winger,181.0,left,2014-09-01,25.0,15000000.0
36139,2015,34,2292,8,13,2,0,Dušan Tadić,1988-11-20,Attack,Right Winger,181.0,left,2015-09-01,26.0,15000000.0
36139,2016,33,2426,3,6,4,0,Dušan Tadić,1988-11-20,Attack,Right Winger,181.0,left,2016-09-01,27.0,17000000.0
36139,2017,36,2811,6,3,4,0,Dušan Tadić,1988-11-20,Attack,Right Winger,181.0,left,2017-09-01,28.0,15000000.0
36291,2017,25,2239,0,0,2,0,Gaëtan Bong,1988-04-25,Defender,Left-Back,183.0,left,2017-09-01,29.0,1500000.0
36291,2018,22,1805,0,0,0,0,Gaëtan Bong,1988-04-25,Defender,Left-Back,183.0,left,2018-09-01,30.0,2000000.0
36350,2012,24,1495,2,0,5,0,Javi García,1987-02-08,Midfield,Defensive Midfield,187.0,right,2012-09-01,25.0,17000000.0
36350,2013,29,1526,0,0,7,0,Javi García,1987-02-08,Midfield,Defensive Midfield,187.0,right,2013-09-01,26.0,16000000.0
36608,2012,26,1760,1,3,3,0,Graham Dorrans,1987-05-05,Midfield,Central Midfield,177.0,right,2012-09-01,25.0,2500000.0
36608,2013,14,1106,2,0,4,0,Graham Dorrans,1987-05-05,Midfield,Central Midfield,177.0,right,2013-09-01,26.0,1500000.0
36608,2014,21,1593,1,3,5,0,Graham Dorrans,1987-05-05,Midfield,Central Midfield,177.0,right,2014-09-01,27.0,2000000.0
36608,2015,21,1287,0,1,2,0,Graham Dorrans,1987-05-05,Midfield,Central Midfield,177.0,right,2015-09-01,28.0,3500000.0
36814,2012,31,2181,2,7,4,0,Chris Brunt,1984-12-14,Midfield,Central Midfield,187.0,left,2012-09-01,27.0,6000000.0
36814,2013,28,2243,3,5,7,0,Chris Brunt,1984-12-14,Midfield,Central Midfield,187.0,left,2013-09-01,28.0,5000000.0
36814,2014,34,2895,2,10,5,0,Chris Brunt,1984-12-14,Midfield,Central Midfield,187.0,left,2014-09-01,29.0,4000000.0
36814,2015,22,1803,0,3,7,0,Chris Brunt,1984-12-14,Midfield,Central Midfield,187.0,left,2015-09-01,30.0,4000000.0
36814,2016,31,2478,3,4,5,0,Chris Brunt,1984-12-14,Midfield,Central Midfield,187.0,left,2016-09-01,31.0,4000000.0
36814,2017,26,1922,0,7,5,0,Chris Brunt,1984-12-14,Midfield,Central Midfield,187.0,left,2017-09-01,32.0,3000000.0
36827,2012,34,2946,5,1,4,1,Branislav Ivanovic,1984-02-22,Defender,Right-Back,185.0,right,2012-09-01,28.0,24000000.0
36827,2013,36,3180,3,1,8,0,Branislav Ivanovic,1984-02-22,Defender,Right-Back,185.0,right,2013-09-01,29.0,19000000.0
36827,2014,38,3420,4,6,12,0,Branislav Ivanovic,1984-02-22,Defender,Right-Back,185.0,right,2014-09-01,30.0,17000000.0
36827,2015,33,2918,2,2,5,0,Branislav Ivanovic,1984-02-22,Defender,Right-Back,185.0,right,2015-09-01,31.0,11000000.0
36861,2013,37,3285,1,1,9,0,Damien Delaney,1981-07-20,Defender,Centre-Back,190.0,left,2013-09-01,32.0,1000000.0
36861,2014,29,2434,0,0,8,0,Damien Delaney,1981-07-20,Defender,Centre-Back,190.0,left,2014-09-01,33.0,1000000.0
36861,2015,32,2880,2,3,2,0,Damien Delaney,1981-07-20,Defender,Centre-Back,190.0,left,2015-09-01,34.0,2000000.0
36861,2016,30,2007,0,2,8,0,Damien Delaney,1981-07-20,Defender,Centre-Back,190.0,left,2016-09-01,35.0,1000000.0
36866,2012,27,2210,1,3,8,0,Billy Jones,1987-03-24,Defender,Right-Back,182.0,right,2012-09-01,25.0,2500000.0
36866,2013,21,1740,0,1,5,0,Billy Jones,1987-03-24,Defender,Right-Back,182.0,right,2013-09-01,26.0,2500000.0
36866,2014,14,1255,0,1,7,0,Billy Jones,1987-03-24,Defender,Right-Back,182.0,right,2014-09-01,27.0,1500000.0
36866,2015,24,2033,1,0,8,0,Billy Jones,1987-03-24,Defender,Right-Back,182.0,right,2015-09-01,28.0,2000000.0
36866,2016,27,2271,1,0,8,0,Billy Jones,1987-03-24,Defender,Right-Back,182.0,right,2016-09-01,29.0,1500000.0
36939,2015,26,1334,3,3,1,0,Marc Pugh,1987-04-02,Attack,Left Winger,180.0,right,2015-09-01,28.0,2000000.0
36939,2016,21,1332,2,3,1,0,Marc Pugh,1987-04-02,Attack,Left Winger,180.0,right,2016-09-01,29.0,2000000.0
36939,2017,20,982,0,0,2,0,Marc Pugh,1987-04-02,Attack,Left Winger,180.0,right,2017-09-01,30.0,1500000.0
37011,2012,37,2307,3,5,5,0,Nathan Dyer,1987-11-29,Attack,Right Winger,165.0,right,2012-09-01,24.0,4500000.0
37011,2013,27,1750,6,2,1,0,Nathan Dyer,1987-11-29,Attack,Right Winger,165.0,right,2013-09-01,25.0,4500000.0
37011,2014,32,1868,3,2,2,0,Nathan Dyer,1987-11-29,Attack,Right Winger,165.0,right,2014-09-01,26.0,4500000.0
37011,2017,24,1307,0,0,2,0,Nathan Dyer,1987-11-29,Attack,Right Winger,165.0,right,2017-09-01,29.0,2500000.0
37148,2012,28,2190,9,5,4,0,Gabriel Agbonlahor,1986-10-13,Attack,Centre-Forward,183.0,right,2012-09-01,25.0,9000000.0
37148,2013,30,2446,4,6,7,0,Gabriel Agbonlahor,1986-10-13,Attack,Centre-Forward,183.0,right,2013-09-01,26.0,6500000.0
37148,2014,34,2696,6,1,7,1,Gabriel Agbonlahor,1986-10-13,Attack,Centre-Forward,183.0,right,2014-09-01,27.0,4000000.0
37148,2015,15,1036,1,2,0,0,Gabriel Agbonlahor,1986-10-13,Attack,Centre-Forward,183.0,right,2015-09-01,28.0,3000000.0
37152,2015,12,1012,1,0,1,0,Tommy Elphick,1987-09-07,Defender,Centre-Back,188.0,right,2015-09-01,27.0,1500000.0
37157,2012,35,2897,7,6,1,1,Stéphane Sessègnon,1984-06-01,Midfield,Attacking Midfield,172.0,right,2012-09-01,28.0,10000000.0
37157,2013,28,2079,5,1,0,0,Stéphane Sessègnon,1984-06-01,Midfield,Attacking Midfield,172.0,right,2013-09-01,29.0,7000000.0
37157,2014,28,1763,1,3,5,0,Stéphane Sessègnon,1984-06-01,Midfield,Attacking Midfield,172.0,right,2014-09-01,30.0,5000000.0
37157,2015,25,1760,2,2,1,0,Stéphane Sessègnon,1984-06-01,Midfield,Attacking Midfield,172.0,right,2015-09-01,31.0,3000000.0
37171,2012,33,2832,6,2,10,1,Craig Gardner,1986-11-25,Midfield,Central Midfield,176.0,right,2012-09-01,25.0,7500000.0
37171,2014,35,2684,3,4,10,0,Craig Gardner,1986-11-25,Midfield,Central Midfield,176.0,right,2014-09-01,27.0,3000000.0
37171,2015,34,2035,3,3,5,0,Craig Gardner,1986-11-25,Midfield,Central Midfield,176.0,right,2015-09-01,28.0,3000000.0
37304,2012,34,2158,8,5,3,0,Shane Long,1987-01-22,Attack,Centre-Forward,180.0,both,2012-09-01,25.0,6000000.0
37304,2013,30,2242,7,2,2,0,Shane Long,1987-01-22,Attack,Centre-Forward,180.0,both,2013-09-01,26.0,7000000.0
37304,2014,32,1539,5,7,2,0,Shane Long,1987-01-22,Attack,Centre-Forward,180.0,both,2014-09-01,27.0,9000000.0
37304,2015,28,2111,10,4,2,0,Shane Long,1987-01-22,Attack,Centre-Forward,180.0,both,2015-09-01,28.0,10000000.0
37304,2016,32,1249,3,2,2,0,Shane Long,1987-01-22,Attack,Centre-Forward,180.0,both,2016-09-01,29.0,9000000.0
37304,2017,30,1579,2,2,6,0,Shane Long,1987-01-22,Attack,Centre-Forward,180.0,both,2017-09-01,30.0,7000000.0
37304,2018,26,1270,5,2,2,0,Shane Long,1987-01-22,Attack,Centre-Forward,180.0,both,2018-09-01,31.0,7000000.0
37304,2019,26,1399,2,3,0,0,Shane Long,1987-01-22,Attack,Centre-Forward,180.0,both,2019-09-01,32.0,2800000.0
37363,2013,24,1757,1,0,5,1,Lee Cattermole,1988-03-21,Midfield,Defensive Midfield,178.0,right,2013-09-01,25.0,3500000.0
37363,2014,28,2358,1,0,14,0,Lee Cattermole,1988-03-21,Midfield,Defensive Midfield,178.0,right,2014-09-01,26.0,3500000.0
37363,2015,31,2216,0,0,8,0,Lee Cattermole,1988-03-21,Midfield,Defensive Midfield,178.0,right,2015-09-01,27.0,3500000.0
37442,2012,19,1525,0,2,3,0,Danny Simpson,1987-01-04,Defender,Right-Back,176.0,right,2012-09-01,25.0,4000000.0
37442,2014,15,1253,0,0,4,0,Danny Simpson,1987-01-04,Defender,Right-Back,176.0,right,2014-09-01,27.0,2000000.0
37442,2015,30,2613,0,0,5,0,Danny Simpson,1987-01-04,Defender,Right-Back,176.0,right,2015-09-01,28.0,3000000.0
37442,2016,35,2990,0,2,12,0,Danny Simpson,1987-01-04,Defender,Right-Back,176.0,right,2016-09-01,29.0,5000000.0
37442,2017,28,2313,0,0,4,0,Danny Simpson,1987-01-04,Defender,Right-Back,176.0,right,2017-09-01,30.0,5000000.0
37526,2012,36,3145,1,1,8,0,Winston Reid,1988-07-03,Defender,Centre-Back,191.0,right,2012-09-01,24.0,6000000.0
37526,2013,22,1674,1,0,2,0,Winston Reid,1988-07-03,Defender,Centre-Back,191.0,right,2013-09-01,25.0,6000000.0
37526,2014,30,2503,1,0,10,0,Winston Reid,1988-07-03,Defender,Centre-Back,191.0,right,2014-09-01,26.0,9000000.0
37526,2015,24,2136,1,2,5,0,Winston Reid,1988-07-03,Defender,Centre-Back,191.0,right,2015-09-01,27.0,9000000.0
37526,2016,30,2590,2,3,10,0,Winston Reid,1988-07-03,Defender,Centre-Back,191.0,right,2016-09-01,28.0,10000000.0
37526,2017,17,1454,0,0,5,0,Winston Reid,1988-07-03,Defender,Centre-Back,191.0,right,2017-09-01,29.0,7000000.0
37647,2015,30,2573,9,12,3,0,Dimitri Payet,1987-03-29,Midfield,Attacking Midfield,175.0,right,2015-09-01,28.0,23000000.0
37647,2016,18,1515,2,7,2,0,Dimitri Payet,1987-03-29,Midfield,Attacking Midfield,175.0,right,2016-09-01,29.0,26000000.0
37838,2013,31,2788,2,1,7,0,Dejan Lovren,1989-07-05,Defender,Centre-Back,188.0,right,2013-09-01,24.0,12000000.0
37838,2014,26,2036,0,0,4,0,Dejan Lovren,1989-07-05,Defender,Centre-Back,188.0,right,2014-09-01,25.0,15000000.0
37838,2015,24,1897,0,0,2,0,Dejan Lovren,1989-07-05,Defender,Centre-Back,188.0,right,2015-09-01,26.0,13000000.0
37838,2016,29,2554,2,1,6,0,Dejan Lovren,1989-07-05,Defender,Centre-Back,188.0,right,2016-09-01,27.0,17000000.0
37838,2017,29,2125,2,1,4,0,Dejan Lovren,1989-07-05,Defender,Centre-Back,188.0,right,2017-09-01,28.0,20000000.0
37838,2018,13,986,1,1,1,0,Dejan Lovren,1989-07-05,Defender,Centre-Back,188.0,right,2018-09-01,29.0,20000000.0
37920,2016,15,1147,0,5,1,0,Kamil Grosicki,1988-06-08,Attack,Left Winger,180.0,right,2016-09-01,28.0,7000000.0
37934,2012,29,1509,3,3,0,0,Hugo Rodallega,1985-07-25,Attack,Centre-Forward,181.0,right,2012-09-01,27.0,4000000.0
37957,2013,20,1594,0,1,2,0,Alex Bruce,1984-09-28,Defender,Centre-Back,180.0,right,2013-09-01,28.0,1000000.0
37957,2014,22,1448,0,1,3,0,Alex Bruce,1984-09-28,Defender,Centre-Back,180.0,right,2014-09-01,29.0,1000000.0
37981,2015,21,1776,2,0,5,0,Sebastian Prödl,1987-06-21,Defender,Centre-Back,194.0,right,2015-09-01,28.0,4000000.0
37981,2016,33,2772,1,2,12,0,Sebastian Prödl,1987-06-21,Defender,Centre-Back,194.0,right,2016-09-01,29.0,4000000.0
37981,2017,21,1568,0,0,5,0,Sebastian Prödl,1987-06-21,Defender,Centre-Back,194.0,right,2017-09-01,30.0,4000000.0
38073,2013,34,2965,0,1,2,0,Martin Olsson,1988-05-17,Defender,Left-Back,178.0,left,2013-09-01,25.0,4000000.0
38073,2015,24,1774,1,2,2,0,Martin Olsson,1988-05-17,Defender,Left-Back,178.0,left,2015-09-01,27.0,3500000.0
38073,2016,15,1253,2,0,2,0,Martin Olsson,1988-05-17,Defender,Left-Back,178.0,left,2016-09-01,28.0,5000000.0
38073,2017,36,3154,0,1,7,0,Martin Olsson,1988-05-17,Defender,Left-Back,178.0,left,2017-09-01,29.0,5000000.0
38094,2018,20,1543,0,0,4,0,Lee Peltier,1986-12-11,Defender,Right-Back,178.0,right,2018-09-01,31.0,1500000.0
38145,2012,29,2610,1,0,5,0,Adrian Mariappa,1986-10-03,Defender,Centre-Back,179.0,right,2012-09-01,25.0,3000000.0
38145,2013,24,2113,1,1,6,0,Adrian Mariappa,1986-10-03,Defender,Centre-Back,179.0,right,2013-09-01,26.0,2500000.0
38145,2017,28,2208,0,0,4,0,Adrian Mariappa,1986-10-03,Defender,Centre-Back,179.0,right,2017-09-01,30.0,1500000.0
38145,2018,26,1924,0,0,3,0,Adrian Mariappa,1986-10-03,Defender,Centre-Back,179.0,right,2018-09-01,31.0,3000000.0
38145,2019,20,1510,0,0,6,0,Adrian Mariappa,1986-10-03,Defender,Centre-Back,179.0,right,2019-09-01,32.0,1600000.0
38383,2017,20,1116,0,0,2,0,Danny Williams,1989-03-08,Midfield,Defensive Midfield,182.0,right,2017-09-01,28.0,2000000.0
38497,2015,20,1294,3,3,5,0,Jeremain Lens,1987-11-24,Attack,Right Winger,178.0,right,2015-09-01,27.0,11000000.0
39010,2012,32,1518,3,1,4,1,Jordi Gómez,1985-05-24,Midfield,Central Midfield,178.0,left,2012-09-01,27.0,3500000.0
39010,2014,29,1941,4,3,8,0,Jordi Gómez,1985-05-24,Midfield,Central Midfield,178.0,left,2014-09-01,29.0,3000000.0
39152,2014,26,1288,4,5,2,0,Radamel Falcao,1986-02-10,Attack,Centre-Forward,177.0,right,2014-09-01,28.0,45000000.0
39153,2018,14,1092,5,0,0,0,Gonzalo Higuaín,1987-12-10,Attack,Centre-Forward,184.0,right,2018-09-01,30.0,35000000.0
39378,2013,31,1776,1,3,3,0,Jozy Altidore,1989-11-06,Attack,Centre-Forward,185.0,right,2013-09-01,23.0,6000000.0
39381,2012,33,2925,21,8,6,0,Gareth Bale,1989-07-16,Attack,Right Winger,186.0,left,2012-09-01,23.0,42000000.0
39381,2020,20,922,11,2,1,0,Gareth Bale,1989-07-16,Attack,Right Winger,186.0,left,2020-09-01,31.0,18000000.0
39518,2013,31,2721,0,1,5,0,Ben Turner,1988-08-21,Defender,Centre-Back,193.0,left,2013-09-01,25.0,2000000.0
39532,2012,26,1717,6,6,2,0,Victor Anichebe,1988-04-23,Attack,Centre-Forward,190.0,right,2012-09-01,24.0,3500000.0
39532,2013,25,1218,3,3,3,0,Victor Anichebe,1988-04-23,Attack,Centre-Forward,190.0,right,2013-09-01,25.0,5000000.0
39532,2014,21,1034,3,3,0,0,Victor Anichebe,1988-04-23,Attack,Centre-Forward,190.0,right,2014-09-01,26.0,3500000.0
39532,2016,18,1216,3,1,2,0,Victor Anichebe,1988-04-23,Attack,Centre-Forward,190.0,right,2016-09-01,28.0,1500000.0
39642,2012,29,2384,5,9,2,0,Bryan Ruiz,1985-08-18,Midfield,Attacking Midfield,187.0,left,2012-09-01,27.0,13000000.0
39679,2012,31,2786,11,6,9,0,Marouane Fellaini,1987-11-22,Midfield,Central Midfield,194.0,right,2012-09-01,24.0,28000000.0
39679,2013,19,1376,0,3,2,0,Marouane Fellaini,1987-11-22,Midfield,Central Midfield,194.0,right,2013-09-01,25.0,23000000.0
39679,2014,27,1830,6,0,5,1,Marouane Fellaini,1987-11-22,Midfield,Central Midfield,194.0,right,2014-09-01,26.0,16000000.0
39679,2015,18,1070,1,0,2,0,Marouane Fellaini,1987-11-22,Midfield,Central Midfield,194.0,right,2015-09-01,27.0,15000000.0
39679,2016,28,1599,1,0,9,1,Marouane Fellaini,1987-11-22,Midfield,Central Midfield,194.0,right,2016-09-01,28.0,12000000.0
39883,2013,28,2152,4,4,3,0,Morgan Amalfitano,1985-03-20,Midfield,Right Midfield,178.0,right,2013-09-01,28.0,5000000.0
39883,2014,24,1180,3,1,3,0,Morgan Amalfitano,1985-03-20,Midfield,Right Midfield,178.0,right,2014-09-01,29.0,4750000.0
39908,2015,32,1658,5,2,2,0,Rudy Gestede,1988-10-10,Attack,Centre-Forward,193.0,right,2015-09-01,26.0,7000000.0
39909,2012,22,998,1,5,0,0,Sylvain Marveaux,1986-04-15,Midfield,Attacking Midfield,172.0,left,2012-09-01,26.0,3000000.0
40043,2012,33,2532,0,0,4,0,Leon Britton,1982-09-16,Midfield,Central Midfield,167.0,right,2012-09-01,29.0,4500000.0
40043,2013,25,2022,0,2,2,0,Leon Britton,1982-09-16,Midfield,Central Midfield,167.0,right,2013-09-01,30.0,3000000.0
40043,2015,25,1527,0,0,4,0,Leon Britton,1982-09-16,Midfield,Central Midfield,167.0,right,2015-09-01,32.0,1500000.0
40043,2016,16,1177,0,0,3,0,Leon Britton,1982-09-16,Midfield,Central Midfield,167.0,right,2016-09-01,33.0,1000000.0
40205,2012,34,2541,15,4,0,0,Demba Ba,1985-05-25,Attack,Centre-Forward,189.0,right,2012-09-01,27.0,22000000.0
40433,2014,35,2952,16,8,4,0,Alexis Sánchez,1988-12-19,Attack,Second Striker,169.0,right,2014-09-01,25.0,45000000.0
40433,2015,30,2445,13,5,1,0,Alexis Sánchez,1988-12-19,Attack,Second Striker,169.0,right,2015-09-01,26.0,55000000.0
40433,2016,38,3224,24,11,6,0,Alexis Sánchez,1988-12-19,Attack,Second Striker,169.0,right,2016-09-01,27.0,65000000.0
40433,2017,31,2556,9,6,5,0,Alexis Sánchez,1988-12-19,Attack,Second Striker,169.0,right,2017-09-01,28.0,70000000.0
40567,2012,36,3240,3,3,3,0,Gareth McAuley,1979-12-05,Defender,Centre-Back,191.0,right,2012-09-01,32.0,1500000.0
40567,2013,32,2860,2,1,4,0,Gareth McAuley,1979-12-05,Defender,Centre-Back,191.0,right,2013-09-01,33.0,1000000.0
40567,2014,24,2072,1,0,2,1,Gareth McAuley,1979-12-05,Defender,Centre-Back,191.0,right,2014-09-01,34.0,500000.0
40567,2015,34,3060,1,0,4,1,Gareth McAuley,1979-12-05,Defender,Centre-Back,191.0,right,2015-09-01,35.0,1000000.0
40567,2016,36,3143,6,1,5,0,Gareth McAuley,1979-12-05,Defender,Centre-Back,191.0,right,2016-09-01,36.0,1000000.0
40611,2012,19,1283,0,0,1,0,Ryan Bertrand,1989-08-05,Defender,Left-Back,179.0,left,2012-09-01,23.0,5000000.0
40611,2013,17,1455,0,0,3,0,Ryan Bertrand,1989-08-05,Defender,Left-Back,179.0,left,2013-09-01,24.0,6000000.0
40611,2014,34,3055,2,3,3,1,Ryan Bertrand,1989-08-05,Defender,Left-Back,179.0,left,2014-09-01,25.0,10000000.0
40611,2015,32,2880,1,4,6,0,Ryan Bertrand,1989-08-05,Defender,Left-Back,179.0,left,2015-09-01,26.0,14000000.0
40611,2016,28,2508,2,5,3,0,Ryan Bertrand,1989-08-05,Defender,Left-Back,179.0,left,2016-09-01,27.0,20000000.0
40611,2017,35,3137,0,4,2,0,Ryan Bertrand,1989-08-05,Defender,Left-Back,179.0,left,2017-09-01,28.0,20000000.0
40611,2018,24,2160,1,0,8,0,Ryan Bertrand,1989-08-05,Defender,Left-Back,179.0,left,2018-09-01,29.0,15000000.0
40611,2019,32,2744,1,1,3,1,Ryan Bertrand,1989-08-05,Defender,Left-Back,179.0,left,2019-09-01,30.0,10500000.0
40611,2020,29,2599,0,1,5,0,Ryan Bertrand,1989-08-05,Defender,Left-Back,179.0,left,2020-09-01,31.0,8000000.0
40612,2014,18,907,0,2,8,0,Liam Bridcutt,1989-05-08,Midfield,Defensive Midfield,175.0,right,2014-09-01,25.0,3000000.0
40613,2012,28,2430,0,1,1,0,Jack Cork,1989-06-25,Midfield,Defensive Midfield,185.0,right,2012-09-01,23.0,2500000.0
40613,2013,28,1736,0,2,5,0,Jack Cork,1989-06-25,Midfield,Defensive Midfield,185.0,right,2013-09-01,24.0,3500000.0
40613,2014,27,1801,3,1,1,0,Jack Cork,1989-06-25,Midfield,Defensive Midfield,185.0,right,2014-09-01,25.0,4000000.0
40613,2015,35,2544,1,2,3,0,Jack Cork,1989-06-25,Midfield,Defensive Midfield,185.0,right,2015-09-01,26.0,4000000.0
40613,2016,30,2233,0,0,7,0,Jack Cork,1989-06-25,Midfield,Defensive Midfield,185.0,right,2016-09-01,27.0,5000000.0
40613,2017,38,3420,2,1,7,0,Jack Cork,1989-06-25,Midfield,Defensive Midfield,185.0,right,2017-09-01,28.0,15000000.0
40613,2018,37,3313,1,2,6,0,Jack Cork,1989-06-25,Midfield,Defensive Midfield,185.0,right,2018-09-01,29.0,15000000.0
40613,2019,30,2618,0,0,1,0,Jack Cork,1989-06-25,Midfield,Defensive Midfield,185.0,right,2019-09-01,30.0,12000000.0
40613,2020,16,1353,0,0,2,0,Jack Cork,1989-06-25,Midfield,Defensive Midfield,185.0,right,2020-09-01,31.0,5000000.0
40613,2021,20,1676,1,0,4,0,Jack Cork,1989-06-25,Midfield,Defensive Midfield,185.0,right,2021-09-01,32.0,1800000.0
41112,2015,11,945,1,0,2,0,Jose Cholevas,1984-06-27,Defender,Left-Back,184.0,left,2015-09-01,31.0,2000000.0
41112,2016,33,2910,2,4,14,0,Jose Cholevas,1984-06-27,Defender,Left-Back,184.0,left,2016-09-01,32.0,2000000.0
41112,2017,28,2382,0,4,7,0,Jose Cholevas,1984-06-27,Defender,Left-Back,184.0,left,2017-09-01,33.0,2000000.0
41112,2018,28,2394,3,6,12,1,Jose Cholevas,1984-06-27,Defender,Left-Back,184.0,left,2018-09-01,34.0,2000000.0
41112,2019,14,1024,0,0,5,0,Jose Cholevas,1984-06-27,Defender,Left-Back,184.0,left,2019-09-01,35.0,1200000.0
41355,2013,25,1394,1,2,1,0,Ricky van Wolfswinkel,1989-01-27,Attack,Centre-Forward,186.0,right,2013-09-01,24.0,7500000.0
41384,2013,30,2256,4,10,3,0,Marko Arnautovic,1989-04-19,Attack,Centre-Forward,192.0,both,2013-09-01,24.0,4500000.0
41384,2014,29,1918,1,6,2,0,Marko Arnautovic,1989-04-19,Attack,Centre-Forward,192.0,both,2014-09-01,25.0,5000000.0
41384,2015,34,2819,11,6,2,0,Marko Arnautovic,1989-04-19,Attack,Centre-Forward,192.0,both,2015-09-01,26.0,10000000.0
41384,2016,32,2725,6,5,9,1,Marko Arnautovic,1989-04-19,Attack,Centre-Forward,192.0,both,2016-09-01,27.0,15000000.0
41384,2017,31,2322,11,6,5,1,Marko Arnautovic,1989-04-19,Attack,Centre-Forward,192.0,both,2017-09-01,28.0,25000000.0
41384,2018,28,2001,10,4,3,0,Marko Arnautovic,1989-04-19,Attack,Centre-Forward,192.0,both,2018-09-01,29.0,35000000.0
41414,2012,26,1951,0,1,7,0,Lucas Leiva,1987-01-09,Midfield,Defensive Midfield,179.0,right,2012-09-01,25.0,15000000.0
41414,2013,27,1872,0,0,6,0,Lucas Leiva,1987-01-09,Midfield,Defensive Midfield,179.0,right,2013-09-01,26.0,17000000.0
41414,2014,20,1313,0,0,4,0,Lucas Leiva,1987-01-09,Midfield,Defensive Midfield,179.0,right,2014-09-01,27.0,12000000.0
41414,2015,27,1954,0,1,8,0,Lucas Leiva,1987-01-09,Midfield,Defensive Midfield,179.0,right,2015-09-01,28.0,12000000.0
41414,2016,24,1105,0,3,4,0,Lucas Leiva,1987-01-09,Midfield,Defensive Midfield,179.0,right,2016-09-01,29.0,7000000.0
41416,2012,34,2408,3,2,7,0,James McArthur,1987-10-07,Midfield,Central Midfield,178.0,both,2012-09-01,24.0,3000000.0
41416,2014,32,2607,2,1,6,0,James McArthur,1987-10-07,Midfield,Central Midfield,178.0,both,2014-09-01,26.0,7000000.0
41416,2015,28,2192,2,2,5,0,James McArthur,1987-10-07,Midfield,Central Midfield,178.0,both,2015-09-01,27.0,7000000.0
41416,2016,29,2009,5,3,5,0,James McArthur,1987-10-07,Midfield,Central Midfield,178.0,both,2016-09-01,28.0,7000000.0
41416,2017,33,2434,5,1,5,0,James McArthur,1987-10-07,Midfield,Central Midfield,178.0,both,2017-09-01,29.0,6000000.0
41416,2018,38,3073,3,6,7,0,James McArthur,1987-10-07,Midfield,Central Midfield,178.0,both,2018-09-01,30.0,7000000.0
41416,2019,37,3104,0,4,6,0,James McArthur,1987-10-07,Midfield,Central Midfield,178.0,both,2019-09-01,31.0,4800000.0
41416,2020,18,1471,0,2,3,0,James McArthur,1987-10-07,Midfield,Central Midfield,178.0,both,2020-09-01,32.0,2000000.0
41416,2021,21,1437,0,4,3,0,James McArthur,1987-10-07,Midfield,Central Midfield,178.0,both,2021-09-01,33.0,1200000.0
42198,2013,17,936,1,4,1,0,Sone Aluko,1989-02-19,Attack,Right Winger,173.0,left,2013-09-01,24.0,3500000.0
42198,2014,25,1243,1,0,2,0,Sone Aluko,1989-02-19,Attack,Right Winger,173.0,left,2014-09-01,25.0,2500000.0
42234,2016,16,956,0,1,2,0,Havard Nordtveit,1990-06-21,Defender,Centre-Back,188.0,right,2016-09-01,26.0,5000000.0
42284,2012,12,1020,0,1,2,0,Jay Tabb,1984-02-21,Midfield,Left Midfield,170.0,left,2012-09-01,28.0,1000000.0
42411,2013,37,2775,6,5,4,0,Fraizer Campbell,1987-09-13,Attack,Centre-Forward,172.0,right,2013-09-01,25.0,4000000.0
42411,2014,20,1177,4,0,4,0,Fraizer Campbell,1987-09-13,Attack,Centre-Forward,172.0,right,2014-09-01,26.0,3500000.0
42412,2012,23,1903,3,2,2,0,Jonny Evans,1988-01-03,Defender,Centre-Back,188.0,both,2012-09-01,24.0,13000000.0
42412,2013,17,1377,0,0,0,0,Jonny Evans,1988-01-03,Defender,Centre-Back,188.0,both,2013-09-01,25.0,13000000.0
42412,2014,14,1091,0,0,1,0,Jonny Evans,1988-01-03,Defender,Centre-Back,188.0,both,2014-09-01,26.0,8000000.0
42412,2015,30,2593,1,1,4,0,Jonny Evans,1988-01-03,Defender,Centre-Back,188.0,both,2015-09-01,27.0,6000000.0
42412,2016,31,2638,2,1,8,0,Jonny Evans,1988-01-03,Defender,Centre-Back,188.0,both,2016-09-01,28.0,7000000.0
42412,2017,28,2273,2,1,7,0,Jonny Evans,1988-01-03,Defender,Centre-Back,188.0,both,2017-09-01,29.0,15000000.0
42412,2018,24,1995,1,0,2,0,Jonny Evans,1988-01-03,Defender,Centre-Back,188.0,both,2018-09-01,30.0,10000000.0
42412,2019,38,3386,1,2,8,1,Jonny Evans,1988-01-03,Defender,Centre-Back,188.0,both,2019-09-01,31.0,12000000.0
42412,2020,28,2476,2,2,6,0,Jonny Evans,1988-01-03,Defender,Centre-Back,188.0,both,2020-09-01,32.0,7000000.0
42412,2021,18,1350,1,1,3,0,Jonny Evans,1988-01-03,Defender,Centre-Back,188.0,both,2021-09-01,33.0,4000000.0
42412,2022,13,1053,0,0,1,0,Jonny Evans,1988-01-03,Defender,Centre-Back,188.0,both,2022-09-01,34.0,2000000.0
42412,2023,23,1396,0,1,2,0,Jonny Evans,1988-01-03,Defender,Centre-Back,188.0,both,2023-09-01,35.0,2000000.0
42413,2012,23,1807,1,2,4,1,Darron Gibson,1987-10-25,Midfield,Central Midfield,183.0,right,2012-09-01,24.0,3500000.0
42460,2022,34,2111,1,8,6,0,Ivan Perišić,1989-02-02,Attack,Left Winger,186.0,both,2022-09-01,33.0,7000000.0
42513,2013,32,2020,6,2,0,0,Gary Hooper,1988-01-26,Attack,Centre-Forward,177.0,right,2013-09-01,25.0,7000000.0
42710,2014,26,2263,1,0,3,0,Toby Alderweireld,1989-03-02,Defender,Centre-Back,187.0,right,2014-09-01,25.0,11000000.0
42710,2015,38,3420,4,2,3,0,Toby Alderweireld,1989-03-02,Defender,Centre-Back,187.0,right,2015-09-01,26.0,27000000.0
42710,2016,30,2603,1,0,1,0,Toby Alderweireld,1989-03-02,Defender,Centre-Back,187.0,right,2016-09-01,27.0,35000000.0
42710,2017,14,1177,0,0,3,0,Toby Alderweireld,1989-03-02,Defender,Centre-Back,187.0,right,2017-09-01,28.0,40000000.0
42710,2018,34,2923,0,0,3,0,Toby Alderweireld,1989-03-02,Defender,Centre-Back,187.0,right,2018-09-01,29.0,40000000.0
42710,2019,33,2958,2,2,7,0,Toby Alderweireld,1989-03-02,Defender,Centre-Back,187.0,right,2019-09-01,30.0,24000000.0
42710,2020,25,2241,1,0,2,0,Toby Alderweireld,1989-03-02,Defender,Centre-Back,187.0,right,2020-09-01,31.0,11000000.0
43003,2013,23,1179,0,1,2,0,Nacho Monreal,1986-02-26,Defender,Left-Back,179.0,left,2013-09-01,27.0,11000000.0
43003,2014,28,2311,0,2,3,0,Nacho Monreal,1986-02-26,Defender,Left-Back,179.0,left,2014-09-01,28.0,10000000.0
43003,2015,37,3249,0,3,1,0,Nacho Monreal,1986-02-26,Defender,Left-Back,179.0,left,2015-09-01,29.0,15000000.0
43003,2016,36,3153,0,2,5,0,Nacho Monreal,1986-02-26,Defender,Left-Back,179.0,left,2016-09-01,30.0,13000000.0
43003,2017,28,2242,5,2,3,0,Nacho Monreal,1986-02-26,Defender,Left-Back,179.0,left,2017-09-01,31.0,13000000.0
43003,2018,22,1861,1,4,5,0,Nacho Monreal,1986-02-26,Defender,Left-Back,179.0,left,2018-09-01,32.0,8000000.0
43193,2012,24,940,1,2,3,0,Elliott Bennett,1988-12-18,Midfield,Right Midfield,179.0,right,2012-09-01,23.0,2000000.0
43250,2012,34,3060,5,3,7,0,Jan Vertonghen,1987-04-24,Defender,Centre-Back,189.0,left,2012-09-01,25.0,19000000.0
43250,2013,23,2004,0,0,4,0,Jan Vertonghen,1987-04-24,Defender,Centre-Back,189.0,left,2013-09-01,26.0,22000000.0
43250,2014,32,2810,1,0,6,0,Jan Vertonghen,1987-04-24,Defender,Centre-Back,189.0,left,2014-09-01,27.0,19000000.0
43250,2015,29,2595,0,0,5,0,Jan Vertonghen,1987-04-24,Defender,Centre-Back,189.0,left,2015-09-01,28.0,23000000.0
43250,2016,33,2897,0,0,5,0,Jan Vertonghen,1987-04-24,Defender,Centre-Back,189.0,left,2016-09-01,29.0,28000000.0
43250,2017,36,3206,0,0,4,0,Jan Vertonghen,1987-04-24,Defender,Centre-Back,189.0,left,2017-09-01,30.0,32000000.0
43250,2018,22,1914,1,1,5,0,Jan Vertonghen,1987-04-24,Defender,Centre-Back,189.0,left,2018-09-01,31.0,28000000.0
43250,2019,23,1646,1,1,2,0,Jan Vertonghen,1987-04-24,Defender,Centre-Back,189.0,left,2019-09-01,32.0,14500000.0
43266,2014,28,1635,1,3,3,1,Stephen Quinn,1986-04-01,Midfield,Central Midfield,168.0,left,2014-09-01,28.0,1500000.0
43530,2012,30,2239,3,6,2,0,Adam Lallana,1988-05-10,Midfield,Attacking Midfield,172.0,both,2012-09-01,24.0,5500000.0
43530,2013,38,3101,9,8,3,0,Adam Lallana,1988-05-10,Midfield,Attacking Midfield,172.0,both,2013-09-01,25.0,7500000.0
43530,2014,27,1789,5,3,4,0,Adam Lallana,1988-05-10,Midfield,Attacking Midfield,172.0,both,2014-09-01,26.0,22000000.0
43530,2015,30,2114,4,6,2,0,Adam Lallana,1988-05-10,Midfield,Attacking Midfield,172.0,both,2015-09-01,27.0,19000000.0
43530,2016,31,2348,8,7,3,0,Adam Lallana,1988-05-10,Midfield,Attacking Midfield,172.0,both,2016-09-01,28.0,25000000.0
43530,2020,30,1590,1,1,0,0,Adam Lallana,1988-05-10,Midfield,Attacking Midfield,172.0,both,2020-09-01,32.0,4000000.0
43530,2021,24,1561,0,1,4,0,Adam Lallana,1988-05-10,Midfield,Attacking Midfield,172.0,both,2021-09-01,33.0,2000000.0
43722,2014,26,2132,0,2,4,0,Mauricio Isla,1988-06-12,Defender,Right-Back,176.0,right,2014-09-01,26.0,9000000.0
43763,2013,36,2902,1,2,5,0,Erik Pieters,1988-08-07,Defender,Centre-Back,183.0,left,2013-09-01,25.0,3500000.0
43763,2014,31,2562,0,2,8,0,Erik Pieters,1988-08-07,Defender,Centre-Back,183.0,left,2014-09-01,26.0,3000000.0
43763,2015,35,3097,0,1,10,0,Erik Pieters,1988-08-07,Defender,Centre-Back,183.0,left,2015-09-01,27.0,5000000.0
43763,2016,36,3151,0,1,4,0,Erik Pieters,1988-08-07,Defender,Centre-Back,183.0,left,2016-09-01,28.0,7000000.0
43763,2017,31,2720,0,1,5,0,Erik Pieters,1988-08-07,Defender,Centre-Back,183.0,left,2017-09-01,29.0,6000000.0
43763,2019,24,1878,0,4,2,0,Erik Pieters,1988-08-07,Defender,Centre-Back,183.0,left,2019-09-01,31.0,4000000.0
43763,2020,20,1263,0,2,1,0,Erik Pieters,1988-08-07,Defender,Centre-Back,183.0,left,2020-09-01,32.0,1500000.0
43853,2012,20,1790,0,0,1,0,Chris Gunter,1989-07-21,Defender,Right-Back,180.0,right,2012-09-01,23.0,3000000.0
44065,2012,24,1663,1,1,7,0,Esteban Granero,1987-07-02,Midfield,Central Midfield,180.0,right,2012-09-01,25.0,7500000.0
44068,2012,35,2741,12,16,3,0,Juan Mata,1988-04-28,Midfield,Attacking Midfield,170.0,left,2012-09-01,24.0,42000000.0
44068,2013,28,2064,6,7,0,0,Juan Mata,1988-04-28,Midfield,Attacking Midfield,170.0,left,2013-09-01,25.0,40000000.0
44068,2014,33,2308,9,4,2,0,Juan Mata,1988-04-28,Midfield,Attacking Midfield,170.0,left,2014-09-01,26.0,34000000.0
44068,2015,38,2899,6,7,6,0,Juan Mata,1988-04-28,Midfield,Attacking Midfield,170.0,left,2015-09-01,27.0,34000000.0
44068,2016,25,1628,6,3,3,0,Juan Mata,1988-04-28,Midfield,Attacking Midfield,170.0,left,2016-09-01,28.0,30000000.0
44068,2017,28,1931,3,5,1,0,Juan Mata,1988-04-28,Midfield,Attacking Midfield,170.0,left,2017-09-01,29.0,30000000.0
44068,2018,22,1293,3,4,3,0,Juan Mata,1988-04-28,Midfield,Attacking Midfield,170.0,left,2018-09-01,30.0,20000000.0
44327,2016,16,1329,2,2,2,0,Andrea Ranocchia,1988-02-16,Defender,Centre-Back,195.0,right,2016-09-01,28.0,5000000.0
44352,2012,33,2955,23,11,10,0,Luis Suárez,1987-01-24,Attack,Centre-Forward,182.0,right,2012-09-01,25.0,36000000.0
44352,2013,33,2965,31,17,6,0,Luis Suárez,1987-01-24,Attack,Centre-Forward,182.0,right,2013-09-01,26.0,52000000.0
44624,2015,29,1588,7,1,0,0,Dieumerci Mbokani,1985-11-22,Attack,Centre-Forward,185.0,right,2015-09-01,29.0,7000000.0
44675,2014,16,1209,4,1,2,0,Bojan Krkic,1990-08-28,Attack,Second Striker,173.0,right,2014-09-01,24.0,7000000.0
44675,2015,27,1706,7,1,2,0,Bojan Krkic,1990-08-28,Attack,Second Striker,173.0,right,2015-09-01,25.0,10000000.0
44741,2018,18,935,1,1,4,0,Beram Kayal,1988-05-02,Midfield,Central Midfield,178.0,right,2018-09-01,30.0,1500000.0
44779,2014,26,2084,20,3,8,0,Diego Costa,1988-10-07,Attack,Centre-Forward,186.0,right,2014-09-01,25.0,50000000.0
44779,2015,28,2378,12,7,8,0,Diego Costa,1988-10-07,Attack,Centre-Forward,186.0,right,2015-09-01,26.0,45000000.0
44779,2016,35,3090,20,8,10,0,Diego Costa,1988-10-07,Attack,Centre-Forward,186.0,right,2016-09-01,27.0,50000000.0
44779,2022,23,1247,1,0,5,1,Diego Costa,1988-10-07,Attack,Centre-Forward,186.0,right,2022-09-01,33.0,2000000.0
44792,2012,27,2102,0,5,2,0,Kieran Gibbs,1989-09-26,Defender,Left-Back,181.0,left,2012-09-01,22.0,8000000.0
44792,2013,28,2054,0,1,2,1,Kieran Gibbs,1989-09-26,Defender,Left-Back,181.0,left,2013-09-01,23.0,13000000.0
44792,2014,22,1658,0,4,3,0,Kieran Gibbs,1989-09-26,Defender,Left-Back,181.0,left,2014-09-01,24.0,14000000.0
44792,2017,33,2830,0,1,3,0,Kieran Gibbs,1989-09-26,Defender,Left-Back,181.0,left,2017-09-01,27.0,8000000.0
44855,2014,15,1195,5,1,3,0,Dame N'Doye,1985-02-21,Attack,Centre-Forward,186.0,right,2014-09-01,29.0,7000000.0
44983,2015,34,2398,3,2,6,0,Dan Gosling,1990-02-01,Midfield,Central Midfield,180.0,right,2015-09-01,25.0,2000000.0
44983,2016,27,1357,2,0,6,0,Dan Gosling,1990-02-01,Midfield,Central Midfield,180.0,right,2016-09-01,26.0,3000000.0
44983,2017,28,1942,2,1,8,0,Dan Gosling,1990-02-01,Midfield,Central Midfield,180.0,right,2017-09-01,27.0,3500000.0
44983,2018,25,1738,2,1,8,0,Dan Gosling,1990-02-01,Midfield,Central Midfield,180.0,right,2018-09-01,28.0,3500000.0
44983,2019,24,1260,3,1,3,0,Dan Gosling,1990-02-01,Midfield,Central Midfield,180.0,right,2019-09-01,29.0,2000000.0
45121,2012,14,1142,6,0,1,0,Loïc Rémy,1987-01-02,Attack,Centre-Forward,185.0,right,2012-09-01,25.0,10000000.0
45121,2013,26,2103,14,3,2,1,Loïc Rémy,1987-01-02,Attack,Centre-Forward,185.0,right,2013-09-01,26.0,12000000.0
45146,2014,16,940,1,0,5,0,Mario Balotelli,1990-08-12,Attack,Centre-Forward,189.0,right,2014-09-01,24.0,15000000.0
45184,2017,27,1642,0,2,2,0,Grzegorz Krychowiak,1990-01-29,Midfield,Defensive Midfield,187.0,right,2017-09-01,27.0,18000000.0
45272,2012,28,2516,2,2,4,1,Youssouf Mulumbu,1987-01-25,Midfield,Defensive Midfield,177.0,right,2012-09-01,25.0,6000000.0
45272,2013,37,3080,2,2,7,0,Youssouf Mulumbu,1987-01-25,Midfield,Defensive Midfield,177.0,right,2013-09-01,26.0,5000000.0
45272,2014,17,902,0,0,1,1,Youssouf Mulumbu,1987-01-25,Midfield,Defensive Midfield,177.0,right,2014-09-01,27.0,4000000.0
45287,2012,31,2245,5,5,5,0,Adel Taarabt,1989-05-24,Midfield,Central Midfield,185.0,right,2012-09-01,23.0,10000000.0
45314,2014,20,1777,0,0,2,1,Federico Fazio,1987-03-17,Defender,Centre-Back,195.0,right,2014-09-01,27.0,8000000.0
45320,2014,27,1644,3,11,1,0,Ángel Di María,1988-02-14,Attack,Right Winger,178.0,left,2014-09-01,26.0,65000000.0
45330,2012,30,2480,0,0,6,0,Claudio Yacob,1987-07-18,Midfield,Defensive Midfield,182.0,right,2012-09-01,25.0,4500000.0
45330,2013,27,1843,1,0,7,0,Claudio Yacob,1987-07-18,Midfield,Defensive Midfield,182.0,right,2013-09-01,26.0,6000000.0
45330,2014,20,1390,0,0,5,1,Claudio Yacob,1987-07-18,Midfield,Defensive Midfield,182.0,right,2014-09-01,27.0,4000000.0
45330,2015,34,2852,0,1,9,0,Claudio Yacob,1987-07-18,Midfield,Defensive Midfield,182.0,right,2015-09-01,28.0,4000000.0
45330,2016,33,2422,0,0,9,0,Claudio Yacob,1987-07-18,Midfield,Defensive Midfield,182.0,right,2016-09-01,29.0,4000000.0
45330,2017,16,900,0,0,5,0,Claudio Yacob,1987-07-18,Midfield,Defensive Midfield,182.0,right,2017-09-01,30.0,3500000.0
45333,2012,38,3375,3,2,7,0,James McCarthy,1990-11-12,Midfield,Central Midfield,180.0,right,2012-09-01,21.0,6500000.0
45333,2013,34,2856,1,3,5,0,James McCarthy,1990-11-12,Midfield,Central Midfield,180.0,right,2013-09-01,22.0,12000000.0
45333,2014,28,2403,2,3,7,0,James McCarthy,1990-11-12,Midfield,Central Midfield,180.0,right,2014-09-01,23.0,17000000.0
45333,2015,29,2435,2,2,7,0,James McCarthy,1990-11-12,Midfield,Central Midfield,180.0,right,2015-09-01,24.0,17000000.0
45333,2019,33,1672,0,0,9,0,James McCarthy,1990-11-12,Midfield,Central Midfield,180.0,right,2019-09-01,28.0,2800000.0
45395,2012,30,2042,2,1,2,0,Jonathan Howson,1988-05-21,Midfield,Central Midfield,180.0,right,2012-09-01,24.0,3000000.0
45395,2013,27,2084,2,0,3,0,Jonathan Howson,1988-05-21,Midfield,Central Midfield,180.0,right,2013-09-01,25.0,3500000.0
45395,2015,36,2953,3,4,7,0,Jonathan Howson,1988-05-21,Midfield,Central Midfield,180.0,right,2015-09-01,27.0,4000000.0
45403,2015,34,2940,12,5,5,0,André Ayew,1989-12-17,Attack,Centre-Forward,175.0,left,2015-09-01,25.0,15000000.0
45403,2016,25,1442,6,3,1,0,André Ayew,1989-12-17,Attack,Centre-Forward,175.0,left,2016-09-01,26.0,18000000.0
45403,2017,30,1843,3,4,5,0,André Ayew,1989-12-17,Attack,Centre-Forward,175.0,left,2017-09-01,27.0,15000000.0
45623,2013,29,1199,2,2,2,0,George Boyd,1985-10-02,Attack,Left Winger,186.0,left,2013-09-01,27.0,1500000.0
45623,2014,36,3022,5,2,7,0,George Boyd,1985-10-02,Attack,Left Winger,186.0,left,2014-09-01,28.0,3500000.0
45623,2016,36,2845,2,1,3,0,George Boyd,1985-10-02,Attack,Left Winger,186.0,left,2016-09-01,30.0,4000000.0
45660,2017,30,2248,5,5,3,0,Eric-Maxim Choupo-Moting,1989-03-23,Attack,Centre-Forward,191.0,right,2017-09-01,28.0,8000000.0
45671,2017,14,991,5,0,0,0,Cenk Tosun,1991-06-07,Attack,Centre-Forward,183.0,right,2017-09-01,26.0,23000000.0
45671,2018,25,1050,3,3,3,0,Cenk Tosun,1991-06-07,Attack,Centre-Forward,183.0,right,2018-09-01,27.0,18000000.0
45693,2017,35,2198,12,0,9,0,Glenn Murray,1983-09-25,Attack,Centre-Forward,186.0,right,2017-09-01,33.0,3000000.0
45693,2018,38,2514,13,2,5,0,Glenn Murray,1983-09-25,Attack,Centre-Forward,186.0,right,2018-09-01,34.0,3000000.0
45760,2019,24,1189,0,0,6,0,Marco Stiepermann,1991-02-09,Midfield,Attacking Midfield,190.0,left,2019-09-01,28.0,3200000.0
45861,2012,37,3330,1,4,10,0,Ryan Shawcross,1987-10-04,Defender,Centre-Back,191.0,right,2012-09-01,24.0,10000000.0
45861,2013,37,3292,1,0,7,0,Ryan Shawcross,1987-10-04,Defender,Centre-Back,191.0,right,2013-09-01,25.0,9000000.0
45861,2014,32,2832,2,1,6,0,Ryan Shawcross,1987-10-04,Defender,Centre-Back,191.0,right,2014-09-01,26.0,9000000.0
45861,2015,20,1697,0,0,4,0,Ryan Shawcross,1987-10-04,Defender,Centre-Back,191.0,right,2015-09-01,27.0,11000000.0
45861,2016,35,3150,1,2,6,0,Ryan Shawcross,1987-10-04,Defender,Centre-Back,191.0,right,2016-09-01,28.0,11000000.0
45861,2017,27,2372,1,1,2,0,Ryan Shawcross,1987-10-04,Defender,Centre-Back,191.0,right,2017-09-01,29.0,10000000.0
46001,2012,12,1069,3,1,2,0,Moussa Sissoko,1989-08-16,Midfield,Central Midfield,187.0,right,2012-09-01,23.0,10000000.0
46001,2013,35,3035,3,6,8,0,Moussa Sissoko,1989-08-16,Midfield,Central Midfield,187.0,right,2013-09-01,24.0,11000000.0
46001,2014,34,3033,4,2,11,0,Moussa Sissoko,1989-08-16,Midfield,Central Midfield,187.0,right,2014-09-01,25.0,15000000.0
46001,2015,37,3222,1,8,3,0,Moussa Sissoko,1989-08-16,Midfield,Central Midfield,187.0,right,2015-09-01,26.0,13000000.0
46001,2016,25,903,0,3,3,0,Moussa Sissoko,1989-08-16,Midfield,Central Midfield,187.0,right,2016-09-01,27.0,20000000.0
46001,2017,33,1395,1,1,3,0,Moussa Sissoko,1989-08-16,Midfield,Central Midfield,187.0,right,2017-09-01,28.0,18000000.0
46001,2018,29,2337,0,3,2,0,Moussa Sissoko,1989-08-16,Midfield,Central Midfield,187.0,right,2018-09-01,29.0,25000000.0
46001,2019,29,2456,2,1,8,0,Moussa Sissoko,1989-08-16,Midfield,Central Midfield,187.0,right,2019-09-01,30.0,20000000.0
46001,2020,25,1577,0,0,3,0,Moussa Sissoko,1989-08-16,Midfield,Central Midfield,187.0,right,2020-09-01,31.0,10000000.0
46001,2021,36,3221,2,1,5,0,Moussa Sissoko,1989-08-16,Midfield,Central Midfield,187.0,right,2021-09-01,32.0,4500000.0
46106,2012,34,1495,12,2,3,0,Adam Le Fondre,1986-12-02,Attack,Centre-Forward,180.0,right,2012-09-01,25.0,2500000.0
46156,2012,20,1051,1,2,5,0,Aleksandar Kolarov,1985-11-10,Defender,Left-Back,187.0,left,2012-09-01,26.0,12500000.0
46156,2013,30,1970,1,8,2,0,Aleksandar Kolarov,1985-11-10,Defender,Left-Back,187.0,left,2013-09-01,27.0,12000000.0
46156,2014,21,1486,2,3,4,0,Aleksandar Kolarov,1985-11-10,Defender,Left-Back,187.0,left,2014-09-01,28.0,11000000.0
46156,2015,29,2281,3,4,3,0,Aleksandar Kolarov,1985-11-10,Defender,Left-Back,187.0,left,2015-09-01,29.0,11000000.0
46156,2016,29,2533,1,1,6,0,Aleksandar Kolarov,1985-11-10,Defender,Left-Back,187.0,left,2016-09-01,30.0,10000000.0
46220,2012,30,2200,3,8,3,0,Pablo Hernández,1985-04-11,Midfield,Attacking Midfield,173.0,right,2012-09-01,27.0,8000000.0
46220,2013,27,1431,2,7,2,0,Pablo Hernández,1985-04-11,Midfield,Attacking Midfield,173.0,right,2013-09-01,28.0,8000000.0
46741,2012,30,2634,2,2,8,0,David Luiz,1987-04-22,Defender,Centre-Back,189.0,right,2012-09-01,25.0,25000000.0
46741,2013,19,1358,0,1,6,0,David Luiz,1987-04-22,Defender,Centre-Back,189.0,right,2013-09-01,26.0,26000000.0
46741,2016,33,2956,1,0,6,0,David Luiz,1987-04-22,Defender,Centre-Back,189.0,right,2016-09-01,29.0,30000000.0
46741,2018,36,3239,3,2,3,0,David Luiz,1987-04-22,Defender,Centre-Back,189.0,right,2018-09-01,31.0,20000000.0
46741,2019,33,2811,2,1,5,2,David Luiz,1987-04-22,Defender,Centre-Back,189.0,right,2019-09-01,32.0,12000000.0
46741,2020,20,1396,1,0,1,1,David Luiz,1987-04-22,Defender,Centre-Back,189.0,right,2020-09-01,33.0,4000000.0
46791,2015,20,1071,2,1,1,0,Bakary Sako,1988-04-26,Attack,Left Winger,183.0,left,2015-09-01,27.0,8000000.0
46831,2013,14,1006,1,2,0,0,Modibo Maïga,1987-09-03,Attack,Centre-Forward,185.0,left,2013-09-01,25.0,2500000.0
46972,2019,36,2893,11,3,3,0,Teemu Pukki,1990-03-29,Attack,Centre-Forward,180.0,right,2019-09-01,29.0,8000000.0
46972,2021,37,3261,11,3,4,0,Teemu Pukki,1990-03-29,Attack,Centre-Forward,180.0,right,2021-09-01,31.0,4000000.0
47082,2012,21,1252,11,5,2,0,Daniel Sturridge,1989-09-01,Attack,Centre-Forward,182.0,left,2012-09-01,23.0,15000000.0
47082,2013,29,2277,22,9,1,0,Daniel Sturridge,1989-09-01,Attack,Centre-Forward,182.0,left,2013-09-01,24.0,20000000.0
47082,2015,14,980,8,1,0,0,Daniel Sturridge,1989-09-01,Attack,Centre-Forward,182.0,left,2015-09-01,25.0,25000000.0
47713,2013,18,1481,1,0,0,0,Mamadou Sakho,1990-02-13,Defender,Centre-Back,187.0,left,2013-09-01,23.0,19000000.0
47713,2014,16,1418,0,0,1,0,Mamadou Sakho,1990-02-13,Defender,Centre-Back,187.0,left,2014-09-01,24.0,18000000.0
47713,2015,22,1855,1,0,1,0,Mamadou Sakho,1990-02-13,Defender,Centre-Back,187.0,left,2015-09-01,25.0,18000000.0
47713,2017,19,1600,1,2,1,0,Mamadou Sakho,1990-02-13,Defender,Centre-Back,187.0,left,2017-09-01,27.0,15000000.0
47713,2018,27,2417,0,0,2,0,Mamadou Sakho,1990-02-13,Defender,Centre-Back,187.0,left,2018-09-01,28.0,15000000.0
47713,2019,14,931,0,0,1,1,Mamadou Sakho,1990-02-13,Defender,Centre-Back,187.0,left,2019-09-01,29.0,9500000.0
47768,2012,19,1645,0,1,1,0,Alex Pearce,1988-11-09,Defender,Centre-Back,188.0,right,2012-09-01,23.0,2000000.0
47995,2012,32,2066,5,6,1,0,Jason Puncheon,1986-06-18,Midfield,Central Midfield,173.0,left,2012-09-01,26.0,2000000.0
47995,2013,34,2517,7,4,2,0,Jason Puncheon,1986-06-18,Midfield,Central Midfield,173.0,left,2013-09-01,27.0,3000000.0
47995,2014,37,2824,6,7,9,0,Jason Puncheon,1986-06-18,Midfield,Central Midfield,173.0,left,2014-09-01,28.0,5000000.0
47995,2015,31,2624,2,3,3,0,Jason Puncheon,1986-06-18,Midfield,Central Midfield,173.0,left,2015-09-01,29.0,5000000.0
47995,2016,36,3096,0,5,9,0,Jason Puncheon,1986-06-18,Midfield,Central Midfield,173.0,left,2016-09-01,30.0,5500000.0
48002,2015,28,2328,0,0,5,0,Angelo Ogbonna,1988-05-23,Defender,Centre-Back,191.0,left,2015-09-01,27.0,9000000.0
48002,2016,20,1755,0,0,2,0,Angelo Ogbonna,1988-05-23,Defender,Centre-Back,191.0,left,2016-09-01,28.0,9000000.0
48002,2017,32,2880,1,0,3,0,Angelo Ogbonna,1988-05-23,Defender,Centre-Back,191.0,left,2017-09-01,29.0,9000000.0
48002,2018,24,1871,1,1,2,0,Angelo Ogbonna,1988-05-23,Defender,Centre-Back,191.0,left,2018-09-01,30.0,8000000.0
48002,2019,31,2787,2,0,4,0,Angelo Ogbonna,1988-05-23,Defender,Centre-Back,191.0,left,2019-09-01,31.0,6500000.0
48002,2020,28,2493,3,0,4,0,Angelo Ogbonna,1988-05-23,Defender,Centre-Back,191.0,left,2020-09-01,32.0,2500000.0
48002,2021,11,922,1,0,1,0,Angelo Ogbonna,1988-05-23,Defender,Centre-Back,191.0,left,2021-09-01,33.0,1200000.0
48002,2022,16,1236,0,0,0,0,Angelo Ogbonna,1988-05-23,Defender,Centre-Back,191.0,left,2022-09-01,34.0,900000.0
48066,2012,26,1954,7,4,6,0,Andy Carroll,1989-01-06,Attack,Centre-Forward,193.0,left,2012-09-01,23.0,11000000.0
48066,2013,15,1093,2,5,0,1,Andy Carroll,1989-01-06,Attack,Centre-Forward,193.0,left,2013-09-01,24.0,16000000.0
48066,2014,14,1027,5,1,2,0,Andy Carroll,1989-01-06,Attack,Centre-Forward,193.0,left,2014-09-01,25.0,10000000.0
48066,2015,27,1434,9,1,2,0,Andy Carroll,1989-01-06,Attack,Centre-Forward,193.0,left,2015-09-01,26.0,10000000.0
48066,2016,18,1314,7,1,3,0,Andy Carroll,1989-01-06,Attack,Centre-Forward,193.0,left,2016-09-01,27.0,10000000.0
48078,2016,37,2055,10,3,0,0,Sam Vokes,1989-10-21,Attack,Centre-Forward,186.0,right,2016-09-01,26.0,4500000.0
48078,2017,30,980,4,2,3,0,Sam Vokes,1989-10-21,Attack,Centre-Forward,186.0,right,2017-09-01,27.0,6000000.0
48078,2018,20,915,3,0,0,0,Sam Vokes,1989-10-21,Attack,Centre-Forward,186.0,right,2018-09-01,28.0,5000000.0
48280,2020,26,1368,10,3,3,0,Edinson Cavani,1987-02-14,Attack,Centre-Forward,184.0,right,2020-09-01,33.0,6000000.0
49327,2012,37,3227,1,3,10,0,Bradley Johnson,1987-04-28,Midfield,Central Midfield,183.0,left,2012-09-01,25.0,2500000.0
49327,2013,32,2462,3,1,6,1,Bradley Johnson,1987-04-28,Midfield,Central Midfield,183.0,left,2013-09-01,26.0,3000000.0
49409,2012,27,1819,1,0,8,0,James Perch,1985-09-28,Midfield,Defensive Midfield,180.0,right,2012-09-01,26.0,3000000.0
49499,2015,38,3168,11,5,1,0,Georginio Wijnaldum,1990-11-11,Midfield,Central Midfield,175.0,right,2015-09-01,24.0,20000000.0
49499,2016,36,2978,6,9,2,0,Georginio Wijnaldum,1990-11-11,Midfield,Central Midfield,175.0,right,2016-09-01,25.0,28000000.0
49499,2017,33,2387,1,2,1,0,Georginio Wijnaldum,1990-11-11,Midfield,Central Midfield,175.0,right,2017-09-01,26.0,30000000.0
49499,2018,35,2736,3,0,3,0,Georginio Wijnaldum,1990-11-11,Midfield,Central Midfield,175.0,right,2018-09-01,27.0,50000000.0
49499,2019,37,2948,4,0,0,0,Georginio Wijnaldum,1990-11-11,Midfield,Central Midfield,175.0,right,2019-09-01,28.0,40000000.0
49499,2020,38,2948,2,0,1,0,Georginio Wijnaldum,1990-11-11,Midfield,Central Midfield,175.0,right,2020-09-01,29.0,30000000.0
49501,2017,19,1338,1,1,1,0,Elias Kachunga,1992-04-22,Attack,Centre-Forward,178.0,right,2017-09-01,25.0,3500000.0
49501,2018,20,1181,0,0,2,0,Elias Kachunga,1992-04-22,Attack,Centre-Forward,178.0,right,2018-09-01,26.0,3000000.0
49542,2019,25,1047,3,2,1,1,Billy Sharp,1986-02-05,Attack,Centre-Forward,175.0,right,2019-09-01,33.0,1600000.0
49655,2012,38,3131,15,7,2,0,Rickie Lambert,1982-02-16,Attack,Centre-Forward,187.0,right,2012-09-01,30.0,3500000.0
49655,2013,37,2818,13,11,2,0,Rickie Lambert,1982-02-16,Attack,Centre-Forward,187.0,right,2013-09-01,31.0,5000000.0
49693,2012,30,2253,7,4,4,0,Andreas Weimann,1991-08-05,Attack,Centre-Forward,179.0,right,2012-09-01,21.0,3000000.0
49693,2013,37,2660,5,4,1,0,Andreas Weimann,1991-08-05,Attack,Centre-Forward,179.0,right,2013-09-01,22.0,4000000.0
49693,2014,31,1777,3,2,5,0,Andreas Weimann,1991-08-05,Attack,Centre-Forward,179.0,right,2014-09-01,23.0,4500000.0
49734,2015,15,1084,0,0,0,0,Jan Kirchhoff,1990-10-01,Defender,Centre-Back,195.0,right,2015-09-01,24.0,1500000.0
49755,2017,36,3240,0,3,6,0,Dale Stephens,1989-06-12,Midfield,Central Midfield,185.0,right,2017-09-01,28.0,6000000.0
49755,2018,30,2487,1,1,6,1,Dale Stephens,1989-06-12,Midfield,Central Midfield,185.0,right,2018-09-01,29.0,6000000.0
49755,2019,33,2529,0,1,8,0,Dale Stephens,1989-06-12,Midfield,Central Midfield,185.0,right,2019-09-01,30.0,4800000.0
50057,2012,36,2086,1,4,5,0,Aaron Ramsey,1990-12-26,Midfield,Central Midfield,178.0,right,2012-09-01,21.0,10000000.0
50057,2013,23,1764,10,9,3,0,Aaron Ramsey,1990-12-26,Midfield,Central Midfield,178.0,right,2013-09-01,22.0,20000000.0
50057,2014,29,2009,6,6,6,0,Aaron Ramsey,1990-12-26,Midfield,Central Midfield,178.0,right,2014-09-01,23.0,25000000.0
50057,2015,31,2622,5,4,4,0,Aaron Ramsey,1990-12-26,Midfield,Central Midfield,178.0,right,2015-09-01,24.0,30000000.0
50057,2016,23,1229,1,5,3,0,Aaron Ramsey,1990-12-26,Midfield,Central Midfield,178.0,right,2016-09-01,25.0,35000000.0
50057,2017,24,1847,7,10,0,0,Aaron Ramsey,1990-12-26,Midfield,Central Midfield,178.0,right,2017-09-01,26.0,45000000.0
50057,2018,28,1327,4,6,0,0,Aaron Ramsey,1990-12-26,Midfield,Central Midfield,178.0,right,2018-09-01,27.0,40000000.0
50174,2012,27,2221,1,1,6,0,Danny Rose,1990-07-02,Defender,Left-Back,173.0,left,2012-09-01,22.0,5000000.0
50174,2013,22,1902,1,4,4,1,Danny Rose,1990-07-02,Defender,Left-Back,173.0,left,2013-09-01,23.0,6000000.0
50174,2014,28,2372,3,5,7,0,Danny Rose,1990-07-02,Defender,Left-Back,173.0,left,2014-09-01,24.0,9000000.0
50174,2015,24,2132,1,4,7,0,Danny Rose,1990-07-02,Defender,Left-Back,173.0,left,2015-09-01,25.0,14000000.0
50174,2016,18,1533,2,3,8,0,Danny Rose,1990-07-02,Defender,Left-Back,173.0,left,2016-09-01,26.0,28000000.0
50174,2018,26,1798,0,4,5,0,Danny Rose,1990-07-02,Defender,Left-Back,173.0,left,2018-09-01,28.0,25000000.0
50174,2019,23,1759,0,0,7,0,Danny Rose,1990-07-02,Defender,Left-Back,173.0,left,2019-09-01,29.0,16000000.0
50201,2012,34,2821,19,4,9,0,Christian Benteke,1990-12-03,Attack,Centre-Forward,190.0,right,2012-09-01,21.0,12000000.0
50201,2013,26,2128,10,2,4,0,Christian Benteke,1990-12-03,Attack,Centre-Forward,190.0,right,2013-09-01,22.0,18000000.0
50201,2014,29,2380,13,2,1,1,Christian Benteke,1990-12-03,Attack,Centre-Forward,190.0,right,2014-09-01,23.0,14000000.0
50201,2015,29,1520,9,3,2,0,Christian Benteke,1990-12-03,Attack,Centre-Forward,190.0,right,2015-09-01,24.0,27000000.0
50201,2016,36,3137,15,2,10,0,Christian Benteke,1990-12-03,Attack,Centre-Forward,190.0,right,2016-09-01,25.0,28000000.0
50201,2017,31,2235,3,6,6,0,Christian Benteke,1990-12-03,Attack,Centre-Forward,190.0,right,2017-09-01,26.0,22000000.0
50201,2019,24,1258,2,1,4,1,Christian Benteke,1990-12-03,Attack,Centre-Forward,190.0,right,2019-09-01,28.0,10500000.0
50201,2020,30,1817,10,1,3,0,Christian Benteke,1990-12-03,Attack,Centre-Forward,190.0,right,2020-09-01,29.0,9000000.0
50201,2021,25,1137,4,1,3,0,Christian Benteke,1990-12-03,Attack,Centre-Forward,190.0,right,2021-09-01,30.0,6000000.0
50202,2012,34,2638,9,14,2,0,Eden Hazard,1991-01-07,Attack,Left Winger,175.0,right,2012-09-01,21.0,40000000.0
50202,2013,35,2898,14,9,2,0,Eden Hazard,1991-01-07,Attack,Left Winger,175.0,right,2013-09-01,22.0,45000000.0
50202,2014,38,3379,14,10,2,0,Eden Hazard,1991-01-07,Attack,Left Winger,175.0,right,2014-09-01,23.0,60000000.0
50202,2015,31,2192,4,4,2,0,Eden Hazard,1991-01-07,Attack,Left Winger,175.0,right,2015-09-01,24.0,65000000.0
50202,2016,36,3005,16,5,3,0,Eden Hazard,1991-01-07,Attack,Left Winger,175.0,right,2016-09-01,25.0,75000000.0
50202,2017,34,2433,12,4,2,0,Eden Hazard,1991-01-07,Attack,Left Winger,175.0,right,2017-09-01,26.0,110000000.0
50202,2018,37,2926,16,15,2,0,Eden Hazard,1991-01-07,Attack,Left Winger,175.0,right,2018-09-01,27.0,150000000.0
50362,2012,24,1703,0,0,7,0,Fabian Delph,1989-11-21,Midfield,Central Midfield,174.0,left,2012-09-01,22.0,3000000.0
50362,2013,34,3003,3,3,7,0,Fabian Delph,1989-11-21,Midfield,Central Midfield,174.0,left,2013-09-01,23.0,5000000.0
50362,2014,28,2434,0,4,1,1,Fabian Delph,1989-11-21,Midfield,Central Midfield,174.0,left,2014-09-01,24.0,8000000.0
50362,2017,22,1746,1,2,2,0,Fabian Delph,1989-11-21,Midfield,Central Midfield,174.0,left,2017-09-01,27.0,15000000.0
50362,2019,16,1190,0,0,5,0,Fabian Delph,1989-11-21,Midfield,Central Midfield,174.0,left,2019-09-01,29.0,12000000.0
50477,2016,11,921,0,0,4,0,Yohan Benalouane,1987-03-28,Defender,Centre-Back,185.0,right,2016-09-01,29.0,1000000.0
50935,2012,22,947,10,5,1,0,Chicharito,1988-06-01,Attack,Centre-Forward,175.0,right,2012-09-01,24.0,22000000.0
50935,2017,28,1543,8,1,3,0,Chicharito,1988-06-01,Attack,Centre-Forward,175.0,right,2017-09-01,29.0,15000000.0
50935,2018,25,1337,7,3,2,0,Chicharito,1988-06-01,Attack,Centre-Forward,175.0,right,2018-09-01,30.0,12000000.0
51040,2012,20,1263,4,4,0,0,Alexander Kacaniklic,1991-08-13,Attack,Right Winger,181.0,left,2012-09-01,21.0,2000000.0
51040,2013,23,1300,1,2,0,0,Alexander Kacaniklic,1991-08-13,Attack,Right Winger,181.0,left,2013-09-01,22.0,3500000.0
51152,2015,34,2116,9,4,4,2,Aleksandar Mitrović,1994-09-16,Attack,Centre-Forward,189.0,right,2015-09-01,20.0,14000000.0
51152,2018,37,3281,11,4,7,0,Aleksandar Mitrović,1994-09-16,Attack,Centre-Forward,189.0,right,2018-09-01,23.0,25000000.0
51152,2020,27,1390,3,3,3,0,Aleksandar Mitrović,1994-09-16,Attack,Centre-Forward,189.0,right,2020-09-01,25.0,16000000.0
51152,2022,24,2016,14,2,7,0,Aleksandar Mitrović,1994-09-16,Attack,Centre-Forward,189.0,right,2022-09-01,27.0,28000000.0
51174,2014,25,1880,2,2,6,0,Fernando,1987-07-25,Midfield,Defensive Midfield,183.0,right,2014-09-01,27.0,16000000.0
51174,2015,24,1697,2,0,4,0,Fernando,1987-07-25,Midfield,Defensive Midfield,183.0,right,2015-09-01,28.0,16000000.0
51226,2014,28,1986,1,0,8,0,Carlos Sánchez,1986-02-06,Midfield,Defensive Midfield,182.0,left,2014-09-01,28.0,6000000.0
51226,2015,20,1369,0,0,3,0,Carlos Sánchez,1986-02-06,Midfield,Defensive Midfield,182.0,left,2015-09-01,29.0,5000000.0
51452,2012,27,1919,0,0,2,0,Joe Allen,1990-03-14,Midfield,Central Midfield,170.0,right,2012-09-01,22.0,15000000.0
51452,2013,24,1438,1,1,4,0,Joe Allen,1990-03-14,Midfield,Central Midfield,170.0,right,2013-09-01,23.0,14000000.0
51452,2014,21,1471,1,1,3,0,Joe Allen,1990-03-14,Midfield,Central Midfield,170.0,right,2014-09-01,24.0,10000000.0
51452,2016,36,2936,6,3,9,0,Joe Allen,1990-03-14,Midfield,Central Midfield,170.0,right,2016-09-01,26.0,15000000.0
51452,2017,36,3142,2,6,8,0,Joe Allen,1990-03-14,Midfield,Central Midfield,170.0,right,2017-09-01,27.0,18000000.0
51471,2018,32,1744,0,2,3,0,Mateo Kovacic,1994-05-06,Midfield,Central Midfield,178.0,right,2018-09-01,24.0,35000000.0
51471,2019,31,2074,1,3,8,0,Mateo Kovacic,1994-05-06,Midfield,Central Midfield,178.0,right,2019-09-01,25.0,36000000.0
51471,2020,27,1818,0,1,4,0,Mateo Kovacic,1994-05-06,Midfield,Central Midfield,178.0,right,2020-09-01,26.0,45000000.0
51471,2021,25,1556,2,5,4,0,Mateo Kovacic,1994-05-06,Midfield,Central Midfield,178.0,right,2021-09-01,27.0,42000000.0
51471,2022,27,1705,1,2,8,0,Mateo Kovacic,1994-05-06,Midfield,Central Midfield,178.0,right,2022-09-01,28.0,38000000.0
51471,2023,30,1548,1,0,4,0,Mateo Kovacic,1994-05-06,Midfield,Central Midfield,178.0,right,2023-09-01,29.0,30000000.0
51471,2024,31,2203,6,2,5,1,Mateo Kovacic,1994-05-06,Midfield,Central Midfield,178.0,right,2024-09-01,30.0,20000000.0
51528,2017,25,2017,0,0,3,0,Bruno Saltor,1980-10-01,Defender,Right-Back,180.0,right,2017-09-01,36.0,750000.0
51528,2018,14,1136,0,1,2,0,Bruno Saltor,1980-10-01,Defender,Right-Back,180.0,right,2018-09-01,37.0,750000.0
51681,2012,26,2240,0,0,5,1,Chico Flores,1987-03-06,Defender,Centre-Back,187.0,right,2012-09-01,25.0,5000000.0
51681,2013,31,2690,3,1,7,1,Chico Flores,1987-03-06,Defender,Centre-Back,187.0,right,2013-09-01,26.0,6500000.0
52059,2017,38,3420,0,2,6,0,Zanka,1990-04-23,Defender,Centre-Back,189.0,right,2017-09-01,27.0,5000000.0
52059,2018,24,2148,3,1,6,0,Zanka,1990-04-23,Defender,Centre-Back,189.0,right,2018-09-01,28.0,5000000.0
52059,2022,18,1099,0,0,2,0,Zanka,1990-04-23,Defender,Centre-Back,189.0,right,2022-09-01,32.0,1500000.0
52059,2023,14,1087,1,0,4,0,Zanka,1990-04-23,Defender,Centre-Back,189.0,right,2023-09-01,33.0,1000000.0
52119,2014,28,2306,0,5,4,0,Patrick van Aanholt,1990-08-29,Defender,Left-Back,176.0,left,2014-09-01,24.0,3000000.0
52119,2015,33,2970,5,3,2,0,Patrick van Aanholt,1990-08-29,Defender,Left-Back,176.0,left,2015-09-01,25.0,4500000.0
52119,2016,32,2497,5,1,3,0,Patrick van Aanholt,1990-08-29,Defender,Left-Back,176.0,left,2016-09-01,26.0,9000000.0
52119,2017,28,2185,5,1,7,0,Patrick van Aanholt,1990-08-29,Defender,Left-Back,176.0,left,2017-09-01,27.0,9000000.0
52119,2018,36,3198,3,2,3,0,Patrick van Aanholt,1990-08-29,Defender,Left-Back,176.0,left,2018-09-01,28.0,10000000.0
52119,2019,29,2511,3,2,0,0,Patrick van Aanholt,1990-08-29,Defender,Left-Back,176.0,left,2019-09-01,29.0,9500000.0
52119,2020,22,1775,0,1,2,0,Patrick van Aanholt,1990-08-29,Defender,Left-Back,176.0,left,2020-09-01,30.0,7000000.0
52495,2019,38,3255,0,1,4,0,Chris Basham,1988-07-20,Defender,Centre-Back,190.0,right,2019-09-01,31.0,2400000.0
52495,2020,31,2586,0,1,5,0,Chris Basham,1988-07-20,Defender,Centre-Back,190.0,right,2020-09-01,32.0,2000000.0
52769,2013,25,1679,4,3,5,0,Willian,1988-08-09,Attack,Left Winger,175.0,right,2013-09-01,25.0,30000000.0
52769,2014,36,2418,2,3,3,0,Willian,1988-08-09,Attack,Left Winger,175.0,right,2014-09-01,26.0,30000000.0
52769,2015,35,2750,5,9,5,0,Willian,1988-08-09,Attack,Left Winger,175.0,right,2015-09-01,27.0,32000000.0
52769,2016,34,1530,8,2,3,0,Willian,1988-08-09,Attack,Left Winger,175.0,right,2016-09-01,28.0,32000000.0
52769,2017,36,1883,6,8,1,0,Willian,1988-08-09,Attack,Left Winger,175.0,right,2017-09-01,29.0,32000000.0
52769,2018,32,2109,3,7,2,0,Willian,1988-08-09,Attack,Left Winger,175.0,right,2018-09-01,30.0,40000000.0
52769,2019,36,2604,9,7,4,0,Willian,1988-08-09,Attack,Left Winger,175.0,right,2019-09-01,31.0,22500000.0
52769,2020,25,1407,1,5,0,0,Willian,1988-08-09,Attack,Left Winger,175.0,right,2020-09-01,32.0,9000000.0
52769,2022,27,2144,5,6,2,0,Willian,1988-08-09,Attack,Left Winger,175.0,right,2022-09-01,34.0,3000000.0
52769,2023,31,2056,4,2,1,0,Willian,1988-08-09,Attack,Left Winger,175.0,right,2023-09-01,35.0,3000000.0
53360,2012,35,2181,6,8,4,0,Jay Rodríguez,1989-07-29,Attack,Centre-Forward,185.0,right,2012-09-01,23.0,6500000.0
53360,2013,33,2570,15,3,2,0,Jay Rodríguez,1989-07-29,Attack,Centre-Forward,185.0,right,2013-09-01,24.0,7500000.0
53360,2017,37,2825,7,1,2,0,Jay Rodríguez,1989-07-29,Attack,Centre-Forward,185.0,right,2017-09-01,28.0,12000000.0
53360,2019,36,2009,8,2,1,0,Jay Rodríguez,1989-07-29,Attack,Centre-Forward,185.0,right,2019-09-01,30.0,4800000.0
53360,2020,31,1256,1,2,3,0,Jay Rodríguez,1989-07-29,Attack,Centre-Forward,185.0,right,2020-09-01,31.0,4000000.0
53360,2021,29,1371,2,2,3,0,Jay Rodríguez,1989-07-29,Attack,Centre-Forward,185.0,right,2021-09-01,32.0,2000000.0
53622,2017,30,1510,4,1,3,0,İlkay Gündoğan,1990-10-24,Midfield,Central Midfield,180.0,right,2017-09-01,26.0,40000000.0
53622,2018,31,2135,6,3,3,0,İlkay Gündoğan,1990-10-24,Midfield,Central Midfield,180.0,right,2018-09-01,27.0,50000000.0
53622,2019,31,2017,2,1,7,0,İlkay Gündoğan,1990-10-24,Midfield,Central Midfield,180.0,right,2019-09-01,28.0,40000000.0
53622,2020,28,2031,13,3,1,0,İlkay Gündoğan,1990-10-24,Midfield,Central Midfield,180.0,right,2020-09-01,29.0,40000000.0
53622,2021,27,1855,8,3,1,0,İlkay Gündoğan,1990-10-24,Midfield,Central Midfield,180.0,right,2021-09-01,30.0,25000000.0
53622,2022,31,2359,8,5,0,0,İlkay Gündoğan,1990-10-24,Midfield,Central Midfield,180.0,right,2022-09-01,31.0,20000000.0
53622,2024,33,2229,1,7,1,0,İlkay Gündoğan,1990-10-24,Midfield,Central Midfield,180.0,right,2024-09-01,33.0,5000000.0
54170,2012,35,2521,5,4,10,0,Ramires,1987-03-24,Midfield,Central Midfield,179.0,right,2012-09-01,25.0,27000000.0
54170,2013,30,2609,1,4,9,0,Ramires,1987-03-24,Midfield,Central Midfield,179.0,right,2013-09-01,26.0,30000000.0
54170,2014,23,1102,2,4,4,0,Ramires,1987-03-24,Midfield,Central Midfield,179.0,right,2014-09-01,27.0,25000000.0
54383,2019,30,2517,5,2,8,0,John Fleck,1991-08-24,Midfield,Central Midfield,169.0,left,2019-09-01,28.0,6500000.0
54383,2020,31,2576,0,2,4,0,John Fleck,1991-08-24,Midfield,Central Midfield,169.0,left,2020-09-01,29.0,5000000.0
54781,2015,30,2672,1,0,9,0,Nicolás Otamendi,1988-02-12,Defender,Centre-Back,182.0,right,2015-09-01,27.0,32000000.0
54781,2016,30,2592,1,2,9,0,Nicolás Otamendi,1988-02-12,Defender,Centre-Back,182.0,right,2016-09-01,28.0,30000000.0
54781,2017,34,2968,4,0,9,0,Nicolás Otamendi,1988-02-12,Defender,Centre-Back,182.0,right,2017-09-01,29.0,35000000.0
54781,2018,18,1234,0,0,1,0,Nicolás Otamendi,1988-02-12,Defender,Centre-Back,182.0,right,2018-09-01,30.0,25000000.0
54781,2019,24,1711,2,0,3,0,Nicolás Otamendi,1988-02-12,Defender,Centre-Back,182.0,right,2019-09-01,31.0,14500000.0
54890,2014,37,2406,11,4,3,0,Leonardo Ulloa,1986-07-26,Attack,Centre-Forward,188.0,right,2014-09-01,28.0,8500000.0
54890,2015,29,968,6,3,0,0,Leonardo Ulloa,1986-07-26,Attack,Centre-Forward,188.0,right,2015-09-01,29.0,8000000.0
54906,2015,28,1929,1,0,8,0,Matteo Darmian,1989-12-02,Defender,Right-Back,183.0,right,2015-09-01,25.0,15000000.0
54906,2016,18,1333,0,0,3,0,Matteo Darmian,1989-12-02,Defender,Right-Back,183.0,right,2016-09-01,26.0,12000000.0
55125,2017,23,1596,0,0,1,0,Chris Löwe,1989-04-16,Defender,Left-Back,173.0,left,2017-09-01,28.0,1500000.0
55125,2018,29,2057,0,2,2,0,Chris Löwe,1989-04-16,Defender,Left-Back,173.0,left,2018-09-01,29.0,2000000.0
55291,2016,31,2107,1,1,3,0,Scott Arfield,1988-11-01,Midfield,Central Midfield,178.0,right,2016-09-01,27.0,3000000.0
55291,2017,18,1335,2,1,3,0,Scott Arfield,1988-11-01,Midfield,Central Midfield,178.0,right,2017-09-01,28.0,3000000.0
55508,2013,26,1489,2,3,3,0,Lewis Holtby,1990-09-18,Midfield,Central Midfield,176.0,left,2013-09-01,22.0,7500000.0
55619,2016,29,2100,0,3,4,0,Nordin Amrabat,1987-03-31,Attack,Right Winger,178.0,right,2016-09-01,29.0,4500000.0
55687,2014,26,1884,0,1,3,0,Ritchie De Laet,1988-11-28,Defender,Right-Back,184.0,right,2014-09-01,25.0,2500000.0
55735,2016,24,1349,4,1,1,0,Henrikh Mkhitaryan,1989-01-21,Midfield,Central Midfield,177.0,both,2016-09-01,27.0,35000000.0
55735,2017,26,1728,3,9,2,0,Henrikh Mkhitaryan,1989-01-21,Midfield,Central Midfield,177.0,both,2017-09-01,28.0,35000000.0
55735,2018,25,1644,6,4,1,0,Henrikh Mkhitaryan,1989-01-21,Midfield,Central Midfield,177.0,both,2018-09-01,29.0,25000000.0
55742,2015,21,1671,1,0,7,0,Harry Arter,1989-12-28,Midfield,Central Midfield,177.0,left,2015-09-01,25.0,1500000.0
55742,2016,35,2960,1,4,13,0,Harry Arter,1989-12-28,Midfield,Central Midfield,177.0,left,2016-09-01,26.0,2500000.0
55742,2017,13,962,1,0,4,0,Harry Arter,1989-12-28,Midfield,Central Midfield,177.0,left,2017-09-01,27.0,7000000.0
55742,2018,25,2009,0,1,10,0,Harry Arter,1989-12-28,Midfield,Central Midfield,177.0,left,2018-09-01,28.0,7000000.0
56818,2012,36,3209,5,1,9,0,Morgan Schneiderlin,1989-11-08,Midfield,Defensive Midfield,186.0,right,2012-09-01,22.0,3000000.0
56818,2013,33,2766,2,1,8,0,Morgan Schneiderlin,1989-11-08,Midfield,Defensive Midfield,186.0,right,2013-09-01,23.0,8500000.0
56818,2014,26,2187,4,1,7,0,Morgan Schneiderlin,1989-11-08,Midfield,Defensive Midfield,186.0,right,2014-09-01,24.0,25000000.0
56818,2015,29,2204,1,0,3,0,Morgan Schneiderlin,1989-11-08,Midfield,Defensive Midfield,186.0,right,2015-09-01,25.0,30000000.0
56818,2016,17,1070,1,0,2,0,Morgan Schneiderlin,1989-11-08,Midfield,Defensive Midfield,186.0,right,2016-09-01,26.0,22000000.0
56818,2017,30,2127,0,0,6,0,Morgan Schneiderlin,1989-11-08,Midfield,Defensive Midfield,186.0,right,2017-09-01,27.0,20000000.0
56818,2019,15,1004,0,0,6,0,Morgan Schneiderlin,1989-11-08,Midfield,Defensive Midfield,186.0,right,2019-09-01,29.0,9500000.0
56872,2014,24,1370,2,0,1,0,Andy King,1988-10-29,Midfield,Central Midfield,184.0,right,2014-09-01,25.0,2500000.0
56872,2015,25,1049,2,2,2,0,Andy King,1988-10-29,Midfield,Central Midfield,184.0,right,2015-09-01,26.0,3500000.0
56872,2016,23,1446,1,0,4,0,Andy King,1988-10-29,Midfield,Central Midfield,184.0,right,2016-09-01,27.0,3000000.0
56872,2017,22,1253,3,1,2,0,Andy King,1988-10-29,Midfield,Central Midfield,184.0,right,2017-09-01,28.0,3000000.0
57079,2014,23,1486,3,0,5,0,Jack Rodwell,1991-03-11,Midfield,Defensive Midfield,188.0,right,2014-09-01,23.0,10000000.0
57079,2015,22,1158,1,0,5,0,Jack Rodwell,1991-03-11,Midfield,Defensive Midfield,188.0,right,2015-09-01,24.0,8000000.0
57079,2016,20,1493,0,1,4,0,Jack Rodwell,1991-03-11,Midfield,Defensive Midfield,188.0,right,2016-09-01,25.0,5000000.0
57162,2016,21,1040,3,3,1,1,Sofiane Feghouli,1989-12-26,Midfield,Defensive Midfield,177.0,right,2016-09-01,26.0,12000000.0
57207,2013,35,2264,7,6,5,0,Jordon Mutch,1991-12-02,Midfield,Central Midfield,184.0,right,2013-09-01,21.0,3000000.0
57229,2013,30,2381,6,2,3,1,Paulinho,1988-07-25,Midfield,Central Midfield,183.0,right,2013-09-01,25.0,16000000.0
57275,2013,19,1111,4,0,1,0,Oussama Assaidi,1988-08-15,Attack,Left Winger,175.0,right,2013-09-01,25.0,4500000.0
57420,2015,15,1315,2,1,0,0,Lamine Koné,1989-02-01,Defender,Centre-Back,188.0,right,2015-09-01,26.0,5000000.0
57420,2016,30,2545,1,0,4,0,Lamine Koné,1989-02-01,Defender,Centre-Back,188.0,right,2016-09-01,27.0,7000000.0
57480,2012,14,1037,0,0,0,0,Mapou Yanga-Mbiwa,1989-05-15,Defender,Centre-Back,184.0,right,2012-09-01,23.0,9000000.0
57480,2013,23,1497,0,0,5,1,Mapou Yanga-Mbiwa,1989-05-15,Defender,Centre-Back,184.0,right,2013-09-01,24.0,7000000.0
57500,2012,27,2197,0,6,4,0,César Azpilicueta,1989-08-28,Defender,Centre-Back,178.0,right,2012-09-01,23.0,14000000.0
57500,2013,29,2325,0,1,1,0,César Azpilicueta,1989-08-28,Defender,Centre-Back,178.0,right,2013-09-01,24.0,18000000.0
57500,2014,29,2484,0,3,1,1,César Azpilicueta,1989-08-28,Defender,Centre-Back,178.0,right,2014-09-01,25.0,21000000.0
57500,2015,37,3202,2,4,7,0,César Azpilicueta,1989-08-28,Defender,Centre-Back,178.0,right,2015-09-01,26.0,20000000.0
57500,2016,38,3420,1,5,4,0,César Azpilicueta,1989-08-28,Defender,Centre-Back,178.0,right,2016-09-01,27.0,30000000.0
57500,2017,37,3330,2,6,1,0,César Azpilicueta,1989-08-28,Defender,Centre-Back,178.0,right,2017-09-01,28.0,40000000.0
57500,2018,38,3403,1,6,4,0,César Azpilicueta,1989-08-28,Defender,Centre-Back,178.0,right,2018-09-01,29.0,35000000.0
57500,2019,36,3230,2,6,1,0,César Azpilicueta,1989-08-28,Defender,Centre-Back,178.0,right,2019-09-01,30.0,24000000.0
57500,2020,26,2191,1,2,5,1,César Azpilicueta,1989-08-28,Defender,Centre-Back,178.0,right,2020-09-01,31.0,13000000.0
57500,2021,27,2074,1,2,3,0,César Azpilicueta,1989-08-28,Defender,Centre-Back,178.0,right,2021-09-01,32.0,9000000.0
57500,2022,25,1522,0,0,3,0,César Azpilicueta,1989-08-28,Defender,Centre-Back,178.0,right,2022-09-01,33.0,5000000.0
57515,2013,15,1090,0,2,2,0,Aly Cissokho,1987-09-15,Defender,Centre-Back,187.0,left,2013-09-01,25.0,6000000.0
57515,2014,25,2132,0,0,1,0,Aly Cissokho,1987-09-15,Defender,Centre-Back,187.0,left,2014-09-01,26.0,4500000.0
57515,2015,18,1603,0,0,3,1,Aly Cissokho,1987-09-15,Defender,Centre-Back,187.0,left,2015-09-01,27.0,2000000.0
57842,2017,37,3266,0,2,8,0,Christopher Schindler,1990-04-29,Defender,Centre-Back,188.0,right,2017-09-01,27.0,6000000.0
57842,2018,37,3262,1,0,6,0,Christopher Schindler,1990-04-29,Defender,Centre-Back,188.0,right,2018-09-01,28.0,7000000.0
58205,2013,30,1326,8,2,1,0,André Schürrle,1990-11-06,Attack,Left Winger,184.0,right,2013-09-01,22.0,20000000.0
58205,2018,24,1651,6,0,2,0,André Schürrle,1990-11-06,Attack,Left Winger,184.0,right,2018-09-01,27.0,12000000.0
58864,2017,13,1059,10,4,0,0,Pierre-Emerick Aubameyang,1989-06-18,Attack,Centre-Forward,187.0,right,2017-09-01,28.0,75000000.0
58864,2018,36,2732,22,5,0,0,Pierre-Emerick Aubameyang,1989-06-18,Attack,Centre-Forward,187.0,right,2018-09-01,29.0,70000000.0
58864,2019,36,3139,22,3,3,1,Pierre-Emerick Aubameyang,1989-06-18,Attack,Centre-Forward,187.0,right,2019-09-01,30.0,56000000.0
58864,2020,29,2337,10,3,2,0,Pierre-Emerick Aubameyang,1989-06-18,Attack,Centre-Forward,187.0,right,2020-09-01,31.0,25000000.0
58864,2021,14,1040,4,1,3,0,Pierre-Emerick Aubameyang,1989-06-18,Attack,Centre-Forward,187.0,right,2021-09-01,32.0,15000000.0
58993,2012,26,1449,2,3,1,0,Junior Hoilett,1990-06-05,Attack,Left Winger,174.0,right,2012-09-01,22.0,7000000.0
58993,2018,32,2143,3,1,4,0,Junior Hoilett,1990-06-05,Attack,Left Winger,174.0,right,2018-09-01,28.0,4500000.0
59323,2016,23,1362,4,0,4,0,Cristhian Stuani,1986-10-12,Attack,Centre-Forward,184.0,right,2016-09-01,29.0,3500000.0
59606,2015,35,3033,1,0,3,0,Craig Cathcart,1989-02-06,Defender,Centre-Back,189.0,right,2015-09-01,26.0,4000000.0
59606,2016,15,1161,0,1,3,0,Craig Cathcart,1989-02-06,Defender,Centre-Back,189.0,right,2016-09-01,27.0,4000000.0
59606,2018,36,3098,3,0,2,0,Craig Cathcart,1989-02-06,Defender,Centre-Back,189.0,right,2018-09-01,29.0,5000000.0
59606,2019,29,2490,0,0,7,0,Craig Cathcart,1989-02-06,Defender,Centre-Back,189.0,right,2019-09-01,30.0,4000000.0
59606,2021,31,2396,0,1,3,0,Craig Cathcart,1989-02-06,Defender,Centre-Back,189.0,right,2021-09-01,32.0,1200000.0
59631,2013,24,1452,1,3,1,0,Nacer Chadli,1989-08-02,Attack,Left Winger,187.0,right,2013-09-01,24.0,8000000.0
59631,2014,35,2416,11,5,3,0,Nacer Chadli,1989-08-02,Attack,Left Winger,187.0,right,2014-09-01,25.0,10000000.0
59631,2015,29,938,3,2,1,0,Nacer Chadli,1989-08-02,Attack,Left Winger,187.0,right,2015-09-01,26.0,13000000.0
59631,2016,31,2149,5,5,2,0,Nacer Chadli,1989-08-02,Attack,Left Winger,187.0,right,2016-09-01,27.0,15000000.0
59641,2018,31,2594,0,1,4,0,Denis Odoi,1988-05-27,Defender,Centre-Back,178.0,right,2018-09-01,30.0,2500000.0
59783,2012,35,2133,5,5,5,0,Franco Di Santo,1989-04-07,Attack,Centre-Forward,193.0,right,2012-09-01,23.0,3500000.0
59866,2012,24,1211,1,1,0,0,Victor Moses,1990-12-12,Midfield,Right Midfield,177.0,right,2012-09-01,21.0,15000000.0
59866,2014,19,1455,3,4,3,0,Victor Moses,1990-12-12,Midfield,Right Midfield,177.0,right,2014-09-01,23.0,7500000.0
59866,2015,21,980,1,2,0,0,Victor Moses,1990-12-12,Midfield,Right Midfield,177.0,right,2015-09-01,24.0,7500000.0
59866,2016,34,2498,3,3,4,0,Victor Moses,1990-12-12,Midfield,Right Midfield,177.0,right,2016-09-01,25.0,18000000.0
59866,2017,28,2119,3,4,3,0,Victor Moses,1990-12-12,Midfield,Right Midfield,177.0,right,2017-09-01,26.0,20000000.0
60444,2020,24,1858,1,0,4,0,Thiago Alcántara,1991-04-11,Midfield,Central Midfield,174.0,right,2020-09-01,29.0,30000000.0
60444,2021,25,1537,1,4,2,0,Thiago Alcántara,1991-04-11,Midfield,Central Midfield,174.0,right,2021-09-01,30.0,20000000.0
60444,2022,18,1256,0,0,2,0,Thiago Alcántara,1991-04-11,Midfield,Central Midfield,174.0,right,2022-09-01,31.0,15000000.0
60558,2018,26,2252,0,1,5,0,Maxime Le Marchand,1989-10-11,Defender,Centre-Back,185.0,left,2018-09-01,28.0,5000000.0
60573,2015,37,3189,1,5,1,0,Yann M'Vila,1990-06-29,Midfield,Defensive Midfield,183.0,right,2015-09-01,25.0,7000000.0
60591,2013,28,1502,2,2,2,1,Yannick Sagbo,1988-04-12,Attack,Centre-Forward,183.0,right,2013-09-01,25.0,2500000.0
60603,2013,28,2356,0,0,3,0,Kévin Théophile-Catherine,1989-10-28,Defender,Centre-Back,183.0,right,2013-09-01,23.0,3500000.0
60744,2014,37,3255,1,6,8,0,Daryl Janmaat,1989-07-22,Defender,Centre-Back,185.0,right,2014-09-01,25.0,6500000.0
60744,2015,32,2755,2,4,7,0,Daryl Janmaat,1989-07-22,Defender,Centre-Back,185.0,right,2015-09-01,26.0,7500000.0
60744,2016,27,1616,2,1,2,0,Daryl Janmaat,1989-07-22,Defender,Centre-Back,185.0,right,2016-09-01,27.0,7000000.0
60744,2017,23,1822,3,0,3,0,Daryl Janmaat,1989-07-22,Defender,Centre-Back,185.0,right,2017-09-01,28.0,6000000.0
60744,2018,18,1522,0,2,3,0,Daryl Janmaat,1989-07-22,Defender,Centre-Back,185.0,right,2018-09-01,29.0,6000000.0
60889,2013,34,2873,0,1,6,0,Gary Medel,1987-08-03,Midfield,Defensive Midfield,171.0,right,2013-09-01,26.0,11000000.0
60990,2018,38,3375,0,1,0,0,Bruno Ecuele Manga,1988-07-16,Defender,Centre-Back,186.0,right,2018-09-01,30.0,3000000.0
61447,2012,21,1604,1,1,2,0,Jem Karacan,1989-02-21,Midfield,Central Midfield,175.0,right,2012-09-01,23.0,1000000.0
61560,2013,19,967,0,4,4,0,Marc Albrighton,1989-11-18,Midfield,Right Midfield,175.0,right,2013-09-01,23.0,2500000.0
61560,2014,18,1027,2,3,3,0,Marc Albrighton,1989-11-18,Midfield,Right Midfield,175.0,right,2014-09-01,24.0,1500000.0
61560,2015,38,2767,2,7,4,0,Marc Albrighton,1989-11-18,Midfield,Right Midfield,175.0,right,2015-09-01,25.0,4000000.0
61560,2016,33,2424,2,6,5,0,Marc Albrighton,1989-11-18,Midfield,Right Midfield,175.0,right,2016-09-01,26.0,6000000.0
61560,2017,34,2543,2,7,5,1,Marc Albrighton,1989-11-18,Midfield,Right Midfield,175.0,right,2017-09-01,27.0,10000000.0
61560,2018,27,1626,2,2,3,0,Marc Albrighton,1989-11-18,Midfield,Right Midfield,175.0,right,2018-09-01,28.0,10000000.0
61560,2020,31,1742,1,5,2,0,Marc Albrighton,1989-11-18,Midfield,Right Midfield,175.0,right,2020-09-01,30.0,4000000.0
61560,2021,17,1127,1,2,3,0,Marc Albrighton,1989-11-18,Midfield,Right Midfield,175.0,right,2021-09-01,31.0,2500000.0
61561,2012,24,1628,0,2,3,0,Barry Bannan,1989-12-01,Midfield,Central Midfield,169.0,left,2012-09-01,22.0,5500000.0
61561,2013,15,1005,1,1,1,0,Barry Bannan,1989-12-01,Midfield,Central Midfield,169.0,left,2013-09-01,23.0,3000000.0
61573,2017,30,2410,0,0,10,0,Jonathan Hogg,1988-12-06,Midfield,Central Midfield,176.0,right,2017-09-01,28.0,3500000.0
61573,2018,29,2377,0,1,8,1,Jonathan Hogg,1988-12-06,Midfield,Central Midfield,176.0,right,2018-09-01,29.0,3500000.0
61575,2012,17,1136,0,1,6,0,Eric Lichaj,1988-11-17,Defender,Right-Back,180.0,right,2012-09-01,23.0,2000000.0
61592,2012,26,1732,1,1,5,0,James Tomkins,1989-03-29,Defender,Centre-Back,192.0,right,2012-09-01,23.0,5500000.0
61592,2013,31,2601,0,0,7,0,James Tomkins,1989-03-29,Defender,Centre-Back,192.0,right,2013-09-01,24.0,5000000.0
61592,2014,22,1852,1,3,6,0,James Tomkins,1989-03-29,Defender,Centre-Back,192.0,right,2014-09-01,25.0,6000000.0
61592,2015,25,1963,0,0,3,0,James Tomkins,1989-03-29,Defender,Centre-Back,192.0,right,2015-09-01,26.0,6000000.0
61592,2016,24,1976,3,0,4,0,James Tomkins,1989-03-29,Defender,Centre-Back,192.0,right,2016-09-01,27.0,7000000.0
61592,2017,28,2388,3,0,8,0,James Tomkins,1989-03-29,Defender,Centre-Back,192.0,right,2017-09-01,28.0,8000000.0
61592,2018,29,2563,1,1,6,0,James Tomkins,1989-03-29,Defender,Centre-Back,192.0,right,2018-09-01,29.0,8000000.0
61592,2019,18,1586,1,1,4,0,James Tomkins,1989-03-29,Defender,Centre-Back,192.0,right,2019-09-01,30.0,4000000.0
61637,2014,23,1212,1,1,0,0,Emmanuel Rivière,1990-03-03,Attack,Centre-Forward,182.0,right,2014-09-01,24.0,6000000.0
61644,2012,35,2814,0,0,4,0,Jack Colback,1989-10-24,Midfield,Defensive Midfield,177.0,left,2012-09-01,22.0,6000000.0
61644,2013,33,2425,3,3,6,0,Jack Colback,1989-10-24,Midfield,Defensive Midfield,177.0,left,2013-09-01,23.0,4500000.0
61644,2014,35,3129,4,7,12,0,Jack Colback,1989-10-24,Midfield,Defensive Midfield,177.0,left,2014-09-01,24.0,6000000.0
61644,2015,29,2397,1,1,11,0,Jack Colback,1989-10-24,Midfield,Defensive Midfield,177.0,left,2015-09-01,25.0,7500000.0
61651,2012,30,1530,5,4,3,0,Jordan Henderson,1990-06-17,Midfield,Defensive Midfield,182.0,right,2012-09-01,22.0,10500000.0
61651,2013,35,3130,4,7,4,1,Jordan Henderson,1990-06-17,Midfield,Defensive Midfield,182.0,right,2013-09-01,23.0,15000000.0
61651,2014,37,3255,6,10,6,0,Jordan Henderson,1990-06-17,Midfield,Defensive Midfield,182.0,right,2014-09-01,24.0,23000000.0
61651,2015,17,1293,2,3,1,0,Jordan Henderson,1990-06-17,Midfield,Defensive Midfield,182.0,right,2015-09-01,25.0,28000000.0
61651,2016,24,2118,1,4,8,0,Jordan Henderson,1990-06-17,Midfield,Defensive Midfield,182.0,right,2016-09-01,26.0,28000000.0
61651,2017,27,2172,1,1,1,0,Jordan Henderson,1990-06-17,Midfield,Defensive Midfield,182.0,right,2017-09-01,27.0,25000000.0
61651,2018,32,1982,1,3,3,0,Jordan Henderson,1990-06-17,Midfield,Defensive Midfield,182.0,right,2018-09-01,28.0,35000000.0
61651,2019,30,2244,4,5,2,0,Jordan Henderson,1990-06-17,Midfield,Defensive Midfield,182.0,right,2019-09-01,29.0,28000000.0
61651,2020,21,1707,1,1,0,0,Jordan Henderson,1990-06-17,Midfield,Defensive Midfield,182.0,right,2020-09-01,30.0,20000000.0
61651,2021,35,2603,2,5,3,0,Jordan Henderson,1990-06-17,Midfield,Defensive Midfield,182.0,right,2021-09-01,31.0,15000000.0
61651,2022,35,2072,0,2,2,0,Jordan Henderson,1990-06-17,Midfield,Defensive Midfield,182.0,right,2022-09-01,32.0,10000000.0
61651,2025,32,1921,1,3,6,0,Jordan Henderson,1990-06-17,Midfield,Defensive Midfield,182.0,right,2025-09-01,35.0,1200000.0
61653,2019,27,1539,3,5,4,0,Conor Hourihane,1991-02-02,Midfield,Central Midfield,181.0,left,2019-09-01,28.0,6000000.0
61819,2015,37,3285,3,5,2,0,Charlie Daniels,1986-09-07,Defender,Left-Back,178.0,left,2015-09-01,28.0,2000000.0
61819,2016,34,3060,4,3,1,0,Charlie Daniels,1986-09-07,Defender,Left-Back,178.0,left,2016-09-01,29.0,3000000.0
61819,2017,35,3004,1,3,0,0,Charlie Daniels,1986-09-07,Defender,Left-Back,178.0,left,2017-09-01,30.0,3500000.0
61819,2018,21,1585,1,0,4,0,Charlie Daniels,1986-09-07,Defender,Left-Back,178.0,left,2018-09-01,31.0,3000000.0
61832,2013,36,3054,3,4,6,0,Jake Livermore,1989-11-14,Midfield,Defensive Midfield,180.0,right,2013-09-01,23.0,2500000.0
61832,2014,35,3032,1,1,10,0,Jake Livermore,1989-11-14,Midfield,Defensive Midfield,180.0,right,2014-09-01,24.0,7000000.0
61832,2016,37,2977,1,1,5,1,Jake Livermore,1989-11-14,Midfield,Defensive Midfield,180.0,right,2016-09-01,26.0,7000000.0
61832,2017,34,2675,2,2,5,0,Jake Livermore,1989-11-14,Midfield,Defensive Midfield,180.0,right,2017-09-01,27.0,9000000.0
61832,2020,18,1246,0,0,2,1,Jake Livermore,1989-11-14,Midfield,Defensive Midfield,180.0,right,2020-09-01,30.0,2500000.0
61834,2014,31,2326,1,4,10,0,Ryan Mason,1991-06-13,Midfield,Central Midfield,175.0,right,2014-09-01,23.0,4500000.0
61834,2016,16,928,1,0,4,0,Ryan Mason,1991-06-13,Midfield,Central Midfield,175.0,right,2016-09-01,25.0,8500000.0
61841,2015,31,2097,2,0,5,0,Adam Smith,1991-04-29,Defender,Right-Back,174.0,right,2015-09-01,24.0,1500000.0
61841,2016,36,3099,1,5,6,0,Adam Smith,1991-04-29,Defender,Right-Back,174.0,right,2016-09-01,25.0,5000000.0
61841,2017,27,2068,1,3,6,0,Adam Smith,1991-04-29,Defender,Right-Back,174.0,right,2017-09-01,26.0,5000000.0
61841,2018,25,2073,1,1,5,1,Adam Smith,1991-04-29,Defender,Right-Back,174.0,right,2018-09-01,27.0,7000000.0
61841,2019,24,2061,0,1,7,0,Adam Smith,1991-04-29,Defender,Right-Back,174.0,right,2019-09-01,28.0,7000000.0
61841,2022,37,2948,0,1,11,0,Adam Smith,1991-04-29,Defender,Right-Back,174.0,right,2022-09-01,31.0,1200000.0
61841,2023,28,2157,0,2,6,0,Adam Smith,1991-04-29,Defender,Right-Back,174.0,right,2023-09-01,32.0,1000000.0
61841,2024,25,1595,0,0,7,0,Adam Smith,1991-04-29,Defender,Right-Back,174.0,right,2024-09-01,33.0,750000.0
61841,2025,22,1080,0,2,3,0,Adam Smith,1991-04-29,Defender,Right-Back,174.0,right,2025-09-01,34.0,300000.0
61842,2012,17,1047,2,2,2,0,Andros Townsend,1991-07-16,Attack,Right Winger,181.0,left,2012-09-01,21.0,500000.0
61842,2013,25,1225,1,2,2,0,Andros Townsend,1991-07-16,Attack,Right Winger,181.0,left,2013-09-01,22.0,7000000.0
61842,2015,16,1153,4,2,0,0,Andros Townsend,1991-07-16,Attack,Right Winger,181.0,left,2015-09-01,24.0,9000000.0
61842,2016,36,2527,3,6,4,0,Andros Townsend,1991-07-16,Attack,Right Winger,181.0,left,2016-09-01,25.0,12000000.0
61842,2017,36,3130,2,8,3,0,Andros Townsend,1991-07-16,Attack,Right Winger,181.0,left,2017-09-01,26.0,15000000.0
61842,2018,38,3018,6,5,1,0,Andros Townsend,1991-07-16,Attack,Right Winger,181.0,left,2018-09-01,27.0,15000000.0
61842,2019,24,1289,1,1,0,0,Andros Townsend,1991-07-16,Attack,Right Winger,181.0,left,2019-09-01,28.0,12000000.0
61842,2020,34,2259,1,5,0,0,Andros Townsend,1991-07-16,Attack,Right Winger,181.0,left,2020-09-01,29.0,7000000.0
61842,2021,21,1458,3,2,3,0,Andros Townsend,1991-07-16,Attack,Right Winger,181.0,left,2021-09-01,30.0,5000000.0
61842,2023,27,1209,1,3,1,0,Andros Townsend,1991-07-16,Attack,Right Winger,181.0,left,2023-09-01,32.0,1800000.0
61891,2012,21,1136,0,0,3,0,Fábio,1990-07-09,Defender,Right-Back,172.0,right,2012-09-01,22.0,7000000.0
61891,2013,14,1092,0,0,2,0,Fábio,1990-07-09,Defender,Right-Back,172.0,right,2013-09-01,23.0,4000000.0
61891,2016,24,1850,0,0,8,0,Fábio,1990-07-09,Defender,Right-Back,172.0,right,2016-09-01,26.0,2000000.0
61892,2012,28,2316,3,4,6,1,Rafael,1990-07-09,Defender,Right-Back,172.0,right,2012-09-01,22.0,14500000.0
61892,2013,19,1418,0,1,5,0,Rafael,1990-07-09,Defender,Right-Back,172.0,right,2013-09-01,23.0,15000000.0
62049,2014,34,2437,11,3,6,0,Mame Diouf,1987-12-16,Attack,Centre-Forward,185.0,right,2014-09-01,26.0,9000000.0
62049,2015,26,1269,5,1,3,0,Mame Diouf,1987-12-16,Attack,Centre-Forward,185.0,right,2015-09-01,27.0,8000000.0
62049,2016,27,1382,1,2,3,0,Mame Diouf,1987-12-16,Attack,Centre-Forward,185.0,right,2016-09-01,28.0,7000000.0
62049,2017,35,2602,6,3,6,0,Mame Diouf,1987-12-16,Attack,Centre-Forward,185.0,right,2017-09-01,29.0,7000000.0
62121,2015,37,3152,16,5,4,0,Odion Ighalo,1989-06-16,Attack,Centre-Forward,181.0,right,2015-09-01,26.0,12000000.0
62121,2016,18,1292,1,1,1,0,Odion Ighalo,1989-06-16,Attack,Centre-Forward,181.0,right,2016-09-01,27.0,7000000.0
62240,2012,33,2815,1,1,6,1,Maynor Figueroa,1983-05-02,Defender,Left-Back,182.0,left,2012-09-01,29.0,4500000.0
62240,2013,32,2715,0,1,6,0,Maynor Figueroa,1983-05-02,Defender,Left-Back,182.0,left,2013-09-01,30.0,4000000.0
62638,2012,26,2012,0,0,4,0,Nathan Baker,1991-04-23,Defender,Centre-Back,189.0,left,2012-09-01,21.0,2000000.0
62638,2013,30,2478,0,0,6,0,Nathan Baker,1991-04-23,Defender,Centre-Back,189.0,left,2013-09-01,22.0,2500000.0
62688,2013,14,1260,1,0,4,0,Scott Dann,1987-02-14,Defender,Centre-Back,194.0,right,2013-09-01,26.0,3000000.0
62688,2014,34,2922,2,3,6,0,Scott Dann,1987-02-14,Defender,Centre-Back,194.0,right,2014-09-01,27.0,3000000.0
62688,2015,35,3150,5,1,7,0,Scott Dann,1987-02-14,Defender,Centre-Back,194.0,right,2015-09-01,28.0,5000000.0
62688,2016,23,1744,3,1,2,0,Scott Dann,1987-02-14,Defender,Centre-Back,194.0,right,2016-09-01,29.0,5000000.0
62688,2017,17,1435,1,0,4,0,Scott Dann,1987-02-14,Defender,Centre-Back,194.0,right,2017-09-01,30.0,5000000.0
62688,2019,16,1263,0,1,0,0,Scott Dann,1987-02-14,Defender,Centre-Back,194.0,right,2019-09-01,32.0,2800000.0
62688,2020,15,1350,1,0,1,0,Scott Dann,1987-02-14,Defender,Centre-Back,194.0,right,2020-09-01,33.0,1500000.0
63200,2016,28,1777,6,3,8,0,Ashley Barnes,1989-10-30,Attack,Centre-Forward,185.0,right,2016-09-01,26.0,2500000.0
63200,2017,36,2157,9,0,10,0,Ashley Barnes,1989-10-30,Attack,Centre-Forward,185.0,right,2017-09-01,27.0,8000000.0
63200,2018,37,2387,12,2,8,0,Ashley Barnes,1989-10-30,Attack,Centre-Forward,185.0,right,2018-09-01,28.0,10000000.0
63200,2019,19,1361,6,0,4,0,Ashley Barnes,1989-10-30,Attack,Centre-Forward,185.0,right,2019-09-01,29.0,8000000.0
63200,2020,22,1334,3,0,4,0,Ashley Barnes,1989-10-30,Attack,Centre-Forward,185.0,right,2020-09-01,30.0,3500000.0
63285,2013,26,1956,0,0,3,1,Kagisho Dikgacoi,1984-11-24,Midfield,Central Midfield,183.0,right,2013-09-01,28.0,2000000.0
63342,2013,29,2465,3,2,7,0,Leroy Fer,1990-01-05,Midfield,Defensive Midfield,188.0,right,2013-09-01,23.0,8500000.0
63342,2014,29,2368,6,4,4,0,Leroy Fer,1990-01-05,Midfield,Defensive Midfield,188.0,right,2014-09-01,24.0,8500000.0
63342,2016,34,2404,6,2,9,0,Leroy Fer,1990-01-05,Midfield,Defensive Midfield,188.0,right,2016-09-01,26.0,8000000.0
63342,2017,20,1399,1,1,5,0,Leroy Fer,1990-01-05,Midfield,Defensive Midfield,188.0,right,2017-09-01,27.0,8000000.0
63494,2014,12,901,0,0,2,0,Étienne Capoue,1988-07-11,Midfield,Defensive Midfield,189.0,right,2014-09-01,26.0,7500000.0
63494,2015,33,2821,0,1,7,0,Étienne Capoue,1988-07-11,Midfield,Defensive Midfield,189.0,right,2015-09-01,27.0,9000000.0
63494,2016,37,3213,7,1,5,0,Étienne Capoue,1988-07-11,Midfield,Defensive Midfield,189.0,right,2016-09-01,28.0,9000000.0
63494,2017,23,1541,1,0,3,0,Étienne Capoue,1988-07-11,Midfield,Defensive Midfield,189.0,right,2017-09-01,29.0,8000000.0
63494,2018,33,2947,1,3,14,1,Étienne Capoue,1988-07-11,Midfield,Defensive Midfield,189.0,right,2018-09-01,30.0,8000000.0
63494,2019,30,2632,0,3,8,0,Étienne Capoue,1988-07-11,Midfield,Defensive Midfield,189.0,right,2019-09-01,31.0,5200000.0
63821,2013,23,1540,1,2,1,0,Aron Gunnarsson,1989-04-22,Midfield,Defensive Midfield,177.0,right,2013-09-01,24.0,3000000.0
63821,2018,28,2275,1,1,5,0,Aron Gunnarsson,1989-04-22,Midfield,Defensive Midfield,177.0,right,2018-09-01,29.0,2500000.0
64308,2014,24,1296,4,2,2,0,Brown Ideye,1988-10-10,Attack,Centre-Forward,181.0,right,2014-09-01,25.0,8000000.0
64598,2016,11,975,0,0,2,0,Bernardo Espinosa,1989-07-11,Defender,Centre-Back,192.0,right,2016-09-01,27.0,2500000.0
65278,2015,29,2043,7,3,3,0,Pedro,1987-07-28,Attack,Right Winger,167.0,both,2015-09-01,28.0,23000000.0
65278,2016,35,2151,9,10,6,0,Pedro,1987-07-28,Attack,Right Winger,167.0,both,2016-09-01,29.0,28000000.0
65278,2017,31,1523,4,2,1,0,Pedro,1987-07-28,Attack,Right Winger,167.0,both,2017-09-01,30.0,25000000.0
65278,2018,31,1780,8,2,2,0,Pedro,1987-07-28,Attack,Right Winger,167.0,both,2018-09-01,31.0,20000000.0
65467,2017,19,1416,3,0,0,0,Vicente Iborra,1988-01-16,Midfield,Defensive Midfield,190.0,right,2017-09-01,29.0,10000000.0
65477,2015,38,3292,13,8,6,0,Troy Deeney,1988-06-29,Attack,Centre-Forward,184.0,right,2015-09-01,27.0,9000000.0
65477,2016,37,2942,10,4,7,0,Troy Deeney,1988-06-29,Attack,Centre-Forward,184.0,right,2016-09-01,28.0,11000000.0
65477,2017,29,1840,5,2,1,1,Troy Deeney,1988-06-29,Attack,Centre-Forward,184.0,right,2017-09-01,29.0,10000000.0
65477,2018,32,2548,9,5,4,1,Troy Deeney,1988-06-29,Attack,Centre-Forward,184.0,right,2018-09-01,30.0,10000000.0
65477,2019,27,2234,10,2,3,0,Troy Deeney,1988-06-29,Attack,Centre-Forward,184.0,right,2019-09-01,31.0,6500000.0
65976,2012,25,1275,7,2,0,0,Hal Robson-Kanu,1989-05-21,Attack,Centre-Forward,183.0,left,2012-09-01,23.0,1500000.0
66100,2015,29,1605,1,0,7,0,Oriol Romeu,1991-09-24,Midfield,Defensive Midfield,183.0,right,2015-09-01,23.0,5000000.0
66100,2016,35,3072,1,1,11,0,Oriol Romeu,1991-09-24,Midfield,Defensive Midfield,183.0,right,2016-09-01,24.0,10000000.0
66100,2017,34,2901,1,0,11,0,Oriol Romeu,1991-09-24,Midfield,Defensive Midfield,183.0,right,2017-09-01,25.0,12000000.0
66100,2018,31,2139,1,0,11,0,Oriol Romeu,1991-09-24,Midfield,Defensive Midfield,183.0,right,2018-09-01,26.0,10000000.0
66100,2019,30,1860,0,0,5,0,Oriol Romeu,1991-09-24,Midfield,Defensive Midfield,183.0,right,2019-09-01,27.0,8000000.0
66100,2020,21,1767,1,1,6,0,Oriol Romeu,1991-09-24,Midfield,Defensive Midfield,183.0,right,2020-09-01,28.0,6000000.0
66100,2021,36,2899,2,2,9,0,Oriol Romeu,1991-09-24,Midfield,Defensive Midfield,183.0,right,2021-09-01,29.0,5000000.0
66219,2012,14,1061,0,1,0,0,Kyle Naughton,1988-11-17,Defender,Right-Back,181.0,right,2012-09-01,23.0,5000000.0
66219,2013,22,1743,0,1,6,0,Kyle Naughton,1988-11-17,Defender,Right-Back,181.0,right,2013-09-01,24.0,4000000.0
66219,2014,15,1184,0,1,1,2,Kyle Naughton,1988-11-17,Defender,Right-Back,181.0,right,2014-09-01,25.0,6000000.0
66219,2015,27,1765,0,3,2,1,Kyle Naughton,1988-11-17,Defender,Right-Back,181.0,right,2015-09-01,26.0,5500000.0
66219,2016,31,2718,1,0,5,0,Kyle Naughton,1988-11-17,Defender,Right-Back,181.0,right,2016-09-01,27.0,5000000.0
66219,2017,34,3033,0,2,1,0,Kyle Naughton,1988-11-17,Defender,Right-Back,181.0,right,2017-09-01,28.0,5000000.0
66333,2013,38,3329,2,2,3,0,Ahmed Elmohamady,1987-09-09,Defender,Right-Back,182.0,right,2013-09-01,25.0,3500000.0
66333,2014,38,3420,2,5,4,0,Ahmed Elmohamady,1987-09-09,Defender,Right-Back,182.0,right,2014-09-01,26.0,4000000.0
66333,2016,33,2519,0,2,3,1,Ahmed Elmohamady,1987-09-09,Defender,Right-Back,182.0,right,2016-09-01,28.0,4000000.0
66333,2019,18,1026,1,1,1,0,Ahmed Elmohamady,1987-09-09,Defender,Right-Back,182.0,right,2019-09-01,31.0,2000000.0
66550,2012,33,2750,3,1,7,0,Ángel Rangel,1982-11-28,Defender,Right-Back,188.0,right,2012-09-01,29.0,3000000.0
66550,2013,30,2632,0,2,8,0,Ángel Rangel,1982-11-28,Defender,Right-Back,188.0,right,2013-09-01,30.0,3000000.0
66550,2014,27,2036,0,0,3,0,Ángel Rangel,1982-11-28,Defender,Right-Back,188.0,right,2014-09-01,31.0,2000000.0
66550,2015,23,1820,0,0,6,0,Ángel Rangel,1982-11-28,Defender,Right-Back,188.0,right,2015-09-01,32.0,1500000.0
66934,2014,31,2662,4,3,5,0,Cheikhou Kouyaté,1989-12-21,Midfield,Defensive Midfield,189.0,right,2014-09-01,24.0,9000000.0
66934,2015,34,3010,5,3,5,1,Cheikhou Kouyaté,1989-12-21,Midfield,Defensive Midfield,189.0,right,2015-09-01,25.0,11000000.0
66934,2016,31,2728,1,0,3,0,Cheikhou Kouyaté,1989-12-21,Midfield,Defensive Midfield,189.0,right,2016-09-01,26.0,12000000.0
66934,2017,33,2802,2,3,5,0,Cheikhou Kouyaté,1989-12-21,Midfield,Defensive Midfield,189.0,right,2017-09-01,27.0,12000000.0
66934,2018,31,1897,0,3,3,0,Cheikhou Kouyaté,1989-12-21,Midfield,Defensive Midfield,189.0,right,2018-09-01,28.0,10000000.0
66934,2019,35,2536,1,1,4,0,Cheikhou Kouyaté,1989-12-21,Midfield,Defensive Midfield,189.0,right,2019-09-01,29.0,8000000.0
66934,2020,36,3123,1,0,4,0,Cheikhou Kouyaté,1989-12-21,Midfield,Defensive Midfield,189.0,right,2020-09-01,30.0,6000000.0
66934,2021,27,1978,0,1,3,0,Cheikhou Kouyaté,1989-12-21,Midfield,Defensive Midfield,189.0,right,2021-09-01,31.0,4000000.0
67063,2012,27,1293,1,4,1,0,Danny Welbeck,1990-11-26,Attack,Centre-Forward,185.0,right,2012-09-01,21.0,17000000.0
67063,2013,25,1459,9,4,2,0,Danny Welbeck,1990-11-26,Attack,Centre-Forward,185.0,right,2013-09-01,22.0,17000000.0
67063,2014,27,1711,4,5,3,0,Danny Welbeck,1990-11-26,Attack,Centre-Forward,185.0,right,2014-09-01,23.0,18000000.0
67063,2017,28,1183,5,2,1,0,Danny Welbeck,1990-11-26,Attack,Centre-Forward,185.0,right,2017-09-01,26.0,15000000.0
67063,2020,24,1549,6,3,0,0,Danny Welbeck,1990-11-26,Attack,Centre-Forward,185.0,right,2020-09-01,29.0,4000000.0
67063,2021,25,1476,6,3,0,0,Danny Welbeck,1990-11-26,Attack,Centre-Forward,185.0,right,2021-09-01,30.0,4000000.0
67063,2022,31,1856,6,4,0,0,Danny Welbeck,1990-11-26,Attack,Centre-Forward,185.0,right,2022-09-01,31.0,7000000.0
67063,2023,29,1703,5,1,4,0,Danny Welbeck,1990-11-26,Attack,Centre-Forward,185.0,right,2023-09-01,32.0,5000000.0
67063,2024,30,2121,10,4,4,0,Danny Welbeck,1990-11-26,Attack,Centre-Forward,185.0,right,2024-09-01,33.0,5000000.0
67063,2025,37,2266,13,1,5,0,Danny Welbeck,1990-11-26,Attack,Centre-Forward,185.0,right,2025-09-01,34.0,3000000.0
67252,2012,15,1066,1,0,2,0,Ryan Bennett,1990-03-06,Defender,Centre-Back,188.0,right,2012-09-01,22.0,3500000.0
67252,2013,16,1348,1,0,6,0,Ryan Bennett,1990-03-06,Defender,Centre-Back,188.0,right,2013-09-01,23.0,2500000.0
67252,2015,22,1838,0,0,7,0,Ryan Bennett,1990-03-06,Defender,Centre-Back,188.0,right,2015-09-01,25.0,2000000.0
67252,2018,34,3060,1,0,12,0,Ryan Bennett,1990-03-06,Defender,Centre-Back,188.0,right,2018-09-01,28.0,7000000.0
67252,2019,16,935,0,0,2,0,Ryan Bennett,1990-03-06,Defender,Centre-Back,188.0,right,2019-09-01,29.0,4000000.0
67303,2012,31,2690,3,2,1,0,Russell Martin,1986-01-04,Defender,Centre-Back,183.0,right,2012-09-01,26.0,3000000.0
67303,2013,31,2616,0,0,2,0,Russell Martin,1986-01-04,Defender,Centre-Back,183.0,right,2013-09-01,27.0,3000000.0
67303,2015,30,2698,3,0,4,1,Russell Martin,1986-01-04,Defender,Centre-Back,183.0,right,2015-09-01,29.0,3000000.0
67322,2012,30,2156,5,3,2,0,Anthony Pilkington,1988-06-06,Attack,Left Winger,181.0,both,2012-09-01,24.0,4500000.0
67355,2012,37,3330,0,0,7,0,Ashley Williams,1984-08-23,Defender,Centre-Back,183.0,right,2012-09-01,28.0,6000000.0
67355,2013,34,3040,1,1,5,0,Ashley Williams,1984-08-23,Defender,Centre-Back,183.0,right,2013-09-01,29.0,8000000.0
67355,2014,37,3330,0,0,6,0,Ashley Williams,1984-08-23,Defender,Centre-Back,183.0,right,2014-09-01,30.0,6500000.0
67355,2015,36,3240,2,1,8,0,Ashley Williams,1984-08-23,Defender,Centre-Back,183.0,right,2015-09-01,31.0,6500000.0
67355,2016,36,3159,1,3,7,1,Ashley Williams,1984-08-23,Defender,Centre-Back,183.0,right,2016-09-01,32.0,8000000.0
67355,2017,24,1833,1,0,3,1,Ashley Williams,1984-08-23,Defender,Centre-Back,183.0,right,2017-09-01,33.0,5000000.0
67416,2014,34,3000,0,3,9,0,Neil Taylor,1989-02-07,Defender,Left-Back,176.0,left,2014-09-01,25.0,3500000.0
67416,2015,34,2947,0,2,4,0,Neil Taylor,1989-02-07,Defender,Left-Back,176.0,left,2015-09-01,26.0,5000000.0
67416,2016,11,922,0,0,1,0,Neil Taylor,1989-02-07,Defender,Left-Back,176.0,left,2016-09-01,27.0,6000000.0
67416,2019,14,1089,0,0,2,0,Neil Taylor,1989-02-07,Defender,Left-Back,176.0,left,2019-09-01,30.0,2800000.0
67420,2020,38,3400,0,0,7,0,Luke Ayling,1991-08-25,Defender,Right-Back,183.0,right,2020-09-01,29.0,5000000.0
67420,2021,26,2275,2,2,4,1,Luke Ayling,1991-08-25,Defender,Right-Back,183.0,right,2021-09-01,30.0,4000000.0
67420,2022,29,2049,2,1,3,0,Luke Ayling,1991-08-25,Defender,Right-Back,183.0,right,2022-09-01,31.0,1800000.0
67421,2020,30,2584,3,1,4,0,Kyle Bartley,1991-05-22,Defender,Centre-Back,194.0,right,2020-09-01,29.0,2500000.0
68183,2013,30,2135,2,1,8,0,David Meyler,1989-05-29,Midfield,Central Midfield,189.0,right,2013-09-01,24.0,3000000.0
68183,2014,28,1729,1,1,8,1,David Meyler,1989-05-29,Midfield,Central Midfield,189.0,right,2014-09-01,25.0,3000000.0
68183,2016,20,954,1,0,2,0,David Meyler,1989-05-29,Midfield,Central Midfield,189.0,right,2016-09-01,27.0,2000000.0
68390,2012,26,2164,0,5,4,0,Séamus Coleman,1988-10-11,Defender,Right-Back,177.0,right,2012-09-01,23.0,4000000.0
68390,2013,36,3229,6,2,3,0,Séamus Coleman,1988-10-11,Defender,Right-Back,177.0,right,2013-09-01,24.0,10000000.0
68390,2014,35,3065,3,3,5,0,Séamus Coleman,1988-10-11,Defender,Right-Back,177.0,right,2014-09-01,25.0,18000000.0
68390,2015,28,2386,1,3,4,0,Séamus Coleman,1988-10-11,Defender,Right-Back,177.0,right,2015-09-01,26.0,17000000.0
68390,2016,26,2317,4,4,3,0,Séamus Coleman,1988-10-11,Defender,Right-Back,177.0,right,2016-09-01,27.0,17000000.0
68390,2017,12,1035,0,1,0,0,Séamus Coleman,1988-10-11,Defender,Right-Back,177.0,right,2017-09-01,28.0,12000000.0
68390,2018,29,2560,2,2,1,0,Séamus Coleman,1988-10-11,Defender,Right-Back,177.0,right,2018-09-01,29.0,15000000.0
68390,2019,27,1839,0,1,5,0,Séamus Coleman,1988-10-11,Defender,Right-Back,177.0,right,2019-09-01,30.0,9500000.0
68390,2020,25,1612,0,3,0,0,Séamus Coleman,1988-10-11,Defender,Right-Back,177.0,right,2020-09-01,31.0,5000000.0
68390,2021,30,2658,1,1,4,0,Séamus Coleman,1988-10-11,Defender,Right-Back,177.0,right,2021-09-01,32.0,3000000.0
68390,2022,23,1663,1,0,1,0,Séamus Coleman,1988-10-11,Defender,Right-Back,177.0,right,2022-09-01,33.0,1000000.0
68645,2018,25,2166,0,1,4,0,Martín Montoya,1991-04-14,Defender,Right-Back,175.0,right,2018-09-01,27.0,8000000.0
68645,2019,27,1901,0,1,5,0,Martín Montoya,1991-04-14,Defender,Right-Back,175.0,right,2019-09-01,28.0,6500000.0
69015,2019,23,988,5,1,2,0,Andriy Yarmolenko,1989-10-23,Attack,Right Winger,189.0,left,2019-09-01,29.0,9500000.0
69609,2013,23,1669,0,0,5,0,José Alberto Cañas,1987-05-27,Midfield,Central Midfield,178.0,right,2013-09-01,26.0,5000000.0
69633,2013,25,1982,7,9,3,0,Christian Eriksen,1992-02-14,Midfield,Attacking Midfield,182.0,right,2013-09-01,21.0,18000000.0
69633,2014,38,3138,10,2,4,0,Christian Eriksen,1992-02-14,Midfield,Attacking Midfield,182.0,right,2014-09-01,22.0,27000000.0
69633,2015,35,2942,6,15,2,0,Christian Eriksen,1992-02-14,Midfield,Attacking Midfield,182.0,right,2015-09-01,23.0,29000000.0
69633,2016,36,3167,8,16,0,0,Christian Eriksen,1992-02-14,Midfield,Attacking Midfield,182.0,right,2016-09-01,24.0,40000000.0
69633,2017,37,3226,10,11,0,0,Christian Eriksen,1992-02-14,Midfield,Attacking Midfield,182.0,right,2017-09-01,25.0,80000000.0
69633,2018,35,2772,8,12,3,0,Christian Eriksen,1992-02-14,Midfield,Attacking Midfield,182.0,right,2018-09-01,26.0,100000000.0
69633,2019,20,1092,2,2,5,0,Christian Eriksen,1992-02-14,Midfield,Attacking Midfield,182.0,right,2019-09-01,27.0,68000000.0
69633,2021,11,938,1,4,1,0,Christian Eriksen,1992-02-14,Midfield,Attacking Midfield,182.0,right,2021-09-01,29.0,20000000.0
69633,2022,28,2063,1,8,3,0,Christian Eriksen,1992-02-14,Midfield,Attacking Midfield,182.0,right,2022-09-01,30.0,22000000.0
69633,2023,22,1140,1,2,1,0,Christian Eriksen,1992-02-14,Midfield,Attacking Midfield,182.0,right,2023-09-01,31.0,8000000.0
69633,2024,23,1056,1,2,4,0,Christian Eriksen,1992-02-14,Midfield,Attacking Midfield,182.0,right,2024-09-01,32.0,4000000.0
69653,2012,31,1571,3,3,0,0,Garath McCleary,1987-05-15,Attack,Right Winger,187.0,right,2012-09-01,25.0,1000000.0
70131,2013,21,1333,0,1,1,0,Ondrej Celustka,1989-06-18,Defender,Centre-Back,187.0,right,2013-09-01,24.0,2500000.0
70789,2012,35,3012,18,3,6,0,Michu,1986-03-21,Attack,Second Striker,185.0,left,2012-09-01,26.0,13000000.0
70789,2013,17,1289,2,2,2,0,Michu,1986-03-21,Attack,Second Striker,185.0,left,2013-09-01,27.0,12000000.0
70950,2012,33,2606,3,0,3,0,Mohamed Diamé,1987-06-14,Midfield,Central Midfield,184.0,right,2012-09-01,25.0,7500000.0
70950,2013,35,2485,4,3,4,0,Mohamed Diamé,1987-06-14,Midfield,Central Midfield,184.0,right,2013-09-01,26.0,7000000.0
70950,2014,15,934,4,0,2,0,Mohamed Diamé,1987-06-14,Midfield,Central Midfield,184.0,right,2014-09-01,27.0,6000000.0
70950,2017,31,2043,2,0,3,0,Mohamed Diamé,1987-06-14,Midfield,Central Midfield,184.0,right,2017-09-01,30.0,5000000.0
70950,2018,29,2166,0,0,3,0,Mohamed Diamé,1987-06-14,Midfield,Central Midfield,184.0,right,2018-09-01,31.0,5000000.0
71292,2012,19,918,1,0,3,1,Jonjo Shelvey,1992-02-27,Midfield,Central Midfield,184.0,right,2012-09-01,20.0,5500000.0
71292,2013,32,2475,6,7,4,0,Jonjo Shelvey,1992-02-27,Midfield,Central Midfield,184.0,right,2013-09-01,21.0,7500000.0
71292,2014,31,2456,3,5,10,0,Jonjo Shelvey,1992-02-27,Midfield,Central Midfield,184.0,right,2014-09-01,22.0,11000000.0
71292,2015,31,2269,1,6,8,0,Jonjo Shelvey,1992-02-27,Midfield,Central Midfield,184.0,right,2015-09-01,23.0,12000000.0
71292,2017,30,2267,1,3,4,1,Jonjo Shelvey,1992-02-27,Midfield,Central Midfield,184.0,right,2017-09-01,25.0,15000000.0
71292,2018,16,944,1,1,1,0,Jonjo Shelvey,1992-02-27,Midfield,Central Midfield,184.0,right,2018-09-01,26.0,15000000.0
71292,2019,26,2124,6,2,3,0,Jonjo Shelvey,1992-02-27,Midfield,Central Midfield,184.0,right,2019-09-01,27.0,14500000.0
71292,2020,30,2617,1,3,7,0,Jonjo Shelvey,1992-02-27,Midfield,Central Midfield,184.0,right,2020-09-01,28.0,13000000.0
71292,2021,24,1986,2,1,7,0,Jonjo Shelvey,1992-02-27,Midfield,Central Midfield,184.0,right,2021-09-01,29.0,10000000.0
73067,2016,34,2806,0,2,10,0,Adam Clayton,1989-01-14,Midfield,Central Midfield,175.0,right,2016-09-01,27.0,3000000.0
73482,2013,24,1868,1,0,1,0,James Chester,1989-01-23,Defender,Centre-Back,177.0,right,2013-09-01,24.0,2500000.0
73482,2014,23,1872,2,0,5,1,James Chester,1989-01-23,Defender,Centre-Back,177.0,right,2014-09-01,25.0,2000000.0
73482,2015,13,962,0,0,4,0,James Chester,1989-01-23,Defender,Centre-Back,177.0,right,2015-09-01,26.0,5000000.0
73484,2012,22,1454,2,3,1,0,Tom Cleverley,1989-08-12,Midfield,Central Midfield,175.0,right,2012-09-01,23.0,12500000.0
73484,2013,22,1576,1,0,3,0,Tom Cleverley,1989-08-12,Midfield,Central Midfield,175.0,right,2013-09-01,24.0,14000000.0
73484,2014,32,2610,3,0,7,0,Tom Cleverley,1989-08-12,Midfield,Central Midfield,175.0,right,2014-09-01,25.0,9000000.0
73484,2015,22,1614,2,5,1,0,Tom Cleverley,1989-08-12,Midfield,Central Midfield,175.0,right,2015-09-01,26.0,9000000.0
73484,2016,27,1845,0,2,4,0,Tom Cleverley,1989-08-12,Midfield,Central Midfield,175.0,right,2016-09-01,27.0,8000000.0
73484,2017,23,1907,1,2,3,0,Tom Cleverley,1989-08-12,Midfield,Central Midfield,175.0,right,2017-09-01,28.0,9000000.0
73484,2019,18,966,1,0,2,0,Tom Cleverley,1989-08-12,Midfield,Central Midfield,175.0,right,2019-09-01,30.0,4800000.0
73484,2021,28,1623,0,2,2,0,Tom Cleverley,1989-08-12,Midfield,Central Midfield,175.0,right,2021-09-01,32.0,1800000.0
73491,2014,23,1488,0,0,1,0,Danny Drinkwater,1990-03-05,Midfield,Central Midfield,178.0,right,2014-09-01,24.0,3000000.0
73491,2015,35,3039,3,8,5,0,Danny Drinkwater,1990-03-05,Midfield,Central Midfield,178.0,right,2015-09-01,25.0,6000000.0
73491,2016,29,2467,1,1,6,0,Danny Drinkwater,1990-03-05,Midfield,Central Midfield,178.0,right,2016-09-01,26.0,9000000.0
73522,2014,27,1891,0,1,2,1,Matty James,1991-07-22,Midfield,Central Midfield,181.0,right,2014-09-01,23.0,2000000.0
73522,2017,13,995,0,0,2,0,Matty James,1991-07-22,Midfield,Central Midfield,181.0,right,2017-09-01,26.0,1500000.0
73547,2019,38,3100,1,1,8,0,Oliver Norwood,1991-04-12,Midfield,Central Midfield,175.0,right,2019-09-01,28.0,6500000.0
73547,2020,32,2223,0,0,6,0,Oliver Norwood,1991-04-12,Midfield,Central Midfield,175.0,right,2020-09-01,29.0,5000000.0
73547,2023,27,1433,1,0,8,0,Oliver Norwood,1991-04-12,Midfield,Central Midfield,175.0,right,2023-09-01,32.0,1000000.0
73734,2012,35,3109,1,1,9,1,Steven Nzonzi,1988-12-15,Midfield,Defensive Midfield,196.0,right,2012-09-01,23.0,7000000.0
73734,2013,36,3041,2,1,6,0,Steven Nzonzi,1988-12-15,Midfield,Defensive Midfield,196.0,right,2013-09-01,24.0,6000000.0
73734,2014,38,3375,3,1,1,0,Steven Nzonzi,1988-12-15,Midfield,Defensive Midfield,196.0,right,2014-09-01,25.0,6500000.0
74223,2012,25,1697,0,5,5,0,Jack Wilshere,1992-01-01,Midfield,Central Midfield,172.0,left,2012-09-01,20.0,28000000.0
74223,2013,24,1720,3,5,6,0,Jack Wilshere,1992-01-01,Midfield,Central Midfield,172.0,left,2013-09-01,21.0,33000000.0
74223,2016,29,1950,0,2,4,0,Jack Wilshere,1992-01-01,Midfield,Central Midfield,172.0,left,2016-09-01,24.0,18000000.0
74223,2017,20,1187,1,3,6,0,Jack Wilshere,1992-01-01,Midfield,Central Midfield,172.0,left,2017-09-01,25.0,20000000.0
74228,2014,19,1387,0,0,3,0,Marc Muniesa,1992-03-27,Defender,Centre-Back,180.0,left,2014-09-01,22.0,3000000.0
74228,2015,15,1111,0,0,2,0,Marc Muniesa,1992-03-27,Defender,Centre-Back,180.0,left,2015-09-01,23.0,3000000.0
74230,2023,30,1751,4,7,5,0,Pablo Sarabia,1992-05-11,Midfield,Attacking Midfield,174.0,left,2023-09-01,31.0,10000000.0
74300,2016,14,1227,2,0,4,0,Luka Milivojevic,1991-04-07,Midfield,Defensive Midfield,186.0,right,2016-09-01,25.0,10000000.0
74300,2017,36,3081,10,1,8,0,Luka Milivojevic,1991-04-07,Midfield,Defensive Midfield,186.0,right,2017-09-01,26.0,15000000.0
74300,2018,38,3420,12,2,10,0,Luka Milivojevic,1991-04-07,Midfield,Defensive Midfield,186.0,right,2018-09-01,27.0,20000000.0
74300,2019,31,2514,3,1,12,0,Luka Milivojevic,1991-04-07,Midfield,Defensive Midfield,186.0,right,2019-09-01,28.0,20000000.0
74300,2020,31,2364,1,1,8,1,Luka Milivojevic,1991-04-07,Midfield,Defensive Midfield,186.0,right,2020-09-01,29.0,8000000.0
74590,2012,22,1777,1,2,4,0,Sandro,1989-03-15,Midfield,Defensive Midfield,187.0,right,2012-09-01,23.0,16000000.0
74590,2014,17,1220,1,0,6,0,Sandro,1989-03-15,Midfield,Defensive Midfield,187.0,right,2014-09-01,25.0,9000000.0
74683,2013,17,1364,0,4,3,0,Nemanja Matić,1988-08-01,Midfield,Defensive Midfield,194.0,left,2013-09-01,25.0,25000000.0
74683,2014,36,3123,1,3,10,1,Nemanja Matić,1988-08-01,Midfield,Defensive Midfield,194.0,left,2014-09-01,26.0,34000000.0
74683,2015,33,2420,2,3,6,0,Nemanja Matić,1988-08-01,Midfield,Defensive Midfield,194.0,left,2015-09-01,27.0,38000000.0
74683,2016,35,2697,1,7,4,0,Nemanja Matić,1988-08-01,Midfield,Defensive Midfield,194.0,left,2016-09-01,28.0,35000000.0
74683,2017,36,3119,1,1,7,0,Nemanja Matić,1988-08-01,Midfield,Defensive Midfield,194.0,left,2017-09-01,29.0,40000000.0
74683,2018,28,2441,1,0,8,0,Nemanja Matić,1988-08-01,Midfield,Defensive Midfield,194.0,left,2018-09-01,30.0,30000000.0
74683,2019,21,1583,0,2,2,0,Nemanja Matić,1988-08-01,Midfield,Defensive Midfield,194.0,left,2019-09-01,31.0,16000000.0
74683,2020,20,1101,0,1,2,0,Nemanja Matić,1988-08-01,Midfield,Defensive Midfield,194.0,left,2020-09-01,32.0,8000000.0
74683,2021,23,1383,0,4,3,0,Nemanja Matić,1988-08-01,Midfield,Defensive Midfield,194.0,left,2021-09-01,33.0,5000000.0
74810,2016,34,3015,1,1,5,0,Ben Mee,1989-09-21,Defender,Centre-Back,180.0,left,2016-09-01,26.0,6000000.0
74810,2017,29,2610,0,0,5,0,Ben Mee,1989-09-21,Defender,Centre-Back,180.0,left,2017-09-01,27.0,10000000.0
74810,2018,38,3420,0,3,9,0,Ben Mee,1989-09-21,Defender,Centre-Back,180.0,left,2018-09-01,28.0,10000000.0
74810,2019,32,2880,1,1,7,0,Ben Mee,1989-09-21,Defender,Centre-Back,180.0,left,2019-09-01,29.0,8000000.0
74810,2020,30,2694,2,0,3,0,Ben Mee,1989-09-21,Defender,Centre-Back,180.0,left,2020-09-01,30.0,6000000.0
74810,2021,21,1840,3,0,3,0,Ben Mee,1989-09-21,Defender,Centre-Back,180.0,left,2021-09-01,31.0,2500000.0
74810,2022,37,3272,3,2,2,0,Ben Mee,1989-09-21,Defender,Centre-Back,180.0,left,2022-09-01,32.0,2000000.0
74810,2023,16,1276,2,0,1,1,Ben Mee,1989-09-21,Defender,Centre-Back,180.0,left,2023-09-01,33.0,1000000.0
74869,2014,22,1663,0,0,5,0,Francis Coquelin,1991-05-13,Midfield,Defensive Midfield,177.0,right,2014-09-01,23.0,4500000.0
74869,2015,26,1646,0,0,7,0,Francis Coquelin,1991-05-13,Midfield,Defensive Midfield,177.0,right,2015-09-01,24.0,12000000.0
74869,2016,29,1785,0,0,5,0,Francis Coquelin,1991-05-13,Midfield,Defensive Midfield,177.0,right,2016-09-01,25.0,15000000.0
74943,2021,26,1923,1,1,5,0,Juraj Kucka,1987-02-26,Midfield,Central Midfield,186.0,right,2021-09-01,34.0,1800000.0
75067,2020,25,2187,1,0,4,1,Liam Cooper,1991-08-30,Defender,Centre-Back,186.0,left,2020-09-01,29.0,7000000.0
75067,2021,21,1815,0,1,5,0,Liam Cooper,1991-08-30,Defender,Centre-Back,186.0,left,2021-09-01,30.0,7000000.0
75067,2022,18,1427,1,0,5,0,Liam Cooper,1991-08-30,Defender,Centre-Back,186.0,left,2022-09-01,31.0,3000000.0
75471,2013,29,2039,0,4,1,1,Yannick Bolasie,1989-05-24,Attack,Centre-Forward,185.0,right,2013-09-01,24.0,2000000.0
75471,2014,34,2777,4,11,3,0,Yannick Bolasie,1989-05-24,Attack,Centre-Forward,185.0,right,2014-09-01,25.0,6000000.0
75471,2015,26,2077,5,4,2,0,Yannick Bolasie,1989-05-24,Attack,Centre-Forward,185.0,right,2015-09-01,26.0,12000000.0
75471,2016,14,1052,1,4,3,0,Yannick Bolasie,1989-05-24,Attack,Centre-Forward,185.0,right,2016-09-01,27.0,20000000.0
76277,2012,25,1674,2,1,1,1,Laurent Koscielny,1985-09-10,Defender,Centre-Back,186.0,right,2012-09-01,26.0,15000000.0
76277,2013,32,2741,2,0,3,0,Laurent Koscielny,1985-09-10,Defender,Centre-Back,186.0,right,2013-09-01,27.0,18000000.0
76277,2014,27,2288,3,0,4,0,Laurent Koscielny,1985-09-10,Defender,Centre-Back,186.0,right,2014-09-01,28.0,19000000.0
76277,2015,33,2846,4,0,4,0,Laurent Koscielny,1985-09-10,Defender,Centre-Back,186.0,right,2015-09-01,29.0,22000000.0
76277,2016,33,2823,2,1,4,1,Laurent Koscielny,1985-09-10,Defender,Centre-Back,186.0,right,2016-09-01,30.0,22000000.0
76277,2017,25,2227,2,0,4,0,Laurent Koscielny,1985-09-10,Defender,Centre-Back,186.0,right,2017-09-01,31.0,15000000.0
76277,2018,17,1330,3,0,1,0,Laurent Koscielny,1985-09-10,Defender,Centre-Back,186.0,right,2018-09-01,32.0,8000000.0
76467,2017,23,1716,1,0,2,0,Kiko Femenía,1991-02-02,Defender,Right-Back,174.0,right,2017-09-01,26.0,5000000.0
76467,2018,29,2046,1,1,1,0,Kiko Femenía,1991-02-02,Defender,Right-Back,174.0,right,2018-09-01,27.0,5000000.0
76467,2019,28,2241,0,1,5,0,Kiko Femenía,1991-02-02,Defender,Right-Back,174.0,right,2019-09-01,28.0,4800000.0
76467,2021,27,2150,0,5,2,0,Kiko Femenía,1991-02-02,Defender,Right-Back,174.0,right,2021-09-01,30.0,2500000.0
76608,2014,25,1313,4,1,2,0,Abel Hernández,1990-08-08,Attack,Centre-Forward,185.0,left,2014-09-01,24.0,7500000.0
76608,2016,24,1428,4,3,0,0,Abel Hernández,1990-08-08,Attack,Centre-Forward,185.0,left,2016-09-01,26.0,8000000.0
76799,2015,24,2076,0,0,6,0,Miguel Britos,1985-07-17,Defender,Centre-Back,189.0,left,2015-09-01,30.0,3500000.0
76799,2016,27,2284,1,2,10,0,Miguel Britos,1985-07-17,Defender,Centre-Back,189.0,left,2016-09-01,31.0,3500000.0
77001,2017,33,2145,3,0,3,1,Rajiv van La Parra,1991-06-04,Attack,Left Winger,181.0,right,2017-09-01,26.0,4000000.0
77100,2018,32,2128,10,1,3,0,Lucas Moura,1992-08-13,Attack,Right Winger,172.0,right,2018-09-01,26.0,40000000.0
77100,2019,35,2248,4,4,3,0,Lucas Moura,1992-08-13,Attack,Right Winger,172.0,right,2019-09-01,27.0,32000000.0
77100,2020,30,1403,3,4,1,0,Lucas Moura,1992-08-13,Attack,Right Winger,172.0,right,2020-09-01,28.0,25000000.0
77100,2021,34,1774,2,6,4,0,Lucas Moura,1992-08-13,Attack,Right Winger,172.0,right,2021-09-01,29.0,20000000.0
77274,2014,25,1822,3,8,1,0,Matt Phillips,1991-03-13,Attack,Right Winger,183.0,right,2014-09-01,23.0,3000000.0
77274,2016,27,2195,4,8,2,0,Matt Phillips,1991-03-13,Attack,Right Winger,183.0,right,2016-09-01,25.0,9000000.0
77274,2017,30,2097,2,2,3,0,Matt Phillips,1991-03-13,Attack,Right Winger,183.0,right,2017-09-01,26.0,9000000.0
77274,2020,33,1825,2,1,1,0,Matt Phillips,1991-03-13,Attack,Right Winger,183.0,right,2020-09-01,29.0,4000000.0
77544,2016,24,1960,0,3,4,0,George Friend,1987-10-19,Defender,Left-Back,188.0,left,2016-09-01,28.0,1500000.0
77559,2013,20,1518,0,1,2,0,Dean Moxey,1986-01-14,Defender,Left-Back,180.0,left,2013-09-01,27.0,1000000.0
77737,2012,16,1297,0,1,3,0,Alfred N'Diaye,1990-03-06,Midfield,Defensive Midfield,189.0,right,2012-09-01,22.0,4500000.0
77737,2016,15,1278,1,0,7,0,Alfred N'Diaye,1990-03-06,Midfield,Defensive Midfield,189.0,right,2016-09-01,26.0,5000000.0
77760,2013,23,1659,0,0,7,0,Victor Wanyama,1991-06-25,Midfield,Defensive Midfield,184.0,right,2013-09-01,22.0,14000000.0
77760,2014,32,2360,3,1,10,0,Victor Wanyama,1991-06-25,Midfield,Defensive Midfield,184.0,right,2014-09-01,23.0,15000000.0
77760,2015,30,2500,1,1,8,1,Victor Wanyama,1991-06-25,Midfield,Defensive Midfield,184.0,right,2015-09-01,24.0,15000000.0
77760,2016,36,3015,4,1,10,0,Victor Wanyama,1991-06-25,Midfield,Defensive Midfield,184.0,right,2016-09-01,25.0,25000000.0
77812,2019,17,1431,0,1,3,0,Christoph Zimmermann,1993-01-12,Defender,Centre-Back,194.0,right,2019-09-01,26.0,2800000.0
77932,2014,30,1570,1,7,0,0,Jefferson Montero,1989-09-01,Attack,Left Winger,170.0,right,2014-09-01,24.0,5000000.0
77932,2015,23,1357,0,2,0,0,Jefferson Montero,1989-09-01,Attack,Left Winger,170.0,right,2015-09-01,25.0,5500000.0
78959,2014,31,2498,0,1,2,0,Martin Kelly,1990-04-27,Defender,Right-Back,191.0,right,2014-09-01,24.0,4000000.0
78959,2015,13,1043,0,0,3,0,Martin Kelly,1990-04-27,Defender,Right-Back,191.0,right,2015-09-01,25.0,4000000.0
78959,2016,29,2129,0,2,4,0,Martin Kelly,1990-04-27,Defender,Right-Back,191.0,right,2016-09-01,26.0,3000000.0
78959,2017,15,1194,0,0,1,0,Martin Kelly,1990-04-27,Defender,Right-Back,191.0,right,2017-09-01,27.0,3000000.0
78959,2018,13,1110,0,0,2,0,Martin Kelly,1990-04-27,Defender,Right-Back,191.0,right,2018-09-01,28.0,3000000.0
78959,2019,19,1550,0,1,0,0,Martin Kelly,1990-04-27,Defender,Right-Back,191.0,right,2019-09-01,29.0,2800000.0
78966,2016,14,916,1,0,3,0,Daniel Ayala,1990-11-07,Defender,Centre-Back,190.0,right,2016-09-01,25.0,2000000.0
79027,2017,35,3120,0,4,2,1,Davy Pröpper,1991-09-02,Midfield,Central Midfield,185.0,right,2017-09-01,25.0,15000000.0
79027,2018,30,2551,1,1,2,0,Davy Pröpper,1991-09-02,Midfield,Central Midfield,185.0,right,2018-09-01,26.0,15000000.0
79027,2019,35,2828,1,2,4,0,Davy Pröpper,1991-09-02,Midfield,Central Midfield,185.0,right,2019-09-01,27.0,13500000.0
79723,2012,16,1327,2,1,0,0,Sean Morrison,1991-01-08,Defender,Centre-Back,194.0,right,2012-09-01,21.0,1000000.0
79723,2018,34,3040,1,3,6,0,Sean Morrison,1991-01-08,Defender,Centre-Back,194.0,right,2018-09-01,27.0,5000000.0
80197,2015,34,2567,9,3,1,1,Salomón Rondón,1989-09-16,Attack,Centre-Forward,186.0,right,2015-09-01,25.0,15000000.0
80197,2016,38,2896,8,2,2,0,Salomón Rondón,1989-09-16,Attack,Centre-Forward,186.0,right,2016-09-01,26.0,15000000.0
80197,2017,36,2773,7,3,4,0,Salomón Rondón,1989-09-16,Attack,Centre-Forward,186.0,right,2017-09-01,27.0,13000000.0
80197,2018,32,2608,11,7,1,0,Salomón Rondón,1989-09-16,Attack,Centre-Forward,186.0,right,2018-09-01,28.0,15000000.0
80444,2012,13,930,3,7,0,0,Philippe Coutinho,1992-06-12,Midfield,Attacking Midfield,172.0,right,2012-09-01,20.0,10000000.0
80444,2013,33,2334,5,7,1,0,Philippe Coutinho,1992-06-12,Midfield,Attacking Midfield,172.0,right,2013-09-01,21.0,16000000.0
80444,2014,35,2800,5,5,3,0,Philippe Coutinho,1992-06-12,Midfield,Attacking Midfield,172.0,right,2014-09-01,22.0,25000000.0
80444,2015,26,2003,8,5,4,0,Philippe Coutinho,1992-06-12,Midfield,Attacking Midfield,172.0,right,2015-09-01,23.0,32000000.0
80444,2016,31,2244,13,7,2,0,Philippe Coutinho,1992-06-12,Midfield,Attacking Midfield,172.0,right,2016-09-01,24.0,45000000.0
80444,2017,14,1117,7,6,0,0,Philippe Coutinho,1992-06-12,Midfield,Attacking Midfield,172.0,right,2017-09-01,25.0,100000000.0
80444,2021,19,1338,5,3,0,0,Philippe Coutinho,1992-06-12,Midfield,Attacking Midfield,172.0,right,2021-09-01,29.0,20000000.0
81202,2013,17,1225,1,2,2,0,Craig Noone,1987-11-17,Attack,Right Winger,173.0,left,2013-09-01,25.0,2000000.0
81512,2017,28,2332,2,0,5,0,Christian Kabasele,1991-02-24,Defender,Centre-Back,187.0,right,2017-09-01,26.0,7000000.0
81512,2018,21,1587,0,0,4,0,Christian Kabasele,1991-02-24,Defender,Centre-Back,187.0,right,2018-09-01,27.0,8000000.0
81512,2019,27,2252,0,2,3,1,Christian Kabasele,1991-02-24,Defender,Centre-Back,187.0,right,2019-09-01,28.0,6500000.0
81512,2021,16,1190,0,0,0,0,Christian Kabasele,1991-02-24,Defender,Centre-Back,187.0,right,2021-09-01,30.0,3000000.0
81785,2012,20,1324,6,4,1,0,Shinji Kagawa,1989-03-17,Midfield,Attacking Midfield,175.0,right,2012-09-01,23.0,21000000.0
81785,2013,18,1170,0,4,0,0,Shinji Kagawa,1989-03-17,Midfield,Attacking Midfield,175.0,right,2013-09-01,24.0,17000000.0
81789,2012,32,2852,0,0,2,0,Maya Yoshida,1988-08-24,Defender,Centre-Back,189.0,right,2012-09-01,24.0,4500000.0
81789,2014,22,1690,1,1,3,0,Maya Yoshida,1988-08-24,Defender,Centre-Back,189.0,right,2014-09-01,26.0,5000000.0
81789,2015,20,1015,1,0,0,0,Maya Yoshida,1988-08-24,Defender,Centre-Back,189.0,right,2015-09-01,27.0,4000000.0
81789,2016,23,2070,1,1,2,0,Maya Yoshida,1988-08-24,Defender,Centre-Back,189.0,right,2016-09-01,28.0,5000000.0
81789,2017,24,2051,2,1,4,0,Maya Yoshida,1988-08-24,Defender,Centre-Back,189.0,right,2017-09-01,29.0,7000000.0
81789,2018,17,1520,0,1,0,0,Maya Yoshida,1988-08-24,Defender,Centre-Back,189.0,right,2018-09-01,30.0,7000000.0
81796,2012,29,2041,0,3,3,0,Sung-yueng Ki,1989-01-24,Midfield,Defensive Midfield,188.0,right,2012-09-01,23.0,7000000.0
81796,2013,28,2198,3,2,3,0,Sung-yueng Ki,1989-01-24,Midfield,Defensive Midfield,188.0,right,2013-09-01,24.0,6500000.0
81796,2014,33,2690,8,1,4,0,Sung-yueng Ki,1989-01-24,Midfield,Defensive Midfield,188.0,right,2014-09-01,25.0,8000000.0
81796,2015,28,1849,2,1,4,0,Sung-yueng Ki,1989-01-24,Midfield,Defensive Midfield,188.0,right,2015-09-01,26.0,8000000.0
81796,2016,23,1287,0,1,3,0,Sung-yueng Ki,1989-01-24,Midfield,Defensive Midfield,188.0,right,2016-09-01,27.0,7000000.0
81796,2017,25,1869,2,2,2,0,Sung-yueng Ki,1989-01-24,Midfield,Defensive Midfield,188.0,right,2017-09-01,28.0,7000000.0
81796,2018,18,1302,0,1,2,0,Sung-yueng Ki,1989-01-24,Midfield,Defensive Midfield,188.0,right,2018-09-01,29.0,6000000.0
81808,2013,34,2472,17,4,4,0,Wilfried Bony,1988-12-10,Attack,Centre-Forward,183.0,right,2013-09-01,24.0,15000000.0
81808,2014,30,1598,11,3,5,0,Wilfried Bony,1988-12-10,Attack,Centre-Forward,183.0,right,2014-09-01,25.0,25000000.0
81808,2015,26,1223,4,3,1,0,Wilfried Bony,1988-12-10,Attack,Centre-Forward,183.0,right,2015-09-01,26.0,23000000.0
81999,2015,22,1091,4,2,0,0,Joselu,1990-03-27,Attack,Centre-Forward,191.0,right,2015-09-01,25.0,6000000.0
81999,2017,30,1655,4,1,2,0,Joselu,1990-03-27,Attack,Centre-Forward,191.0,right,2017-09-01,27.0,4000000.0
82105,2016,29,2456,1,0,3,0,Joel Matip,1991-08-08,Defender,Centre-Back,195.0,right,2016-09-01,25.0,25000000.0
82105,2017,25,1995,1,0,3,0,Joel Matip,1991-08-08,Defender,Centre-Back,195.0,right,2017-09-01,26.0,25000000.0
82105,2018,22,1535,1,0,3,0,Joel Matip,1991-08-08,Defender,Centre-Back,195.0,right,2018-09-01,27.0,30000000.0
82105,2021,31,2790,3,3,2,0,Joel Matip,1991-08-08,Defender,Centre-Back,195.0,right,2021-09-01,30.0,18000000.0
82105,2022,14,1093,1,0,3,0,Joel Matip,1991-08-08,Defender,Centre-Back,195.0,right,2022-09-01,31.0,12000000.0
82442,2012,34,2327,11,5,3,1,Olivier Giroud,1986-09-30,Attack,Centre-Forward,192.0,left,2012-09-01,25.0,15000000.0
82442,2013,36,3083,16,9,4,0,Olivier Giroud,1986-09-30,Attack,Centre-Forward,192.0,left,2013-09-01,26.0,20000000.0
82442,2014,27,1866,14,3,5,1,Olivier Giroud,1986-09-30,Attack,Centre-Forward,192.0,left,2014-09-01,27.0,20000000.0
82442,2015,38,2425,16,6,2,0,Olivier Giroud,1986-09-30,Attack,Centre-Forward,192.0,left,2015-09-01,28.0,25000000.0
82442,2016,29,1194,12,4,2,0,Olivier Giroud,1986-09-30,Attack,Centre-Forward,192.0,left,2016-09-01,29.0,22000000.0
82442,2017,29,985,7,1,0,0,Olivier Giroud,1986-09-30,Attack,Centre-Forward,192.0,left,2017-09-01,30.0,18000000.0
82442,2019,18,999,8,0,1,0,Olivier Giroud,1986-09-30,Attack,Centre-Forward,192.0,left,2019-09-01,32.0,7000000.0
82873,2017,38,2949,7,8,2,0,Pascal Groß,1991-06-15,Midfield,Central Midfield,181.0,right,2017-09-01,26.0,10000000.0
82873,2018,25,1880,3,3,1,0,Pascal Groß,1991-06-15,Midfield,Central Midfield,181.0,right,2018-09-01,27.0,10000000.0
82873,2019,29,1803,2,4,4,0,Pascal Groß,1991-06-15,Midfield,Central Midfield,181.0,right,2019-09-01,28.0,9500000.0
82873,2020,34,2480,3,8,3,0,Pascal Groß,1991-06-15,Midfield,Central Midfield,181.0,right,2020-09-01,29.0,7000000.0
82873,2021,29,2043,2,4,1,0,Pascal Groß,1991-06-15,Midfield,Central Midfield,181.0,right,2021-09-01,30.0,6000000.0
82873,2022,37,3246,9,8,6,0,Pascal Groß,1991-06-15,Midfield,Central Midfield,181.0,right,2022-09-01,31.0,8000000.0
82873,2023,36,3114,4,10,6,0,Pascal Groß,1991-06-15,Midfield,Central Midfield,181.0,right,2023-09-01,32.0,8000000.0
82873,2025,19,1637,1,3,2,0,Pascal Groß,1991-06-15,Midfield,Central Midfield,181.0,right,2025-09-01,34.0,2500000.0
84344,2012,31,2643,1,4,4,0,Davide Santon,1991-01-02,Defender,Left-Back,187.0,right,2012-09-01,21.0,10000000.0
84344,2013,27,2223,0,0,1,0,Davide Santon,1991-01-02,Defender,Left-Back,187.0,right,2013-09-01,22.0,10000000.0
84835,2013,24,1355,4,4,4,0,Emanuele Giaccherini,1985-05-05,Midfield,Left Midfield,167.0,right,2013-09-01,28.0,8500000.0
85177,2012,34,3021,1,3,2,0,Nathaniel Clyne,1991-04-05,Defender,Right-Back,175.0,right,2012-09-01,21.0,5000000.0
85177,2013,25,1861,0,5,3,0,Nathaniel Clyne,1991-04-05,Defender,Right-Back,175.0,right,2013-09-01,22.0,7000000.0
85177,2014,35,3147,2,0,4,0,Nathaniel Clyne,1991-04-05,Defender,Right-Back,175.0,right,2014-09-01,23.0,12000000.0
85177,2015,33,2970,1,0,6,0,Nathaniel Clyne,1991-04-05,Defender,Right-Back,175.0,right,2015-09-01,24.0,21000000.0
85177,2016,37,3324,0,2,0,0,Nathaniel Clyne,1991-04-05,Defender,Right-Back,175.0,right,2016-09-01,25.0,21000000.0
85177,2018,18,1253,0,1,2,0,Nathaniel Clyne,1991-04-05,Defender,Right-Back,175.0,right,2018-09-01,27.0,12000000.0
85177,2020,13,1147,0,1,2,0,Nathaniel Clyne,1991-04-05,Defender,Right-Back,175.0,right,2020-09-01,29.0,3000000.0
85177,2021,16,1351,0,1,1,0,Nathaniel Clyne,1991-04-05,Defender,Right-Back,175.0,right,2021-09-01,30.0,2000000.0
85177,2022,22,1643,0,0,3,0,Nathaniel Clyne,1991-04-05,Defender,Right-Back,175.0,right,2022-09-01,31.0,2000000.0
85177,2023,19,1338,0,0,0,0,Nathaniel Clyne,1991-04-05,Defender,Right-Back,175.0,right,2023-09-01,32.0,1500000.0
85289,2013,17,1246,0,0,3,0,Jordi Amat,1992-03-21,Defender,Centre-Back,185.0,right,2013-09-01,21.0,3000000.0
85289,2016,17,1408,0,0,5,0,Jordi Amat,1992-03-21,Defender,Centre-Back,185.0,right,2016-09-01,24.0,2500000.0
85314,2012,34,2293,4,8,2,0,Oscar,1991-09-09,Midfield,Attacking Midfield,180.0,right,2012-09-01,20.0,32000000.0
85314,2013,33,2143,8,5,4,0,Oscar,1991-09-09,Midfield,Attacking Midfield,180.0,right,2013-09-01,21.0,34000000.0
85314,2014,28,2035,6,8,5,0,Oscar,1991-09-09,Midfield,Attacking Midfield,180.0,right,2014-09-01,22.0,40000000.0
85314,2015,27,1774,3,3,4,0,Oscar,1991-09-09,Midfield,Attacking Midfield,180.0,right,2015-09-01,23.0,35000000.0
85475,2014,28,2475,0,0,0,0,Federico Fernández,1989-02-21,Defender,Centre-Back,190.0,right,2014-09-01,25.0,9000000.0
85475,2015,32,2880,1,1,3,0,Federico Fernández,1989-02-21,Defender,Centre-Back,190.0,right,2015-09-01,26.0,9000000.0
85475,2016,27,2430,0,2,7,0,Federico Fernández,1989-02-21,Defender,Centre-Back,190.0,right,2016-09-01,27.0,9000000.0
85475,2017,30,2677,1,1,5,0,Federico Fernández,1989-02-21,Defender,Centre-Back,190.0,right,2017-09-01,28.0,8000000.0
85475,2018,19,1482,0,1,2,0,Federico Fernández,1989-02-21,Defender,Centre-Back,190.0,right,2018-09-01,29.0,7000000.0
85475,2019,32,2618,2,3,8,0,Federico Fernández,1989-02-21,Defender,Centre-Back,190.0,right,2019-09-01,30.0,5500000.0
85475,2020,24,2082,0,0,4,0,Federico Fernández,1989-02-21,Defender,Centre-Back,190.0,right,2020-09-01,31.0,3000000.0
85706,2019,38,3346,2,4,7,0,Enda Stevens,1990-07-09,Defender,Left-Back,183.0,left,2019-09-01,29.0,5500000.0
85706,2020,30,2700,0,1,6,0,Enda Stevens,1990-07-09,Defender,Left-Back,183.0,left,2020-09-01,30.0,3500000.0
85935,2012,36,2333,2,4,4,0,James McClean,1989-04-22,Midfield,Left Midfield,180.0,left,2012-09-01,23.0,6000000.0
85935,2015,35,2413,2,4,7,1,James McClean,1989-04-22,Midfield,Left Midfield,180.0,left,2015-09-01,26.0,3000000.0
85935,2016,34,1465,1,2,9,0,James McClean,1989-04-22,Midfield,Left Midfield,180.0,left,2016-09-01,27.0,3000000.0
85935,2017,30,1396,1,0,7,0,James McClean,1989-04-22,Midfield,Left Midfield,180.0,left,2017-09-01,28.0,3000000.0
86202,2017,27,2336,2,1,4,0,Antonio Rüdiger,1993-03-03,Defender,Centre-Back,190.0,right,2017-09-01,24.0,40000000.0
86202,2018,33,2874,1,0,7,0,Antonio Rüdiger,1993-03-03,Defender,Centre-Back,190.0,right,2018-09-01,25.0,50000000.0
86202,2019,20,1710,2,0,3,0,Antonio Rüdiger,1993-03-03,Defender,Centre-Back,190.0,right,2019-09-01,26.0,40000000.0
86202,2020,19,1710,1,0,0,0,Antonio Rüdiger,1993-03-03,Defender,Centre-Back,190.0,right,2020-09-01,27.0,28000000.0
86202,2021,34,3036,3,2,9,0,Antonio Rüdiger,1993-03-03,Defender,Centre-Back,190.0,right,2021-09-01,28.0,40000000.0
86792,2015,27,2029,3,6,3,0,Xherdan Shaqiri,1991-10-10,Midfield,Attacking Midfield,169.0,left,2015-09-01,23.0,15000000.0
86792,2016,21,1709,4,2,2,0,Xherdan Shaqiri,1991-10-10,Midfield,Attacking Midfield,169.0,left,2016-09-01,24.0,15000000.0
86792,2017,36,3049,8,7,5,0,Xherdan Shaqiri,1991-10-10,Midfield,Attacking Midfield,169.0,left,2017-09-01,25.0,18000000.0
86792,2018,24,1058,6,3,2,0,Xherdan Shaqiri,1991-10-10,Midfield,Attacking Midfield,169.0,left,2018-09-01,26.0,25000000.0
87672,2015,21,1441,3,2,1,0,Junior Stanislas,1989-11-26,Attack,Left Winger,183.0,right,2015-09-01,25.0,4000000.0
87672,2016,21,1475,7,5,1,0,Junior Stanislas,1989-11-26,Attack,Left Winger,183.0,right,2016-09-01,26.0,4500000.0
87672,2017,19,1293,5,2,1,0,Junior Stanislas,1989-11-26,Attack,Left Winger,183.0,right,2017-09-01,27.0,4500000.0
87672,2018,23,1027,2,3,1,0,Junior Stanislas,1989-11-26,Attack,Left Winger,183.0,right,2018-09-01,28.0,4500000.0
88103,2020,23,1776,6,5,4,0,James Rodríguez,1991-07-12,Midfield,Attacking Midfield,181.0,left,2020-09-01,29.0,28000000.0
88590,2016,26,2275,2,2,11,0,Shkodran Mustafi,1992-04-17,Defender,Centre-Back,184.0,right,2016-09-01,24.0,30000000.0
88590,2017,27,2274,3,1,6,0,Shkodran Mustafi,1992-04-17,Defender,Centre-Back,184.0,right,2017-09-01,25.0,25000000.0
88590,2018,31,2615,2,0,9,0,Shkodran Mustafi,1992-04-17,Defender,Centre-Back,184.0,right,2018-09-01,26.0,25000000.0
88590,2019,15,1205,0,1,2,0,Shkodran Mustafi,1992-04-17,Defender,Centre-Back,184.0,right,2019-09-01,27.0,12000000.0
88755,2015,25,2003,7,9,2,0,Kevin De Bruyne,1991-06-28,Midfield,Attacking Midfield,181.0,right,2015-09-01,24.0,60000000.0
88755,2016,36,2884,6,19,4,0,Kevin De Bruyne,1991-06-28,Midfield,Attacking Midfield,181.0,right,2016-09-01,25.0,65000000.0
88755,2017,37,3085,8,16,2,0,Kevin De Bruyne,1991-06-28,Midfield,Attacking Midfield,181.0,right,2017-09-01,26.0,150000000.0
88755,2018,19,974,2,2,2,0,Kevin De Bruyne,1991-06-28,Midfield,Attacking Midfield,181.0,right,2018-09-01,27.0,130000000.0
88755,2019,35,2800,13,20,3,0,Kevin De Bruyne,1991-06-28,Midfield,Attacking Midfield,181.0,right,2019-09-01,28.0,120000000.0
88755,2020,25,2001,6,12,1,0,Kevin De Bruyne,1991-06-28,Midfield,Attacking Midfield,181.0,right,2020-09-01,29.0,100000000.0
88755,2021,30,2206,15,8,2,0,Kevin De Bruyne,1991-06-28,Midfield,Attacking Midfield,181.0,right,2021-09-01,30.0,85000000.0
88755,2022,32,2425,7,18,1,0,Kevin De Bruyne,1991-06-28,Midfield,Attacking Midfield,181.0,right,2022-09-01,31.0,70000000.0
88755,2023,18,1228,4,10,2,0,Kevin De Bruyne,1991-06-28,Midfield,Attacking Midfield,181.0,right,2023-09-01,32.0,50000000.0
88755,2024,28,1705,4,7,2,0,Kevin De Bruyne,1991-06-28,Midfield,Attacking Midfield,181.0,right,2024-09-01,33.0,20000000.0
89231,2016,20,995,1,2,1,0,Jóhann Berg Gudmundsson,1990-10-27,Attack,Right Winger,186.0,left,2016-09-01,25.0,2500000.0
89231,2017,35,2841,2,8,2,0,Jóhann Berg Gudmundsson,1990-10-27,Attack,Right Winger,186.0,left,2017-09-01,26.0,10000000.0
89231,2018,29,1749,3,6,2,0,Jóhann Berg Gudmundsson,1990-10-27,Attack,Right Winger,186.0,left,2018-09-01,27.0,10000000.0
89231,2020,22,1368,2,0,2,0,Jóhann Berg Gudmundsson,1990-10-27,Attack,Right Winger,186.0,left,2020-09-01,29.0,3000000.0
89231,2021,18,1105,0,1,2,0,Jóhann Berg Gudmundsson,1990-10-27,Attack,Right Winger,186.0,left,2021-09-01,30.0,2000000.0
89231,2023,26,1192,1,3,2,0,Jóhann Berg Gudmundsson,1990-10-27,Attack,Right Winger,186.0,left,2023-09-01,32.0,1000000.0
89718,2014,21,1385,3,2,1,0,Eduardo Vargas,1989-11-20,Attack,Centre-Forward,173.0,right,2014-09-01,24.0,6000000.0
90466,2012,33,1223,3,4,0,0,Gylfi Sigurdsson,1989-09-08,Midfield,Attacking Midfield,186.0,right,2012-09-01,22.0,8000000.0
90466,2013,25,1277,5,0,2,0,Gylfi Sigurdsson,1989-09-08,Midfield,Attacking Midfield,186.0,right,2013-09-01,23.0,8000000.0
90466,2014,32,2697,7,10,2,0,Gylfi Sigurdsson,1989-09-08,Midfield,Attacking Midfield,186.0,right,2014-09-01,24.0,11000000.0
90466,2015,36,2917,11,3,6,0,Gylfi Sigurdsson,1989-09-08,Midfield,Attacking Midfield,186.0,right,2015-09-01,25.0,13000000.0
90466,2016,38,3327,9,13,2,0,Gylfi Sigurdsson,1989-09-08,Midfield,Attacking Midfield,186.0,right,2016-09-01,26.0,25000000.0
90466,2017,27,2262,4,3,2,0,Gylfi Sigurdsson,1989-09-08,Midfield,Attacking Midfield,186.0,right,2017-09-01,27.0,30000000.0
90466,2018,38,3134,13,6,3,0,Gylfi Sigurdsson,1989-09-08,Midfield,Attacking Midfield,186.0,right,2018-09-01,28.0,35000000.0
90466,2019,35,2564,2,3,3,0,Gylfi Sigurdsson,1989-09-08,Midfield,Attacking Midfield,186.0,right,2019-09-01,29.0,22500000.0
90466,2020,36,2254,6,5,2,0,Gylfi Sigurdsson,1989-09-08,Midfield,Attacking Midfield,186.0,right,2020-09-01,30.0,13000000.0
90583,2017,33,1809,6,1,1,0,Laurent Depoitre,1988-12-07,Attack,Centre-Forward,191.0,right,2017-09-01,28.0,4500000.0
90583,2018,23,1063,0,1,1,0,Laurent Depoitre,1988-12-07,Attack,Centre-Forward,191.0,right,2018-09-01,29.0,3500000.0
90681,2014,25,2189,0,2,5,0,Eliaquim Mangala,1991-02-13,Defender,Centre-Back,187.0,left,2014-09-01,23.0,30000000.0
90681,2015,23,2010,0,0,8,0,Eliaquim Mangala,1991-02-13,Defender,Centre-Back,187.0,left,2015-09-01,24.0,23000000.0
90836,2015,36,3195,4,1,5,0,Steve Cook,1991-04-19,Defender,Centre-Back,185.0,right,2015-09-01,24.0,3000000.0
90836,2016,38,3420,2,1,5,0,Steve Cook,1991-04-19,Defender,Centre-Back,185.0,right,2016-09-01,25.0,5000000.0
90836,2017,34,2766,2,1,5,0,Steve Cook,1991-04-19,Defender,Centre-Back,185.0,right,2017-09-01,26.0,7000000.0
90836,2018,31,2787,1,2,3,0,Steve Cook,1991-04-19,Defender,Centre-Back,185.0,right,2018-09-01,27.0,10000000.0
90836,2019,29,2430,1,0,6,1,Steve Cook,1991-04-19,Defender,Centre-Back,185.0,right,2019-09-01,28.0,9500000.0
90836,2022,12,959,0,0,4,0,Steve Cook,1991-04-19,Defender,Centre-Back,185.0,right,2022-09-01,31.0,1800000.0
90964,2012,25,1841,0,4,4,0,Joe Bennett,1990-03-28,Defender,Left-Back,178.0,left,2012-09-01,22.0,2500000.0
90964,2018,30,2641,0,1,5,0,Joe Bennett,1990-03-28,Defender,Left-Back,178.0,left,2018-09-01,28.0,3000000.0
91059,2015,31,1924,6,3,1,0,Joshua King,1992-01-15,Attack,Centre-Forward,180.0,right,2015-09-01,23.0,2000000.0
91059,2016,36,2720,16,2,1,0,Joshua King,1992-01-15,Attack,Centre-Forward,180.0,right,2016-09-01,24.0,8000000.0
91059,2017,33,2456,8,3,3,0,Joshua King,1992-01-15,Attack,Centre-Forward,180.0,right,2017-09-01,25.0,10000000.0
91059,2018,35,2974,12,3,3,0,Joshua King,1992-01-15,Attack,Centre-Forward,180.0,right,2018-09-01,26.0,20000000.0
91059,2019,26,2020,6,4,0,0,Joshua King,1992-01-15,Attack,Centre-Forward,180.0,right,2019-09-01,27.0,16000000.0
91059,2021,32,2249,5,3,5,0,Joshua King,1992-01-15,Attack,Centre-Forward,180.0,right,2021-09-01,29.0,8000000.0
91251,2015,15,1081,1,1,1,0,Cuco Martina,1989-09-25,Defender,Centre-Back,185.0,right,2015-09-01,25.0,2000000.0
91251,2017,21,1831,0,2,2,0,Cuco Martina,1989-09-25,Defender,Centre-Back,185.0,right,2017-09-01,27.0,2500000.0
91317,2012,30,2460,0,7,2,0,Ashley Westwood,1990-04-01,Midfield,Defensive Midfield,174.0,right,2012-09-01,22.0,3500000.0
91317,2013,35,3081,3,2,7,0,Ashley Westwood,1990-04-01,Midfield,Defensive Midfield,174.0,right,2013-09-01,23.0,3500000.0
91317,2014,27,2152,0,1,4,0,Ashley Westwood,1990-04-01,Midfield,Defensive Midfield,174.0,right,2014-09-01,24.0,4000000.0
91317,2015,32,2719,2,2,6,0,Ashley Westwood,1990-04-01,Midfield,Defensive Midfield,174.0,right,2015-09-01,25.0,4000000.0
91317,2017,19,1107,0,1,2,0,Ashley Westwood,1990-04-01,Midfield,Defensive Midfield,174.0,right,2017-09-01,27.0,4000000.0
91317,2018,34,2822,2,7,5,0,Ashley Westwood,1990-04-01,Midfield,Defensive Midfield,174.0,right,2018-09-01,28.0,7000000.0
91317,2019,35,3150,2,6,9,0,Ashley Westwood,1990-04-01,Midfield,Defensive Midfield,174.0,right,2019-09-01,29.0,5500000.0
91317,2020,38,3411,3,3,7,0,Ashley Westwood,1990-04-01,Midfield,Defensive Midfield,174.0,right,2020-09-01,30.0,5000000.0
91317,2021,27,2289,0,3,7,0,Ashley Westwood,1990-04-01,Midfield,Defensive Midfield,174.0,right,2021-09-01,31.0,2000000.0
91845,2015,28,1105,4,1,0,0,Heung-min Son,1992-07-08,Attack,Left Winger,183.0,both,2015-09-01,23.0,25000000.0
91845,2016,34,2070,14,8,2,0,Heung-min Son,1992-07-08,Attack,Left Winger,183.0,both,2016-09-01,24.0,30000000.0
91845,2017,37,2311,12,6,0,0,Heung-min Son,1992-07-08,Attack,Left Winger,183.0,both,2017-09-01,25.0,50000000.0
91845,2018,31,2048,12,7,2,1,Heung-min Son,1992-07-08,Attack,Left Winger,183.0,both,2018-09-01,26.0,80000000.0
91845,2019,30,2488,11,11,0,2,Heung-min Son,1992-07-08,Attack,Left Winger,183.0,both,2019-09-01,27.0,64000000.0
91845,2020,37,3126,17,10,0,0,Heung-min Son,1992-07-08,Attack,Left Winger,183.0,both,2020-09-01,28.0,85000000.0
91845,2021,35,3022,23,9,2,0,Heung-min Son,1992-07-08,Attack,Left Winger,183.0,both,2021-09-01,29.0,75000000.0
91845,2022,36,2899,10,6,2,0,Heung-min Son,1992-07-08,Attack,Left Winger,183.0,both,2022-09-01,30.0,50000000.0
91845,2023,35,2948,17,10,1,0,Heung-min Son,1992-07-08,Attack,Left Winger,183.0,both,2023-09-01,31.0,45000000.0
91845,2024,30,2117,7,10,1,0,Heung-min Son,1992-07-08,Attack,Left Winger,183.0,both,2024-09-01,32.0,20000000.0
92109,2012,23,1821,0,1,5,0,Ryan Shotton,1988-09-30,Defender,Centre-Back,189.0,right,2012-09-01,23.0,2500000.0
92381,2014,25,1423,2,2,2,0,Sammy Ameobi,1992-05-01,Attack,Left Winger,190.0,left,2014-09-01,22.0,5000000.0
92469,2015,37,2977,4,6,5,0,Matt Ritchie,1989-09-10,Midfield,Right Midfield,173.0,left,2015-09-01,25.0,6000000.0
92469,2017,35,2812,3,6,6,0,Matt Ritchie,1989-09-10,Midfield,Right Midfield,173.0,left,2017-09-01,27.0,12000000.0
92469,2018,36,2940,2,8,9,0,Matt Ritchie,1989-09-10,Midfield,Right Midfield,173.0,left,2018-09-01,28.0,12000000.0
92469,2019,18,1314,2,1,4,0,Matt Ritchie,1989-09-10,Midfield,Right Midfield,173.0,left,2019-09-01,29.0,9500000.0
92469,2020,18,1351,0,3,2,0,Matt Ritchie,1989-09-10,Midfield,Right Midfield,173.0,left,2020-09-01,30.0,3000000.0
92469,2021,18,1334,0,2,5,0,Matt Ritchie,1989-09-10,Midfield,Right Midfield,173.0,left,2021-09-01,31.0,1800000.0
92571,2014,38,3420,2,4,5,0,Aaron Cresswell,1989-12-15,Defender,Left-Back,170.0,left,2014-09-01,24.0,7000000.0
92571,2015,37,3315,2,4,1,0,Aaron Cresswell,1989-12-15,Defender,Left-Back,170.0,left,2015-09-01,25.0,10000000.0
92571,2016,26,2120,0,2,4,0,Aaron Cresswell,1989-12-15,Defender,Left-Back,170.0,left,2016-09-01,26.0,12000000.0
92571,2017,36,3072,1,7,7,0,Aaron Cresswell,1989-12-15,Defender,Left-Back,170.0,left,2017-09-01,27.0,12000000.0
92571,2018,20,1590,0,1,1,0,Aaron Cresswell,1989-12-15,Defender,Left-Back,170.0,left,2018-09-01,28.0,10000000.0
92571,2019,31,2730,3,0,7,0,Aaron Cresswell,1989-12-15,Defender,Left-Back,170.0,left,2019-09-01,29.0,6500000.0
92571,2020,36,3172,0,8,3,0,Aaron Cresswell,1989-12-15,Defender,Left-Back,170.0,left,2020-09-01,30.0,5000000.0
92571,2021,31,2728,2,3,3,0,Aaron Cresswell,1989-12-15,Defender,Left-Back,170.0,left,2021-09-01,31.0,3000000.0
92571,2022,28,2237,0,1,2,0,Aaron Cresswell,1989-12-15,Defender,Left-Back,170.0,left,2022-09-01,32.0,1200000.0
92572,2013,36,3240,0,3,3,0,Joel Ward,1989-10-29,Defender,Right-Back,186.0,right,2013-09-01,23.0,2000000.0
92572,2014,37,3330,1,0,4,0,Joel Ward,1989-10-29,Defender,Right-Back,186.0,right,2014-09-01,24.0,4000000.0
92572,2015,30,2692,2,1,4,0,Joel Ward,1989-10-29,Defender,Right-Back,186.0,right,2015-09-01,25.0,5000000.0
92572,2016,38,3418,0,1,7,0,Joel Ward,1989-10-29,Defender,Right-Back,186.0,right,2016-09-01,26.0,5000000.0
92572,2017,19,1616,0,1,4,0,Joel Ward,1989-10-29,Defender,Right-Back,186.0,right,2017-09-01,27.0,5000000.0
92572,2019,29,2383,0,0,4,0,Joel Ward,1989-10-29,Defender,Right-Back,186.0,right,2019-09-01,29.0,3200000.0
92572,2020,26,2255,0,1,5,0,Joel Ward,1989-10-29,Defender,Right-Back,186.0,right,2020-09-01,30.0,2500000.0
92572,2021,28,2486,0,0,8,0,Joel Ward,1989-10-29,Defender,Right-Back,186.0,right,2021-09-01,31.0,2000000.0
92572,2022,28,2255,1,0,6,0,Joel Ward,1989-10-29,Defender,Right-Back,186.0,right,2022-09-01,32.0,1200000.0
92572,2023,26,1982,0,1,4,0,Joel Ward,1989-10-29,Defender,Right-Back,186.0,right,2023-09-01,33.0,1000000.0
92738,2020,35,2397,4,5,6,0,Mateusz Klich,1990-06-13,Midfield,Defensive Midfield,183.0,right,2020-09-01,30.0,4000000.0
92738,2021,33,2082,1,2,5,0,Mateusz Klich,1990-06-13,Midfield,Defensive Midfield,183.0,right,2021-09-01,31.0,3000000.0
92899,2017,12,995,0,2,4,1,Marvin Zeegelaar,1990-08-12,Defender,Left-Back,186.0,left,2017-09-01,27.0,3000000.0
93128,2022,23,1800,2,1,7,0,Kalidou Koulibaly,1991-06-20,Defender,Centre-Back,186.0,right,2022-09-01,31.0,15000000.0
93145,2016,22,1169,2,0,1,0,Adama Diomande,1990-02-14,Attack,Centre-Forward,183.0,right,2016-09-01,26.0,1500000.0
93176,2014,22,1764,0,0,6,0,Marcos Rojo,1990-03-20,Defender,Centre-Back,186.0,left,2014-09-01,24.0,16000000.0
93176,2015,16,1252,0,1,3,0,Marcos Rojo,1990-03-20,Defender,Centre-Back,186.0,left,2015-09-01,25.0,18000000.0
93176,2016,21,1660,1,0,5,0,Marcos Rojo,1990-03-20,Defender,Centre-Back,186.0,left,2016-09-01,26.0,18000000.0
93720,2017,32,2211,14,5,1,0,Alexandre Lacazette,1991-05-28,Attack,Centre-Forward,175.0,right,2017-09-01,26.0,60000000.0
93720,2018,35,2505,13,9,2,0,Alexandre Lacazette,1991-05-28,Attack,Centre-Forward,175.0,right,2018-09-01,27.0,70000000.0
93720,2019,30,1879,10,6,8,0,Alexandre Lacazette,1991-05-28,Attack,Centre-Forward,175.0,right,2019-09-01,28.0,48000000.0
93720,2020,31,1929,13,2,3,0,Alexandre Lacazette,1991-05-28,Attack,Centre-Forward,175.0,right,2020-09-01,29.0,28000000.0
93720,2021,30,1787,4,7,0,0,Alexandre Lacazette,1991-05-28,Attack,Centre-Forward,175.0,right,2021-09-01,30.0,15000000.0
93831,2019,16,1135,0,0,2,0,Tom Trybull,1993-03-09,Midfield,Defensive Midfield,183.0,right,2019-09-01,26.0,3200000.0
93905,2014,23,1284,0,0,8,0,Muhamed Besic,1992-09-10,Midfield,Defensive Midfield,180.0,right,2014-09-01,21.0,5000000.0
93922,2018,28,2051,0,1,0,0,Erik Durm,1992-05-12,Defender,Right-Back,183.0,right,2018-09-01,26.0,2000000.0
94005,2017,27,2152,2,4,3,0,Sead Kolasinac,1993-06-20,Defender,Centre-Back,183.0,left,2017-09-01,24.0,18000000.0
94005,2018,24,1890,0,6,5,0,Sead Kolasinac,1993-06-20,Defender,Centre-Back,183.0,left,2018-09-01,25.0,20000000.0
94005,2019,26,1699,0,2,4,0,Sead Kolasinac,1993-06-20,Defender,Centre-Back,183.0,left,2019-09-01,26.0,16000000.0
94783,2013,11,978,0,0,2,0,Santiago Vergini,1988-08-03,Defender,Centre-Back,191.0,right,2013-09-01,25.0,1000000.0
94783,2014,31,2623,0,0,6,0,Santiago Vergini,1988-08-03,Defender,Centre-Back,191.0,right,2014-09-01,26.0,2000000.0
95424,2012,36,3160,0,5,5,0,Kyle Walker,1990-05-28,Defender,Right-Back,183.0,right,2012-09-01,22.0,16000000.0
95424,2013,26,2298,1,3,5,0,Kyle Walker,1990-05-28,Defender,Right-Back,183.0,right,2013-09-01,23.0,19000000.0
95424,2014,15,1307,0,0,3,0,Kyle Walker,1990-05-28,Defender,Right-Back,183.0,right,2014-09-01,24.0,17000000.0
95424,2015,33,2943,1,3,7,0,Kyle Walker,1990-05-28,Defender,Right-Back,183.0,right,2015-09-01,25.0,15000000.0
95424,2016,33,2704,0,5,8,0,Kyle Walker,1990-05-28,Defender,Right-Back,183.0,right,2016-09-01,26.0,30000000.0
95424,2017,32,2787,0,6,4,0,Kyle Walker,1990-05-28,Defender,Right-Back,183.0,right,2017-09-01,27.0,50000000.0
95424,2018,33,2777,1,1,3,0,Kyle Walker,1990-05-28,Defender,Right-Back,183.0,right,2018-09-01,28.0,50000000.0
95424,2019,29,2396,1,4,5,0,Kyle Walker,1990-05-28,Defender,Right-Back,183.0,right,2019-09-01,29.0,40000000.0
95424,2020,24,1946,1,1,1,0,Kyle Walker,1990-05-28,Defender,Right-Back,183.0,right,2020-09-01,30.0,28000000.0
95424,2021,20,1755,0,2,1,0,Kyle Walker,1990-05-28,Defender,Right-Back,183.0,right,2021-09-01,31.0,18000000.0
95424,2022,27,1956,0,0,3,0,Kyle Walker,1990-05-28,Defender,Right-Back,183.0,right,2022-09-01,32.0,13000000.0
95424,2023,32,2768,0,4,2,0,Kyle Walker,1990-05-28,Defender,Right-Back,183.0,right,2023-09-01,33.0,13000000.0
95424,2024,15,967,0,0,3,0,Kyle Walker,1990-05-28,Defender,Right-Back,183.0,right,2024-09-01,34.0,4000000.0
95424,2025,36,3097,0,2,9,0,Kyle Walker,1990-05-28,Defender,Right-Back,183.0,right,2025-09-01,35.0,1500000.0
95435,2014,36,2773,5,1,7,0,Connor Wickham,1993-03-31,Attack,Centre-Forward,189.0,right,2014-09-01,21.0,5000000.0
95435,2015,21,1326,5,3,1,0,Connor Wickham,1993-03-31,Attack,Centre-Forward,189.0,right,2015-09-01,22.0,6000000.0
95810,2017,24,1914,0,5,1,0,Kieran Trippier,1990-09-19,Defender,Right-Back,173.0,right,2017-09-01,26.0,20000000.0
95810,2018,27,2278,1,3,2,0,Kieran Trippier,1990-09-19,Defender,Right-Back,173.0,right,2018-09-01,27.0,35000000.0
95810,2022,38,3348,1,7,5,0,Kieran Trippier,1990-09-19,Defender,Right-Back,173.0,right,2022-09-01,31.0,11000000.0
95810,2023,28,2240,1,10,5,0,Kieran Trippier,1990-09-19,Defender,Right-Back,173.0,right,2023-09-01,32.0,10000000.0
95810,2024,25,1309,0,3,1,0,Kieran Trippier,1990-09-19,Defender,Right-Back,173.0,right,2024-09-01,33.0,4000000.0
95810,2025,21,1592,0,1,3,0,Kieran Trippier,1990-09-19,Defender,Right-Back,173.0,right,2025-09-01,34.0,1500000.0
96341,2012,35,2004,17,7,3,0,Romelu Lukaku,1993-05-13,Attack,Centre-Forward,190.0,left,2012-09-01,19.0,19000000.0
96341,2013,33,2604,15,8,1,0,Romelu Lukaku,1993-05-13,Attack,Centre-Forward,190.0,left,2013-09-01,20.0,25000000.0
96341,2014,36,2877,10,5,2,0,Romelu Lukaku,1993-05-13,Attack,Centre-Forward,190.0,left,2014-09-01,21.0,30000000.0
96341,2015,37,3174,18,7,3,0,Romelu Lukaku,1993-05-13,Attack,Centre-Forward,190.0,left,2015-09-01,22.0,40000000.0
96341,2016,37,3267,25,6,3,0,Romelu Lukaku,1993-05-13,Attack,Centre-Forward,190.0,left,2016-09-01,23.0,50000000.0
96341,2017,34,2869,16,7,4,0,Romelu Lukaku,1993-05-13,Attack,Centre-Forward,190.0,left,2017-09-01,24.0,90000000.0
96341,2018,32,2130,12,1,4,0,Romelu Lukaku,1993-05-13,Attack,Centre-Forward,190.0,left,2018-09-01,25.0,75000000.0
96341,2021,26,1586,8,1,1,0,Romelu Lukaku,1993-05-13,Attack,Centre-Forward,190.0,left,2021-09-01,28.0,70000000.0
96754,2013,32,2143,7,3,6,0,Fabio Borini,1991-03-29,Attack,Left Winger,180.0,right,2013-09-01,22.0,8500000.0
96754,2015,26,1900,5,2,6,0,Fabio Borini,1991-03-29,Attack,Left Winger,180.0,right,2015-09-01,24.0,6000000.0
96754,2016,24,1741,2,0,5,0,Fabio Borini,1991-03-29,Attack,Left Winger,180.0,right,2016-09-01,25.0,5000000.0
98240,2012,29,2498,1,1,6,1,Ciaran Clark,1989-09-26,Defender,Centre-Back,185.0,left,2012-09-01,22.0,5000000.0
98240,2013,27,2202,0,0,8,0,Ciaran Clark,1989-09-26,Defender,Centre-Back,185.0,left,2013-09-01,23.0,4000000.0
98240,2014,25,1993,1,2,9,0,Ciaran Clark,1989-09-26,Defender,Centre-Back,185.0,left,2014-09-01,24.0,3000000.0
98240,2015,18,1442,1,0,6,0,Ciaran Clark,1989-09-26,Defender,Centre-Back,185.0,left,2015-09-01,25.0,4500000.0
98240,2017,20,1745,2,1,3,0,Ciaran Clark,1989-09-26,Defender,Centre-Back,185.0,left,2017-09-01,27.0,6000000.0
98240,2019,14,1188,2,0,2,0,Ciaran Clark,1989-09-26,Defender,Centre-Back,185.0,left,2019-09-01,29.0,4800000.0
98240,2020,22,1893,1,0,3,0,Ciaran Clark,1989-09-26,Defender,Centre-Back,185.0,left,2020-09-01,30.0,3000000.0
98240,2021,13,1014,0,1,2,1,Ciaran Clark,1989-09-26,Defender,Centre-Back,185.0,left,2021-09-01,31.0,1800000.0
99331,2018,23,2030,0,0,2,0,Jannik Vestergaard,1992-08-03,Defender,Centre-Back,199.0,both,2018-09-01,26.0,20000000.0
99331,2019,19,1497,1,0,3,0,Jannik Vestergaard,1992-08-03,Defender,Centre-Back,199.0,both,2019-09-01,27.0,12000000.0
99331,2020,30,2575,3,0,3,1,Jannik Vestergaard,1992-08-03,Defender,Centre-Back,199.0,both,2020-09-01,28.0,18000000.0
99331,2024,18,1395,0,0,5,0,Jannik Vestergaard,1992-08-03,Defender,Centre-Back,199.0,both,2024-09-01,32.0,2000000.0
99343,2014,26,1868,6,4,6,0,Ander Herrera,1989-08-14,Midfield,Central Midfield,182.0,right,2014-09-01,25.0,25000000.0
99343,2015,27,1533,3,2,4,0,Ander Herrera,1989-08-14,Midfield,Central Midfield,182.0,right,2015-09-01,26.0,28000000.0
99343,2016,31,2467,1,6,7,0,Ander Herrera,1989-08-14,Midfield,Central Midfield,182.0,right,2016-09-01,27.0,30000000.0
99343,2017,26,1260,0,2,4,0,Ander Herrera,1989-08-14,Midfield,Central Midfield,182.0,right,2017-09-01,28.0,30000000.0
99343,2018,22,1404,2,3,4,0,Ander Herrera,1989-08-14,Midfield,Central Midfield,182.0,right,2018-09-01,29.0,25000000.0
101213,2015,24,1080,0,1,2,0,Pedro Obiang,1992-03-27,Midfield,Central Midfield,186.0,right,2015-09-01,23.0,8000000.0
101213,2016,22,1766,1,1,7,0,Pedro Obiang,1992-03-27,Midfield,Central Midfield,186.0,right,2016-09-01,24.0,9000000.0
101213,2017,21,1564,2,0,3,0,Pedro Obiang,1992-03-27,Midfield,Central Midfield,186.0,right,2017-09-01,25.0,8000000.0
101213,2018,24,1121,0,1,0,0,Pedro Obiang,1992-03-27,Midfield,Central Midfield,186.0,right,2018-09-01,26.0,7000000.0
101500,2020,28,1368,3,2,0,0,Matej Vydra,1992-05-01,Attack,Centre-Forward,180.0,right,2020-09-01,28.0,3000000.0
101682,2017,22,1114,0,1,3,0,Scott Malone,1991-03-25,Defender,Left-Back,189.0,left,2017-09-01,26.0,3000000.0
102017,2018,37,3165,2,0,8,0,Jorginho,1991-12-20,Midfield,Defensive Midfield,180.0,right,2018-09-01,26.0,65000000.0
102017,2019,31,2383,4,2,10,0,Jorginho,1991-12-20,Midfield,Defensive Midfield,180.0,right,2019-09-01,27.0,52000000.0
102017,2020,28,2014,7,1,2,0,Jorginho,1991-12-20,Midfield,Defensive Midfield,180.0,right,2020-09-01,28.0,40000000.0
102017,2021,29,2279,6,2,5,0,Jorginho,1991-12-20,Midfield,Defensive Midfield,180.0,right,2021-09-01,29.0,40000000.0
102017,2022,32,2134,2,1,4,0,Jorginho,1991-12-20,Midfield,Defensive Midfield,180.0,right,2022-09-01,30.0,25000000.0
102017,2023,24,920,0,2,1,0,Jorginho,1991-12-20,Midfield,Defensive Midfield,180.0,right,2023-09-01,31.0,12000000.0
102258,2012,37,3267,2,3,10,0,Matthew Lowton,1989-06-09,Defender,Right-Back,180.0,right,2012-09-01,23.0,3500000.0
102258,2013,23,1663,0,3,4,0,Matthew Lowton,1989-06-09,Defender,Right-Back,180.0,right,2013-09-01,24.0,3000000.0
102258,2016,36,3240,0,2,9,0,Matthew Lowton,1989-06-09,Defender,Right-Back,180.0,right,2016-09-01,27.0,2500000.0
102258,2017,26,2295,0,3,1,0,Matthew Lowton,1989-06-09,Defender,Right-Back,180.0,right,2017-09-01,28.0,5000000.0
102258,2018,21,1748,0,0,7,0,Matthew Lowton,1989-06-09,Defender,Right-Back,180.0,right,2018-09-01,29.0,5000000.0
102258,2019,17,1530,0,1,2,0,Matthew Lowton,1989-06-09,Defender,Right-Back,180.0,right,2019-09-01,30.0,4000000.0
102258,2020,34,3060,1,1,5,0,Matthew Lowton,1989-06-09,Defender,Right-Back,180.0,right,2020-09-01,31.0,2500000.0
102258,2021,25,1773,1,2,3,1,Matthew Lowton,1989-06-09,Defender,Right-Back,180.0,right,2021-09-01,32.0,1200000.0
102427,2015,16,1230,0,1,4,0,Sebastián Coates,1990-10-07,Defender,Centre-Back,196.0,right,2015-09-01,24.0,2000000.0
103427,2012,15,1016,0,0,1,0,Chris Smalling,1989-11-22,Defender,Centre-Back,194.0,right,2012-09-01,22.0,14000000.0
103427,2013,25,1938,1,0,2,0,Chris Smalling,1989-11-22,Defender,Centre-Back,194.0,right,2013-09-01,23.0,12000000.0
103427,2014,25,1879,4,0,3,0,Chris Smalling,1989-11-22,Defender,Centre-Back,194.0,right,2014-09-01,24.0,11000000.0
103427,2015,35,3150,0,0,8,0,Chris Smalling,1989-11-22,Defender,Centre-Back,194.0,right,2015-09-01,25.0,20000000.0
103427,2016,18,1215,1,1,0,0,Chris Smalling,1989-11-22,Defender,Centre-Back,194.0,right,2016-09-01,26.0,18000000.0
103427,2017,29,2535,4,0,4,0,Chris Smalling,1989-11-22,Defender,Centre-Back,194.0,right,2017-09-01,27.0,18000000.0
103427,2018,24,2128,1,0,1,0,Chris Smalling,1989-11-22,Defender,Centre-Back,194.0,right,2018-09-01,28.0,20000000.0
103565,2015,14,1077,2,1,3,0,Wahbi Khazri,1991-02-08,Attack,Left Winger,176.0,right,2015-09-01,24.0,8000000.0
104124,2015,26,2062,8,4,3,0,Michail Antonio,1990-03-28,Attack,Centre-Forward,180.0,right,2015-09-01,25.0,7000000.0
104124,2016,29,2440,9,6,6,0,Michail Antonio,1990-03-28,Attack,Centre-Forward,180.0,right,2016-09-01,26.0,18000000.0
104124,2017,21,1358,3,1,1,0,Michail Antonio,1990-03-28,Attack,Centre-Forward,180.0,right,2017-09-01,27.0,15000000.0
104124,2018,33,2099,6,6,3,0,Michail Antonio,1990-03-28,Attack,Centre-Forward,180.0,right,2018-09-01,28.0,15000000.0
104124,2019,24,1771,10,3,3,0,Michail Antonio,1990-03-28,Attack,Centre-Forward,180.0,right,2019-09-01,29.0,9500000.0
104124,2020,26,1983,10,5,3,0,Michail Antonio,1990-03-28,Attack,Centre-Forward,180.0,right,2020-09-01,30.0,12000000.0
104124,2021,36,2980,10,8,8,0,Michail Antonio,1990-03-28,Attack,Centre-Forward,180.0,right,2021-09-01,31.0,10000000.0
104124,2022,33,1838,5,3,2,0,Michail Antonio,1990-03-28,Attack,Centre-Forward,180.0,right,2022-09-01,32.0,7000000.0
104124,2023,26,1711,6,2,6,0,Michail Antonio,1990-03-28,Attack,Centre-Forward,180.0,right,2023-09-01,33.0,4000000.0
104223,2015,22,1551,0,0,5,0,Jordy Clasie,1991-06-27,Midfield,Defensive Midfield,169.0,right,2015-09-01,24.0,11000000.0
104223,2016,16,1026,1,1,3,0,Jordy Clasie,1991-06-27,Midfield,Defensive Midfield,169.0,right,2016-09-01,25.0,10000000.0
107427,2015,28,1680,0,1,0,0,Ikechi Anya,1988-01-03,Midfield,Left Midfield,166.0,both,2015-09-01,27.0,3000000.0
108354,2015,30,2353,7,0,6,1,Jordan Ayew,1991-09-11,Attack,Centre-Forward,182.0,right,2015-09-01,23.0,7500000.0
108354,2017,36,2859,7,2,2,1,Jordan Ayew,1991-09-11,Attack,Centre-Forward,182.0,right,2017-09-01,25.0,8000000.0
108354,2018,20,1187,1,2,3,0,Jordan Ayew,1991-09-11,Attack,Centre-Forward,182.0,right,2018-09-01,26.0,8000000.0
108354,2019,37,3162,9,2,6,0,Jordan Ayew,1991-09-11,Attack,Centre-Forward,182.0,right,2019-09-01,27.0,6500000.0
108354,2020,33,2097,1,3,4,0,Jordan Ayew,1991-09-11,Attack,Centre-Forward,182.0,right,2020-09-01,28.0,8000000.0
108354,2021,31,2025,3,3,2,0,Jordan Ayew,1991-09-11,Attack,Centre-Forward,182.0,right,2021-09-01,29.0,6000000.0
108354,2022,38,2722,4,3,5,0,Jordan Ayew,1991-09-11,Attack,Centre-Forward,182.0,right,2022-09-01,30.0,5000000.0
108354,2023,35,2551,4,7,9,0,Jordan Ayew,1991-09-11,Attack,Centre-Forward,182.0,right,2023-09-01,31.0,4000000.0
108354,2024,31,1663,5,0,6,0,Jordan Ayew,1991-09-11,Attack,Centre-Forward,182.0,right,2024-09-01,32.0,2500000.0
108725,2017,24,1635,10,1,1,0,Chris Wood,1991-12-07,Attack,Centre-Forward,191.0,right,2017-09-01,25.0,18000000.0
108725,2018,38,2595,10,2,2,0,Chris Wood,1991-12-07,Attack,Centre-Forward,191.0,right,2018-09-01,26.0,18000000.0
108725,2019,32,2446,14,1,1,0,Chris Wood,1991-12-07,Attack,Centre-Forward,191.0,right,2019-09-01,27.0,14500000.0
108725,2020,33,2751,12,3,0,0,Chris Wood,1991-12-07,Attack,Centre-Forward,191.0,right,2020-09-01,28.0,8000000.0
108725,2021,34,2707,5,0,1,0,Chris Wood,1991-12-07,Attack,Centre-Forward,191.0,right,2021-09-01,29.0,10000000.0
108725,2023,31,1807,14,1,0,0,Chris Wood,1991-12-07,Attack,Centre-Forward,191.0,right,2023-09-01,31.0,7000000.0
108725,2024,36,2979,20,3,1,0,Chris Wood,1991-12-07,Attack,Centre-Forward,191.0,right,2024-09-01,32.0,10000000.0
108725,2025,15,907,3,0,0,0,Chris Wood,1991-12-07,Attack,Centre-Forward,191.0,right,2025-09-01,33.0,5000000.0
109751,2019,26,1383,1,2,0,0,Onel Hernández,1993-02-01,Attack,Left Winger,172.0,right,2019-09-01,26.0,3200000.0
110858,2015,15,938,4,0,0,0,Benik Afobe,1993-02-12,Attack,Centre-Forward,183.0,right,2015-09-01,22.0,9000000.0
110858,2016,31,1454,6,3,1,0,Benik Afobe,1993-02-12,Attack,Centre-Forward,183.0,right,2016-09-01,23.0,10000000.0
111051,2018,31,2089,0,0,5,0,Nampalys Mendy,1992-06-23,Midfield,Defensive Midfield,168.0,right,2018-09-01,26.0,8000000.0
111051,2020,23,1458,0,1,5,0,Nampalys Mendy,1992-06-23,Midfield,Defensive Midfield,168.0,right,2020-09-01,28.0,8000000.0
111051,2021,14,1035,0,0,3,0,Nampalys Mendy,1992-06-23,Midfield,Defensive Midfield,168.0,right,2021-09-01,29.0,4000000.0
111114,2017,16,1440,1,2,1,0,Kevin Long,1990-08-18,Defender,Centre-Back,188.0,right,2017-09-01,27.0,2500000.0
111195,2020,28,2282,1,1,3,0,Joël Veltman,1992-01-15,Defender,Right-Back,184.0,right,2020-09-01,28.0,6000000.0
111195,2021,34,2881,1,1,6,0,Joël Veltman,1992-01-15,Defender,Right-Back,184.0,right,2021-09-01,29.0,10000000.0
111195,2022,31,2193,1,1,6,0,Joël Veltman,1992-01-15,Defender,Right-Back,184.0,right,2022-09-01,30.0,10000000.0
111195,2023,27,1582,1,1,4,0,Joël Veltman,1992-01-15,Defender,Right-Back,184.0,right,2023-09-01,31.0,10000000.0
111195,2024,21,1699,0,0,5,0,Joël Veltman,1992-01-15,Defender,Right-Back,184.0,right,2024-09-01,32.0,4000000.0
111195,2025,24,1050,1,0,5,0,Joël Veltman,1992-01-15,Defender,Right-Back,184.0,right,2025-09-01,33.0,1500000.0
111455,2016,32,2486,2,2,5,2,Granit Xhaka,1992-09-27,Midfield,Defensive Midfield,183.0,left,2016-09-01,23.0,35000000.0
111455,2017,38,3266,1,7,10,0,Granit Xhaka,1992-09-27,Midfield,Defensive Midfield,183.0,left,2017-09-01,24.0,40000000.0
111455,2018,29,2501,4,2,10,0,Granit Xhaka,1992-09-27,Midfield,Defensive Midfield,183.0,left,2018-09-01,25.0,45000000.0
111455,2019,31,2591,1,2,10,0,Granit Xhaka,1992-09-27,Midfield,Defensive Midfield,183.0,left,2019-09-01,26.0,24000000.0
111455,2020,31,2526,1,2,6,1,Granit Xhaka,1992-09-27,Midfield,Defensive Midfield,183.0,left,2020-09-01,27.0,22000000.0
111455,2021,27,2331,1,2,10,1,Granit Xhaka,1992-09-27,Midfield,Defensive Midfield,183.0,left,2021-09-01,28.0,20000000.0
111455,2022,37,3004,7,7,4,0,Granit Xhaka,1992-09-27,Midfield,Defensive Midfield,183.0,left,2022-09-01,29.0,20000000.0
111455,2025,34,2901,1,6,8,0,Granit Xhaka,1992-09-27,Midfield,Defensive Midfield,183.0,left,2025-09-01,32.0,8000000.0
111508,2015,32,2473,0,1,8,0,Allan Nyom,1988-05-10,Defender,Right-Back,189.0,right,2015-09-01,27.0,4000000.0
111508,2016,32,2637,0,2,8,0,Allan Nyom,1988-05-10,Defender,Right-Back,189.0,right,2016-09-01,28.0,4500000.0
111508,2017,29,2308,0,1,7,0,Allan Nyom,1988-05-10,Defender,Right-Back,189.0,right,2017-09-01,29.0,4500000.0
111524,2017,38,3387,2,0,4,0,Ahmed Hegazy,1991-01-25,Defender,Centre-Back,193.0,right,2017-09-01,26.0,5000000.0
111630,2014,33,2301,2,7,6,0,Erik Lamela,1992-03-04,Attack,Right Winger,184.0,left,2014-09-01,22.0,22000000.0
111630,2015,34,2385,5,9,9,0,Erik Lamela,1992-03-04,Attack,Right Winger,184.0,left,2015-09-01,23.0,24000000.0
111630,2018,19,972,4,2,2,0,Erik Lamela,1992-03-04,Attack,Right Winger,184.0,left,2018-09-01,26.0,18000000.0
111630,2019,25,1211,2,2,3,0,Erik Lamela,1992-03-04,Attack,Right Winger,184.0,left,2019-09-01,27.0,16000000.0
112052,2016,35,3147,1,0,5,0,Bruno Martins Indi,1992-02-08,Defender,Centre-Back,185.0,left,2016-09-01,24.0,11000000.0
112052,2017,17,1246,0,0,3,0,Bruno Martins Indi,1992-02-08,Defender,Centre-Back,185.0,left,2017-09-01,25.0,10000000.0
112302,2016,13,1040,2,3,2,1,Roberto Pereyra,1991-01-07,Midfield,Central Midfield,182.0,both,2016-09-01,25.0,15000000.0
112302,2017,32,1622,5,3,3,0,Roberto Pereyra,1991-01-07,Midfield,Central Midfield,182.0,both,2017-09-01,26.0,10000000.0
112302,2018,33,2824,6,2,3,0,Roberto Pereyra,1991-01-07,Midfield,Central Midfield,182.0,both,2018-09-01,27.0,13000000.0
112302,2019,28,1653,3,0,4,0,Roberto Pereyra,1991-01-07,Midfield,Central Midfield,182.0,both,2019-09-01,28.0,9000000.0
112343,2017,28,1074,5,0,2,0,Manolo Gabbiadini,1991-11-26,Attack,Centre-Forward,186.0,left,2017-09-01,25.0,12000000.0
112515,2013,16,1440,0,2,6,0,Marcos Alonso,1990-12-28,Defender,Centre-Back,188.0,left,2013-09-01,22.0,2000000.0
112515,2016,31,2694,6,3,2,0,Marcos Alonso,1990-12-28,Defender,Centre-Back,188.0,left,2016-09-01,25.0,25000000.0
112515,2017,33,2860,7,2,6,0,Marcos Alonso,1990-12-28,Defender,Centre-Back,188.0,left,2017-09-01,26.0,40000000.0
112515,2018,31,2761,2,6,6,0,Marcos Alonso,1990-12-28,Defender,Centre-Back,188.0,left,2018-09-01,27.0,40000000.0
112515,2019,18,1432,4,3,4,0,Marcos Alonso,1990-12-28,Defender,Centre-Back,188.0,left,2019-09-01,28.0,20000000.0
112515,2020,13,959,2,0,2,0,Marcos Alonso,1990-12-28,Defender,Centre-Back,188.0,left,2020-09-01,29.0,12000000.0
112515,2021,28,2172,4,5,8,0,Marcos Alonso,1990-12-28,Defender,Centre-Back,188.0,left,2021-09-01,30.0,12000000.0
112988,2015,24,1971,0,2,3,0,Cédric Soares,1991-08-31,Defender,Right-Back,171.0,right,2015-09-01,24.0,11000000.0
112988,2016,30,2520,0,3,7,0,Cédric Soares,1991-08-31,Defender,Right-Back,171.0,right,2016-09-01,25.0,15000000.0
112988,2017,32,2797,0,3,3,0,Cédric Soares,1991-08-31,Defender,Right-Back,171.0,right,2017-09-01,26.0,15000000.0
112988,2018,18,1494,1,2,4,0,Cédric Soares,1991-08-31,Defender,Right-Back,171.0,right,2018-09-01,27.0,12000000.0
112988,2019,21,1559,1,1,1,0,Cédric Soares,1991-08-31,Defender,Right-Back,171.0,right,2019-09-01,28.0,8000000.0
112988,2021,21,1484,1,1,3,0,Cédric Soares,1991-08-31,Defender,Right-Back,171.0,right,2021-09-01,30.0,6000000.0
113036,2020,19,1490,0,0,3,0,Romaine Sawyers,1991-11-02,Midfield,Attacking Midfield,175.0,right,2020-09-01,28.0,2000000.0
113707,2014,31,1947,1,2,2,0,Rémy Cabella,1990-03-08,Midfield,Attacking Midfield,172.0,right,2014-09-01,24.0,10000000.0
117996,2012,17,1206,0,2,4,0,Phil Jones,1992-02-21,Defender,Centre-Back,185.0,right,2012-09-01,20.0,17000000.0
117996,2013,26,2174,1,2,5,0,Phil Jones,1992-02-21,Defender,Centre-Back,185.0,right,2013-09-01,21.0,18000000.0
117996,2014,22,1879,0,1,3,0,Phil Jones,1992-02-21,Defender,Centre-Back,185.0,right,2014-09-01,22.0,14000000.0
117996,2016,18,1585,0,0,2,0,Phil Jones,1992-02-21,Defender,Centre-Back,185.0,right,2016-09-01,24.0,14000000.0
117996,2017,23,1975,0,0,2,0,Phil Jones,1992-02-21,Defender,Centre-Back,185.0,right,2017-09-01,25.0,20000000.0
117996,2018,18,1262,0,1,1,0,Phil Jones,1992-02-21,Defender,Centre-Back,185.0,right,2018-09-01,26.0,20000000.0
118534,2014,22,1641,0,1,1,0,Michael Keane,1993-01-11,Defender,Centre-Back,188.0,right,2014-09-01,21.0,2000000.0
118534,2016,35,3150,2,1,4,0,Michael Keane,1993-01-11,Defender,Centre-Back,188.0,right,2016-09-01,23.0,18000000.0
118534,2017,30,2560,0,1,3,0,Michael Keane,1993-01-11,Defender,Centre-Back,188.0,right,2017-09-01,24.0,20000000.0
118534,2018,33,2970,1,2,2,0,Michael Keane,1993-01-11,Defender,Centre-Back,188.0,right,2018-09-01,25.0,30000000.0
118534,2019,31,2556,2,0,3,0,Michael Keane,1993-01-11,Defender,Centre-Back,188.0,right,2019-09-01,26.0,20000000.0
118534,2020,35,2990,3,1,4,0,Michael Keane,1993-01-11,Defender,Centre-Back,188.0,right,2020-09-01,27.0,25000000.0
118534,2021,32,2792,3,2,4,0,Michael Keane,1993-01-11,Defender,Centre-Back,188.0,right,2021-09-01,28.0,20000000.0
118534,2022,12,983,1,2,0,0,Michael Keane,1993-01-11,Defender,Centre-Back,188.0,right,2022-09-01,29.0,10000000.0
118534,2024,14,1046,3,0,5,0,Michael Keane,1993-01-11,Defender,Centre-Back,188.0,right,2024-09-01,31.0,5000000.0
118534,2025,33,2590,3,1,1,0,Michael Keane,1993-01-11,Defender,Centre-Back,188.0,right,2025-09-01,32.0,3000000.0
119164,2017,20,1315,0,0,3,0,Ezequiel Schelotto,1989-05-23,Defender,Right-Back,187.0,right,2017-09-01,28.0,4500000.0
119269,2017,37,3294,0,2,8,0,Shane Duffy,1992-01-01,Defender,Centre-Back,193.0,right,2017-09-01,25.0,12000000.0
119269,2018,35,3088,5,2,4,1,Shane Duffy,1992-01-01,Defender,Centre-Back,193.0,right,2018-09-01,26.0,12000000.0
119269,2019,19,1232,1,0,2,0,Shane Duffy,1992-01-01,Defender,Centre-Back,193.0,right,2019-09-01,27.0,9500000.0
119269,2021,18,1434,1,0,7,0,Shane Duffy,1992-01-01,Defender,Centre-Back,193.0,right,2021-09-01,29.0,5000000.0
119296,2014,27,2065,1,0,4,0,Emre Can,1994-01-12,Defender,Centre-Back,186.0,right,2014-09-01,20.0,12000000.0
119296,2015,30,2492,1,0,9,0,Emre Can,1994-01-12,Defender,Centre-Back,186.0,right,2015-09-01,21.0,18000000.0
119296,2016,32,2368,5,2,6,0,Emre Can,1994-01-12,Defender,Centre-Back,186.0,right,2016-09-01,22.0,15000000.0
119296,2017,26,2094,3,5,8,0,Emre Can,1994-01-12,Defender,Centre-Back,186.0,right,2017-09-01,23.0,30000000.0
120565,2016,32,2268,9,3,2,0,Andre Gray,1991-06-26,Attack,Centre-Forward,178.0,right,2016-09-01,25.0,10000000.0
120565,2017,31,1497,5,3,1,0,Andre Gray,1991-06-26,Attack,Centre-Forward,178.0,right,2017-09-01,26.0,15000000.0
120565,2018,29,1359,7,2,2,0,Andre Gray,1991-06-26,Attack,Centre-Forward,178.0,right,2018-09-01,27.0,15000000.0
120610,2014,23,1761,10,2,2,0,Diafra Sakho,1989-12-24,Attack,Centre-Forward,184.0,right,2014-09-01,24.0,8000000.0
120610,2015,21,1526,5,1,3,0,Diafra Sakho,1989-12-24,Attack,Centre-Forward,184.0,right,2015-09-01,25.0,10000000.0
121257,2016,34,2700,0,2,4,0,Adam Forshaw,1991-10-08,Midfield,Central Midfield,175.0,right,2016-09-01,24.0,3000000.0
121257,2021,22,1530,0,1,5,0,Adam Forshaw,1991-10-08,Midfield,Central Midfield,175.0,right,2021-09-01,29.0,2000000.0
121279,2016,18,1390,1,2,1,0,Tom Carroll,1992-05-28,Midfield,Central Midfield,177.0,left,2016-09-01,24.0,6000000.0
121279,2017,37,2569,0,4,3,0,Tom Carroll,1992-05-28,Midfield,Central Midfield,177.0,left,2017-09-01,25.0,7000000.0
121280,2012,18,1575,2,2,0,0,Steven Caulker,1991-12-29,Defender,Centre-Back,191.0,right,2012-09-01,20.0,6500000.0
121280,2013,38,3420,5,0,1,0,Steven Caulker,1991-12-29,Defender,Centre-Back,191.0,right,2013-09-01,21.0,7500000.0
121280,2014,35,3015,1,1,1,0,Steven Caulker,1991-12-29,Defender,Centre-Back,191.0,right,2014-09-01,22.0,7500000.0
121324,2019,36,3189,2,0,5,0,John Egan,1992-10-20,Defender,Centre-Back,185.0,right,2019-09-01,26.0,9500000.0
121324,2020,31,2630,0,1,7,1,John Egan,1992-10-20,Defender,Centre-Back,185.0,right,2020-09-01,27.0,9000000.0
121385,2019,15,1262,0,0,4,0,Grant Hanley,1991-11-20,Defender,Centre-Back,188.0,right,2019-09-01,27.0,2000000.0
121385,2021,33,2899,1,0,2,0,Grant Hanley,1991-11-20,Defender,Centre-Back,188.0,right,2021-09-01,29.0,3500000.0
121398,2017,24,1908,0,1,7,0,Tommy Smith,1992-04-14,Defender,Right-Back,185.0,right,2017-09-01,25.0,3000000.0
121398,2018,15,1142,0,0,2,1,Tommy Smith,1992-04-14,Defender,Right-Back,185.0,right,2018-09-01,26.0,3000000.0
121477,2013,12,950,0,2,1,0,Craig Dawson,1990-05-06,Defender,Centre-Back,188.0,right,2013-09-01,23.0,1500000.0
121477,2014,29,2591,2,0,6,0,Craig Dawson,1990-05-06,Defender,Centre-Back,188.0,right,2014-09-01,24.0,2000000.0
121477,2015,38,3385,4,0,3,0,Craig Dawson,1990-05-06,Defender,Centre-Back,188.0,right,2015-09-01,25.0,5000000.0
121477,2016,37,3278,4,1,10,0,Craig Dawson,1990-05-06,Defender,Centre-Back,188.0,right,2016-09-01,26.0,6000000.0
121477,2017,28,2509,2,0,6,0,Craig Dawson,1990-05-06,Defender,Centre-Back,188.0,right,2017-09-01,27.0,8000000.0
121477,2019,29,2359,2,0,6,0,Craig Dawson,1990-05-06,Defender,Centre-Back,188.0,right,2019-09-01,29.0,4800000.0
121477,2020,22,1926,3,0,5,0,Craig Dawson,1990-05-06,Defender,Centre-Back,188.0,right,2020-09-01,30.0,3000000.0
121477,2021,34,2754,2,2,5,1,Craig Dawson,1990-05-06,Defender,Centre-Back,188.0,right,2021-09-01,31.0,3000000.0
121477,2022,25,2135,1,0,6,0,Craig Dawson,1990-05-06,Defender,Centre-Back,188.0,right,2022-09-01,32.0,2000000.0
121477,2023,25,2211,1,1,7,0,Craig Dawson,1990-05-06,Defender,Centre-Back,188.0,right,2023-09-01,33.0,2000000.0
121477,2024,15,970,0,0,2,0,Craig Dawson,1990-05-06,Defender,Centre-Back,188.0,right,2024-09-01,34.0,1500000.0
122153,2016,30,2610,5,4,7,0,Paul Pogba,1993-03-15,Midfield,Central Midfield,191.0,both,2016-09-01,23.0,75000000.0
122153,2017,27,2151,6,10,5,1,Paul Pogba,1993-03-15,Midfield,Central Midfield,191.0,both,2017-09-01,24.0,90000000.0
122153,2018,35,3011,13,9,6,0,Paul Pogba,1993-03-15,Midfield,Central Midfield,191.0,both,2018-09-01,25.0,100000000.0
122153,2019,16,1205,1,4,1,0,Paul Pogba,1993-03-15,Midfield,Central Midfield,191.0,both,2019-09-01,26.0,80000000.0
122153,2020,26,1896,3,5,3,0,Paul Pogba,1993-03-15,Midfield,Central Midfield,191.0,both,2020-09-01,27.0,60000000.0
122153,2021,20,1354,1,9,7,1,Paul Pogba,1993-03-15,Midfield,Central Midfield,191.0,both,2021-09-01,28.0,48000000.0
122155,2020,17,1115,1,1,0,0,Willian José,1991-11-23,Attack,Centre-Forward,186.0,right,2020-09-01,28.0,18000000.0
122223,2016,37,3190,3,1,9,1,Sam Clucas,1990-09-25,Midfield,Central Midfield,178.0,left,2016-09-01,25.0,2500000.0
122223,2017,29,2044,3,1,2,0,Sam Clucas,1990-09-25,Midfield,Central Midfield,178.0,left,2017-09-01,26.0,8000000.0
122675,2017,17,1321,0,0,5,0,Kevin Wimmer,1992-11-15,Defender,Centre-Back,187.0,left,2017-09-01,24.0,10000000.0
123261,2013,17,1412,1,0,1,0,Vlad Chiricheș,1989-11-14,Midfield,Defensive Midfield,184.0,right,2013-09-01,23.0,11000000.0
123275,2018,31,2198,1,1,0,0,Tom Cairney,1991-01-20,Midfield,Central Midfield,185.0,left,2018-09-01,27.0,15000000.0
123275,2022,33,972,2,0,2,0,Tom Cairney,1991-01-20,Midfield,Central Midfield,185.0,left,2022-09-01,31.0,2000000.0
123275,2023,34,1478,1,4,3,0,Tom Cairney,1991-01-20,Midfield,Central Midfield,185.0,left,2023-09-01,32.0,2000000.0
123397,2017,26,1271,0,4,4,0,Collin Quaner,1991-06-18,Attack,Centre-Forward,191.0,right,2017-09-01,26.0,1500000.0
123551,2024,33,2757,1,1,9,0,Sam Morsy,1991-09-10,Midfield,Central Midfield,175.0,right,2024-09-01,32.0,500000.0
123682,2016,20,1367,6,1,0,0,Callum Wilson,1992-02-27,Attack,Centre-Forward,180.0,right,2016-09-01,24.0,10000000.0
123682,2017,28,1991,8,2,0,0,Callum Wilson,1992-02-27,Attack,Centre-Forward,180.0,right,2017-09-01,25.0,10000000.0
123682,2018,30,2535,14,10,3,0,Callum Wilson,1992-02-27,Attack,Centre-Forward,180.0,right,2018-09-01,26.0,30000000.0
123682,2019,35,2898,8,3,9,0,Callum Wilson,1992-02-27,Attack,Centre-Forward,180.0,right,2019-09-01,27.0,24000000.0
123682,2020,26,2085,12,5,2,0,Callum Wilson,1992-02-27,Attack,Centre-Forward,180.0,right,2020-09-01,28.0,22000000.0
123682,2021,18,1389,8,0,4,0,Callum Wilson,1992-02-27,Attack,Centre-Forward,180.0,right,2021-09-01,29.0,18000000.0
123682,2022,31,1887,18,5,4,0,Callum Wilson,1992-02-27,Attack,Centre-Forward,180.0,right,2022-09-01,30.0,16000000.0
123682,2023,20,985,9,1,3,0,Callum Wilson,1992-02-27,Attack,Centre-Forward,180.0,right,2023-09-01,31.0,13000000.0
123682,2025,32,1242,7,1,1,0,Callum Wilson,1992-02-27,Attack,Centre-Forward,180.0,right,2025-09-01,33.0,4000000.0
123742,2012,26,1687,5,3,2,1,Gastón Ramírez,1990-12-02,Midfield,Attacking Midfield,183.0,left,2012-09-01,21.0,13000000.0
123742,2014,23,1008,1,3,1,1,Gastón Ramírez,1990-12-02,Midfield,Attacking Midfield,183.0,left,2014-09-01,23.0,6000000.0
123742,2016,24,1549,2,3,10,0,Gastón Ramírez,1990-12-02,Midfield,Attacking Midfield,183.0,left,2016-09-01,25.0,6000000.0
123951,2017,36,3067,4,3,4,0,Aaron Mooy,1990-09-15,Midfield,Central Midfield,174.0,right,2017-09-01,26.0,10000000.0
123951,2018,29,2327,3,1,4,0,Aaron Mooy,1990-09-15,Midfield,Central Midfield,174.0,right,2018-09-01,27.0,14000000.0
123951,2019,31,2089,2,2,3,0,Aaron Mooy,1990-09-15,Midfield,Central Midfield,174.0,right,2019-09-01,28.0,9500000.0
124983,2015,14,998,0,1,0,0,Bryan Oviedo,1990-02-18,Defender,Left-Back,172.0,left,2015-09-01,25.0,3000000.0
124983,2016,16,1326,0,0,4,0,Bryan Oviedo,1990-02-18,Defender,Left-Back,172.0,left,2016-09-01,26.0,2500000.0
125314,2021,37,3322,3,2,7,0,Pontus Jansson,1991-02-13,Defender,Centre-Back,196.0,right,2021-09-01,30.0,7000000.0
125409,2018,20,986,4,1,0,0,Nathaniel Méndez-Laing,1992-04-15,Attack,Right Winger,178.0,right,2018-09-01,26.0,3000000.0
125868,2015,34,3015,0,1,6,1,Pape Souaré,1990-06-06,Defender,Left-Back,178.0,left,2015-09-01,25.0,6000000.0
126014,2013,35,2594,5,1,6,0,Leandro Bacuna,1991-08-21,Midfield,Central Midfield,180.0,right,2013-09-01,22.0,2500000.0
126014,2014,19,982,0,5,1,0,Leandro Bacuna,1991-08-21,Midfield,Central Midfield,180.0,right,2014-09-01,23.0,2500000.0
126014,2015,31,2419,1,0,8,0,Leandro Bacuna,1991-08-21,Midfield,Central Midfield,180.0,right,2015-09-01,24.0,3000000.0
126321,2012,14,1188,0,0,2,0,Carl Jenkinson,1992-02-08,Defender,Right-Back,185.0,right,2012-09-01,20.0,4500000.0
126321,2014,32,2667,0,2,2,0,Carl Jenkinson,1992-02-08,Defender,Right-Back,185.0,right,2014-09-01,22.0,7000000.0
126321,2015,20,1225,2,0,3,1,Carl Jenkinson,1992-02-08,Defender,Right-Back,185.0,right,2015-09-01,23.0,9000000.0
126422,2020,24,2052,0,0,6,0,Allan,1991-01-08,Midfield,Defensive Midfield,175.0,right,2020-09-01,29.0,22000000.0
126422,2021,28,2187,0,2,7,1,Allan,1991-01-08,Midfield,Defensive Midfield,175.0,right,2021-09-01,30.0,15000000.0
126516,2013,17,1381,1,0,2,0,Antonio Luna,1991-03-17,Defender,Left-Back,178.0,left,2013-09-01,22.0,2000000.0
126600,2019,37,2966,1,1,5,0,Kenny McLean,1992-01-08,Midfield,Central Midfield,183.0,left,2019-09-01,27.0,3500000.0
126600,2021,31,2707,1,0,3,0,Kenny McLean,1992-01-08,Midfield,Central Midfield,183.0,left,2021-09-01,29.0,2500000.0
126643,2014,23,1725,0,0,4,0,Seok-yeong Yun,1990-02-13,Defender,Left-Back,183.0,left,2014-09-01,24.0,1500000.0
126664,2018,35,2966,4,4,5,1,Lucas Digne,1993-07-20,Defender,Left-Back,178.0,left,2018-09-01,25.0,30000000.0
126664,2019,35,3036,0,7,6,0,Lucas Digne,1993-07-20,Defender,Left-Back,178.0,left,2019-09-01,26.0,28000000.0
126664,2020,30,2682,0,7,2,1,Lucas Digne,1993-07-20,Defender,Left-Back,178.0,left,2020-09-01,27.0,35000000.0
126664,2021,29,2443,0,4,6,0,Lucas Digne,1993-07-20,Defender,Left-Back,178.0,left,2021-09-01,28.0,25000000.0
126664,2022,28,1500,1,0,5,0,Lucas Digne,1993-07-20,Defender,Left-Back,178.0,left,2022-09-01,29.0,15000000.0
126664,2023,33,2413,1,3,7,0,Lucas Digne,1993-07-20,Defender,Left-Back,178.0,left,2023-09-01,30.0,12000000.0
126664,2024,32,2360,0,5,4,0,Lucas Digne,1993-07-20,Defender,Left-Back,178.0,left,2024-09-01,31.0,10000000.0
126664,2025,31,1852,0,6,3,0,Lucas Digne,1993-07-20,Defender,Left-Back,178.0,left,2025-09-01,32.0,6000000.0
126665,2015,35,3075,0,1,10,0,Idrissa Gueye,1989-09-26,Midfield,Defensive Midfield,174.0,right,2015-09-01,25.0,9000000.0
126665,2016,33,2686,1,2,11,0,Idrissa Gueye,1989-09-26,Midfield,Defensive Midfield,174.0,right,2016-09-01,26.0,18000000.0
126665,2017,33,2757,2,1,8,0,Idrissa Gueye,1989-09-26,Midfield,Defensive Midfield,174.0,right,2017-09-01,27.0,20000000.0
126665,2018,33,2825,0,2,6,0,Idrissa Gueye,1989-09-26,Midfield,Defensive Midfield,174.0,right,2018-09-01,28.0,25000000.0
126665,2022,33,2593,0,1,7,0,Idrissa Gueye,1989-09-26,Midfield,Defensive Midfield,174.0,right,2022-09-01,32.0,5000000.0
126665,2023,25,1893,4,0,8,0,Idrissa Gueye,1989-09-26,Midfield,Defensive Midfield,174.0,right,2023-09-01,33.0,3000000.0
126665,2024,37,3070,0,3,8,0,Idrissa Gueye,1989-09-26,Midfield,Defensive Midfield,174.0,right,2024-09-01,34.0,1500000.0
126665,2025,25,2102,2,3,1,0,Idrissa Gueye,1989-09-26,Midfield,Defensive Midfield,174.0,right,2025-09-01,35.0,500000.0
127032,2017,17,1428,2,2,3,0,Serge Aurier,1992-12-24,Defender,Right-Back,176.0,right,2017-09-01,24.0,20000000.0
127032,2019,33,2706,1,5,4,0,Serge Aurier,1992-12-24,Defender,Right-Back,176.0,right,2019-09-01,26.0,16000000.0
127032,2020,19,1608,2,3,0,0,Serge Aurier,1992-12-24,Defender,Right-Back,176.0,right,2020-09-01,27.0,20000000.0
127032,2022,24,1949,1,0,2,0,Serge Aurier,1992-12-24,Defender,Right-Back,176.0,right,2022-09-01,29.0,8000000.0
127108,2017,24,2104,0,2,4,0,Florian Lejeune,1991-05-20,Defender,Centre-Back,190.0,right,2017-09-01,26.0,8000000.0
127108,2018,12,1055,0,0,0,0,Florian Lejeune,1991-05-20,Defender,Centre-Back,190.0,right,2018-09-01,27.0,8000000.0
127187,2016,20,1359,1,0,4,0,Abdoulaye Doucouré,1993-01-01,Midfield,Attacking Midfield,183.0,right,2016-09-01,23.0,6000000.0
127187,2017,37,3325,7,4,10,0,Abdoulaye Doucouré,1993-01-01,Midfield,Attacking Midfield,183.0,right,2017-09-01,24.0,15000000.0
127187,2018,35,3062,5,6,7,0,Abdoulaye Doucouré,1993-01-01,Midfield,Attacking Midfield,183.0,right,2018-09-01,25.0,25000000.0
127187,2019,37,3167,4,2,9,0,Abdoulaye Doucouré,1993-01-01,Midfield,Attacking Midfield,183.0,right,2019-09-01,26.0,20000000.0
127187,2020,29,2452,2,3,6,0,Abdoulaye Doucouré,1993-01-01,Midfield,Attacking Midfield,183.0,right,2020-09-01,27.0,25000000.0
127187,2021,30,2538,2,4,6,0,Abdoulaye Doucouré,1993-01-01,Midfield,Attacking Midfield,183.0,right,2021-09-01,28.0,22000000.0
127187,2022,25,1530,5,2,6,1,Abdoulaye Doucouré,1993-01-01,Midfield,Attacking Midfield,183.0,right,2022-09-01,29.0,12000000.0
127187,2023,32,2642,7,2,7,0,Abdoulaye Doucouré,1993-01-01,Midfield,Attacking Midfield,183.0,right,2023-09-01,30.0,10000000.0
127187,2024,33,2577,3,2,5,0,Abdoulaye Doucouré,1993-01-01,Midfield,Attacking Midfield,183.0,right,2024-09-01,31.0,7000000.0
127987,2015,23,1440,2,1,3,0,Carles Gil,1992-11-22,Midfield,Attacking Midfield,171.0,left,2015-09-01,22.0,4000000.0
128223,2017,31,2066,11,6,7,0,Álvaro Morata,1992-10-23,Attack,Centre-Forward,189.0,right,2017-09-01,24.0,65000000.0
128223,2018,16,943,5,0,3,0,Álvaro Morata,1992-10-23,Attack,Centre-Forward,189.0,right,2018-09-01,25.0,50000000.0
128229,2014,27,1758,0,2,2,0,Robbie Brady,1992-01-14,Midfield,Left Midfield,176.0,left,2014-09-01,22.0,2000000.0
128229,2015,36,2987,3,2,3,0,Robbie Brady,1992-01-14,Midfield,Left Midfield,176.0,left,2015-09-01,23.0,6000000.0
128229,2017,15,1279,1,2,3,0,Robbie Brady,1992-01-14,Midfield,Left Midfield,176.0,left,2017-09-01,25.0,10000000.0
128229,2020,19,1055,1,1,3,0,Robbie Brady,1992-01-14,Midfield,Left Midfield,176.0,left,2020-09-01,28.0,3000000.0
128375,2013,28,1675,1,0,4,0,Bo-kyung Kim,1989-10-06,Midfield,Attacking Midfield,178.0,left,2013-09-01,23.0,2000000.0
128897,2013,32,1405,5,2,0,0,Saido Berahino,1993-08-04,Attack,Centre-Forward,180.0,right,2013-09-01,20.0,3000000.0
128897,2014,38,2930,14,1,2,0,Saido Berahino,1993-08-04,Attack,Centre-Forward,180.0,right,2014-09-01,21.0,12000000.0
128897,2015,31,1742,4,0,0,0,Saido Berahino,1993-08-04,Attack,Centre-Forward,180.0,right,2015-09-01,22.0,15000000.0
128897,2016,17,966,0,0,1,0,Saido Berahino,1993-08-04,Attack,Centre-Forward,180.0,right,2016-09-01,23.0,15000000.0
128900,2019,22,926,0,1,1,0,Nathaniel Chalobah,1994-12-12,Midfield,Defensive Midfield,185.0,right,2019-09-01,24.0,4800000.0
128901,2018,38,3420,0,0,5,0,Conor Coady,1993-02-25,Defender,Centre-Back,185.0,right,2018-09-01,25.0,10000000.0
128901,2019,38,3420,0,0,5,0,Conor Coady,1993-02-25,Defender,Centre-Back,185.0,right,2019-09-01,26.0,14500000.0
128901,2020,37,3304,1,0,5,0,Conor Coady,1993-02-25,Defender,Centre-Back,185.0,right,2020-09-01,27.0,25000000.0
128901,2021,38,3363,4,0,4,0,Conor Coady,1993-02-25,Defender,Centre-Back,185.0,right,2021-09-01,28.0,25000000.0
128901,2022,24,2095,1,1,2,0,Conor Coady,1993-02-25,Defender,Centre-Back,185.0,right,2022-09-01,29.0,12000000.0
128901,2024,22,1714,1,0,3,0,Conor Coady,1993-02-25,Defender,Centre-Back,185.0,right,2024-09-01,31.0,2200000.0
128904,2016,38,3420,1,1,4,0,Ben Gibson,1993-01-15,Defender,Centre-Back,185.0,left,2016-09-01,23.0,8000000.0
128904,2021,28,2495,0,0,5,0,Ben Gibson,1993-01-15,Defender,Centre-Back,185.0,left,2021-09-01,28.0,6000000.0
128906,2014,11,936,0,0,4,0,Liam Moore,1993-01-31,Defender,Centre-Back,185.0,right,2014-09-01,21.0,2500000.0
128907,2013,16,1154,3,2,5,0,Ravel Morrison,1993-02-02,Midfield,Attacking Midfield,175.0,right,2013-09-01,20.0,4000000.0
128909,2023,34,2886,1,1,10,0,Jack Robinson,1993-09-01,Defender,Centre-Back,180.0,left,2023-09-01,29.0,1000000.0
128912,2012,12,1015,0,1,0,0,Andre Wisdom,1993-05-09,Defender,Right-Back,186.0,right,2012-09-01,19.0,1000000.0
128912,2014,24,1971,0,1,1,0,Andre Wisdom,1993-05-09,Defender,Right-Back,186.0,right,2014-09-01,21.0,6000000.0
129078,2013,34,2158,1,4,2,0,Nathan Redmond,1994-03-06,Attack,Right Winger,173.0,right,2013-09-01,19.0,3500000.0
129078,2015,35,2337,6,2,0,0,Nathan Redmond,1994-03-06,Attack,Right Winger,173.0,right,2015-09-01,21.0,7500000.0
129078,2016,37,2908,7,1,2,1,Nathan Redmond,1994-03-06,Attack,Right Winger,173.0,right,2016-09-01,22.0,15000000.0
129078,2017,31,1947,1,3,3,0,Nathan Redmond,1994-03-06,Attack,Right Winger,173.0,right,2017-09-01,23.0,18000000.0
129078,2018,38,3278,6,4,3,0,Nathan Redmond,1994-03-06,Attack,Right Winger,173.0,right,2018-09-01,24.0,20000000.0
129078,2019,32,2769,4,4,2,0,Nathan Redmond,1994-03-06,Attack,Right Winger,173.0,right,2019-09-01,25.0,16000000.0
129078,2020,29,1730,2,3,1,0,Nathan Redmond,1994-03-06,Attack,Right Winger,173.0,right,2020-09-01,26.0,18000000.0
129078,2021,27,1832,1,5,0,0,Nathan Redmond,1994-03-06,Attack,Right Winger,173.0,right,2021-09-01,27.0,18000000.0
129085,2014,23,2009,1,0,6,0,Jores Okore,1992-08-11,Defender,Centre-Back,183.0,right,2014-09-01,22.0,5500000.0
129085,2015,12,1080,0,0,1,0,Jores Okore,1992-08-11,Defender,Centre-Back,183.0,right,2015-09-01,23.0,5000000.0
129476,2015,26,1384,2,9,2,0,Gerard Deulofeu,1994-03-13,Attack,Centre-Forward,177.0,right,2015-09-01,21.0,9000000.0
129476,2018,30,2082,10,5,3,0,Gerard Deulofeu,1994-03-13,Attack,Centre-Forward,177.0,right,2018-09-01,24.0,25000000.0
129476,2019,28,2106,4,5,3,0,Gerard Deulofeu,1994-03-13,Attack,Centre-Forward,177.0,right,2019-09-01,25.0,20000000.0
129588,2019,27,1133,1,2,2,0,Dennis Praet,1994-05-14,Midfield,Central Midfield,181.0,right,2019-09-01,25.0,19000000.0
129627,2014,35,3069,18,7,6,0,Charlie Austin,1989-07-05,Attack,Centre-Forward,188.0,right,2014-09-01,25.0,9000000.0
129627,2016,15,939,6,1,1,0,Charlie Austin,1989-07-05,Attack,Centre-Forward,188.0,right,2016-09-01,27.0,13000000.0
129627,2017,24,1030,7,0,2,0,Charlie Austin,1989-07-05,Attack,Centre-Forward,188.0,right,2017-09-01,28.0,10000000.0
129627,2018,25,980,2,2,1,0,Charlie Austin,1989-07-05,Attack,Centre-Forward,188.0,right,2018-09-01,29.0,8000000.0
130108,2013,29,1805,3,0,5,0,Pajtim Kasami,1992-06-02,Midfield,Central Midfield,188.0,left,2013-09-01,21.0,3500000.0
130756,2015,14,1260,2,0,4,0,Giannelli Imbula,1992-09-12,Midfield,Defensive Midfield,186.0,left,2015-09-01,22.0,18000000.0
130765,2018,29,1432,3,2,2,0,Stuart Armstrong,1992-03-30,Midfield,Central Midfield,183.0,right,2018-09-01,26.0,8000000.0
130765,2019,30,1717,5,3,4,0,Stuart Armstrong,1992-03-30,Midfield,Central Midfield,183.0,right,2019-09-01,27.0,6500000.0
130765,2020,33,2774,4,5,3,0,Stuart Armstrong,1992-03-30,Midfield,Central Midfield,183.0,right,2020-09-01,28.0,8000000.0
130765,2021,25,1470,2,1,1,0,Stuart Armstrong,1992-03-30,Midfield,Central Midfield,183.0,right,2021-09-01,29.0,6000000.0
130765,2022,32,1405,2,1,6,0,Stuart Armstrong,1992-03-30,Midfield,Central Midfield,183.0,right,2022-09-01,30.0,4500000.0
131505,2020,26,1288,7,2,3,0,Rodrigo,1991-03-06,Attack,Centre-Forward,182.0,left,2020-09-01,29.0,18000000.0
131505,2021,31,2270,6,1,9,0,Rodrigo,1991-03-06,Attack,Centre-Forward,182.0,left,2021-09-01,30.0,12000000.0
131505,2022,31,1943,13,1,6,0,Rodrigo,1991-03-06,Attack,Centre-Forward,182.0,left,2022-09-01,31.0,6000000.0
131789,2015,31,1983,10,8,1,0,Roberto Firmino,1991-10-02,Attack,Centre-Forward,181.0,right,2015-09-01,23.0,35000000.0
131789,2016,35,3069,11,10,5,0,Roberto Firmino,1991-10-02,Attack,Centre-Forward,181.0,right,2016-09-01,24.0,38000000.0
131789,2017,37,2778,15,7,1,0,Roberto Firmino,1991-10-02,Attack,Centre-Forward,181.0,right,2017-09-01,25.0,80000000.0
131789,2018,34,2620,12,7,0,0,Roberto Firmino,1991-10-02,Attack,Centre-Forward,181.0,right,2018-09-01,26.0,80000000.0
131789,2019,38,3004,9,8,0,0,Roberto Firmino,1991-10-02,Attack,Centre-Forward,181.0,right,2019-09-01,27.0,72000000.0
131789,2020,36,2852,9,7,2,0,Roberto Firmino,1991-10-02,Attack,Centre-Forward,181.0,right,2020-09-01,28.0,50000000.0
131789,2021,20,985,5,4,3,0,Roberto Firmino,1991-10-02,Attack,Centre-Forward,181.0,right,2021-09-01,29.0,32000000.0
131789,2022,25,1212,11,4,0,0,Roberto Firmino,1991-10-02,Attack,Centre-Forward,181.0,right,2022-09-01,30.0,18000000.0
131978,2013,34,2288,6,2,5,0,Ross Barkley,1993-12-05,Midfield,Central Midfield,189.0,right,2013-09-01,19.0,11000000.0
131978,2014,29,1963,2,2,1,0,Ross Barkley,1993-12-05,Midfield,Central Midfield,189.0,right,2014-09-01,20.0,16000000.0
131978,2015,38,3086,8,8,4,0,Ross Barkley,1993-12-05,Midfield,Central Midfield,189.0,right,2015-09-01,21.0,22000000.0
131978,2016,36,2907,5,9,5,0,Ross Barkley,1993-12-05,Midfield,Central Midfield,189.0,right,2016-09-01,22.0,25000000.0
131978,2018,27,1241,3,5,1,0,Ross Barkley,1993-12-05,Midfield,Central Midfield,189.0,right,2018-09-01,24.0,30000000.0
131978,2019,21,1104,1,4,0,0,Ross Barkley,1993-12-05,Midfield,Central Midfield,189.0,right,2019-09-01,25.0,21500000.0
131978,2020,26,1577,3,1,0,0,Ross Barkley,1993-12-05,Midfield,Central Midfield,189.0,right,2020-09-01,26.0,20000000.0
131978,2023,32,2622,5,4,6,0,Ross Barkley,1993-12-05,Midfield,Central Midfield,189.0,right,2023-09-01,29.0,8000000.0
131996,2020,36,2335,7,7,1,0,Bertrand Traoré,1995-09-06,Attack,Right Winger,181.0,left,2020-09-01,24.0,20000000.0
132098,2014,34,2583,21,5,4,0,Harry Kane,1993-07-28,Attack,Centre-Forward,188.0,right,2014-09-01,21.0,15000000.0
132098,2015,38,3370,25,1,5,0,Harry Kane,1993-07-28,Attack,Centre-Forward,188.0,right,2015-09-01,22.0,40000000.0
132098,2016,30,2536,29,7,3,0,Harry Kane,1993-07-28,Attack,Centre-Forward,188.0,right,2016-09-01,23.0,60000000.0
132098,2017,37,3083,30,3,5,0,Harry Kane,1993-07-28,Attack,Centre-Forward,188.0,right,2017-09-01,24.0,150000000.0
132098,2018,28,2427,17,4,5,0,Harry Kane,1993-07-28,Attack,Centre-Forward,188.0,right,2018-09-01,25.0,150000000.0
132098,2019,29,2590,18,2,4,0,Harry Kane,1993-07-28,Attack,Centre-Forward,188.0,right,2019-09-01,26.0,120000000.0
132098,2020,35,3086,23,14,1,0,Harry Kane,1993-07-28,Attack,Centre-Forward,188.0,right,2020-09-01,27.0,120000000.0
132098,2021,37,3232,17,9,5,0,Harry Kane,1993-07-28,Attack,Centre-Forward,188.0,right,2021-09-01,28.0,90000000.0
132098,2022,38,3408,30,3,6,0,Harry Kane,1993-07-28,Attack,Centre-Forward,188.0,right,2022-09-01,29.0,90000000.0
133179,2016,33,2777,4,0,8,0,Marten de Roon,1991-03-29,Midfield,Defensive Midfield,186.0,right,2016-09-01,25.0,10000000.0
134270,2019,34,2881,0,0,5,0,Dan Burn,1992-05-09,Defender,Centre-Back,201.0,left,2019-09-01,27.0,4000000.0
134270,2020,27,2059,1,0,5,0,Dan Burn,1992-05-09,Defender,Centre-Back,201.0,left,2020-09-01,28.0,5000000.0
134270,2021,29,2462,1,1,8,0,Dan Burn,1992-05-09,Defender,Centre-Back,201.0,left,2021-09-01,29.0,12000000.0
134270,2022,38,3116,1,0,5,0,Dan Burn,1992-05-09,Defender,Centre-Back,201.0,left,2022-09-01,30.0,10000000.0
134270,2023,33,2732,2,2,4,0,Dan Burn,1992-05-09,Defender,Centre-Back,201.0,left,2023-09-01,31.0,8000000.0
134270,2024,37,3330,1,1,11,0,Dan Burn,1992-05-09,Defender,Centre-Back,201.0,left,2024-09-01,32.0,6000000.0
134270,2025,29,2199,1,3,9,0,Dan Burn,1992-05-09,Defender,Centre-Back,201.0,left,2025-09-01,33.0,4000000.0
134294,2018,24,1666,7,3,1,0,Danny Ings,1992-07-23,Attack,Centre-Forward,177.0,right,2018-09-01,26.0,15000000.0
134294,2019,38,2814,22,2,3,0,Danny Ings,1992-07-23,Attack,Centre-Forward,177.0,right,2019-09-01,27.0,17500000.0
134294,2020,29,2185,12,4,1,0,Danny Ings,1992-07-23,Attack,Centre-Forward,177.0,right,2020-09-01,28.0,22000000.0
134294,2021,30,1905,7,6,4,0,Danny Ings,1992-07-23,Attack,Centre-Forward,177.0,right,2021-09-01,29.0,20000000.0
134294,2022,35,1589,8,2,4,0,Danny Ings,1992-07-23,Attack,Centre-Forward,177.0,right,2022-09-01,30.0,12000000.0
134425,2012,24,1748,2,6,1,0,Raheem Sterling,1994-12-08,Attack,Right Winger,170.0,right,2012-09-01,17.0,11500000.0
134425,2013,33,2221,9,7,3,0,Raheem Sterling,1994-12-08,Attack,Right Winger,170.0,right,2013-09-01,18.0,13000000.0
134425,2014,35,3053,7,8,5,0,Raheem Sterling,1994-12-08,Attack,Right Winger,170.0,right,2014-09-01,19.0,30000000.0
134425,2015,31,1924,6,2,1,0,Raheem Sterling,1994-12-08,Attack,Right Winger,170.0,right,2015-09-01,20.0,45000000.0
134425,2016,33,2515,7,10,7,0,Raheem Sterling,1994-12-08,Attack,Right Winger,170.0,right,2016-09-01,21.0,45000000.0
134425,2017,33,2594,18,15,5,0,Raheem Sterling,1994-12-08,Attack,Right Winger,170.0,right,2017-09-01,22.0,90000000.0
134425,2018,34,2777,17,11,3,0,Raheem Sterling,1994-12-08,Attack,Right Winger,170.0,right,2018-09-01,23.0,140000000.0
134425,2019,33,2660,20,4,5,0,Raheem Sterling,1994-12-08,Attack,Right Winger,170.0,right,2019-09-01,24.0,128000000.0
134425,2020,31,2536,10,8,4,0,Raheem Sterling,1994-12-08,Attack,Right Winger,170.0,right,2020-09-01,25.0,90000000.0
134425,2021,30,2127,13,6,1,0,Raheem Sterling,1994-12-08,Attack,Right Winger,170.0,right,2021-09-01,26.0,70000000.0
134425,2022,28,1902,6,3,4,0,Raheem Sterling,1994-12-08,Attack,Right Winger,170.0,right,2022-09-01,27.0,55000000.0
134425,2023,31,1983,8,4,7,0,Raheem Sterling,1994-12-08,Attack,Right Winger,170.0,right,2023-09-01,28.0,35000000.0
135057,2017,28,1537,1,2,2,0,André Carrillo,1991-06-14,Midfield,Central Midfield,180.0,right,2017-09-01,26.0,6000000.0
135343,2018,24,2004,4,1,12,0,Fabian Schär,1991-12-20,Defender,Centre-Back,186.0,right,2018-09-01,26.0,8000000.0
135343,2019,22,1672,2,0,5,0,Fabian Schär,1991-12-20,Defender,Centre-Back,186.0,right,2019-09-01,27.0,13000000.0
135343,2020,18,1245,1,0,4,1,Fabian Schär,1991-12-20,Defender,Centre-Back,186.0,right,2020-09-01,28.0,9000000.0
135343,2021,25,2161,2,2,4,0,Fabian Schär,1991-12-20,Defender,Centre-Back,186.0,right,2021-09-01,29.0,7000000.0
135343,2022,36,3210,1,3,7,0,Fabian Schär,1991-12-20,Defender,Centre-Back,186.0,right,2022-09-01,30.0,10000000.0
135343,2023,36,3056,4,1,5,0,Fabian Schär,1991-12-20,Defender,Centre-Back,186.0,right,2023-09-01,31.0,10000000.0
135343,2024,34,2938,4,0,9,1,Fabian Schär,1991-12-20,Defender,Centre-Back,186.0,right,2024-09-01,32.0,7000000.0
135343,2025,16,1091,0,0,1,0,Fabian Schär,1991-12-20,Defender,Centre-Back,186.0,right,2025-09-01,33.0,4000000.0
135853,2015,26,1919,6,2,3,0,Manuel Lanzini,1993-02-15,Midfield,Attacking Midfield,170.0,right,2015-09-01,22.0,9000000.0
135853,2016,35,2714,8,2,9,0,Manuel Lanzini,1993-02-15,Midfield,Attacking Midfield,170.0,right,2016-09-01,23.0,15000000.0
135853,2017,27,2048,5,7,4,0,Manuel Lanzini,1993-02-15,Midfield,Attacking Midfield,170.0,right,2017-09-01,24.0,20000000.0
135853,2019,24,1378,0,3,1,0,Manuel Lanzini,1993-02-15,Midfield,Attacking Midfield,170.0,right,2019-09-01,26.0,16000000.0
135853,2021,30,1788,5,3,2,0,Manuel Lanzini,1993-02-15,Midfield,Attacking Midfield,170.0,right,2021-09-01,28.0,12000000.0
136589,2012,14,940,0,1,6,0,Samba Diakité,1989-01-24,Midfield,Defensive Midfield,186.0,right,2012-09-01,23.0,3000000.0
136610,2016,18,1577,0,0,6,0,Papy Djilobodji,1988-12-01,Defender,Centre-Back,193.0,left,2016-09-01,27.0,5000000.0
137616,2020,16,1319,0,1,4,0,Okay Yokuşlu,1994-03-09,Midfield,Defensive Midfield,190.0,right,2020-09-01,26.0,7500000.0
137745,2021,18,1453,0,0,3,0,Marçal,1989-02-19,Defender,Left-Back,178.0,left,2021-09-01,32.0,1500000.0
139208,2015,34,3060,3,0,2,0,Virgil van Dijk,1991-07-08,Defender,Centre-Back,195.0,right,2015-09-01,24.0,12000000.0
139208,2016,21,1854,1,0,5,0,Virgil van Dijk,1991-07-08,Defender,Centre-Back,195.0,right,2016-09-01,25.0,30000000.0
139208,2017,26,2253,0,0,1,0,Virgil van Dijk,1991-07-08,Defender,Centre-Back,195.0,right,2017-09-01,26.0,50000000.0
139208,2018,38,3385,4,2,1,0,Virgil van Dijk,1991-07-08,Defender,Centre-Back,195.0,right,2018-09-01,27.0,90000000.0
139208,2019,38,3420,5,1,1,0,Virgil van Dijk,1991-07-08,Defender,Centre-Back,195.0,right,2019-09-01,28.0,80000000.0
139208,2021,34,3060,3,4,3,0,Virgil van Dijk,1991-07-08,Defender,Centre-Back,195.0,right,2021-09-01,30.0,55000000.0
139208,2022,32,2835,3,1,3,0,Virgil van Dijk,1991-07-08,Defender,Centre-Back,195.0,right,2022-09-01,31.0,35000000.0
139208,2023,36,3178,2,2,3,1,Virgil van Dijk,1991-07-08,Defender,Centre-Back,195.0,right,2023-09-01,32.0,30000000.0
139208,2024,37,3330,3,1,5,0,Virgil van Dijk,1991-07-08,Defender,Centre-Back,195.0,right,2024-09-01,33.0,23000000.0
139208,2025,38,3420,6,0,4,0,Virgil van Dijk,1991-07-08,Defender,Centre-Back,195.0,right,2025-09-01,34.0,15000000.0
139503,2014,32,2105,4,4,2,0,Enner Valencia,1989-11-04,Attack,Centre-Forward,177.0,right,2014-09-01,24.0,10000000.0
139503,2015,19,1009,4,2,1,0,Enner Valencia,1989-11-04,Attack,Centre-Forward,177.0,right,2015-09-01,25.0,11000000.0
139503,2016,24,921,3,2,1,0,Enner Valencia,1989-11-04,Attack,Centre-Forward,177.0,right,2016-09-01,26.0,10000000.0
140191,2018,15,1086,1,0,5,0,Ryan Fredericks,1992-10-10,Defender,Right-Back,181.0,right,2018-09-01,25.0,5000000.0
140191,2019,27,2237,0,3,7,0,Ryan Fredericks,1992-10-10,Defender,Right-Back,181.0,right,2019-09-01,26.0,4000000.0
141660,2015,25,1635,4,1,4,0,Jesse Lingard,1992-12-15,Midfield,Attacking Midfield,174.0,right,2015-09-01,22.0,5000000.0
141660,2016,25,1366,1,2,3,0,Jesse Lingard,1992-12-15,Midfield,Attacking Midfield,174.0,right,2016-09-01,23.0,12000000.0
141660,2017,33,1824,8,6,2,0,Jesse Lingard,1992-12-15,Midfield,Attacking Midfield,174.0,right,2017-09-01,24.0,35000000.0
141660,2018,27,1670,4,3,3,0,Jesse Lingard,1992-12-15,Midfield,Attacking Midfield,174.0,right,2018-09-01,25.0,40000000.0
141660,2019,22,932,1,0,3,0,Jesse Lingard,1992-12-15,Midfield,Attacking Midfield,174.0,right,2019-09-01,26.0,17500000.0
141660,2020,16,1425,9,5,3,0,Jesse Lingard,1992-12-15,Midfield,Attacking Midfield,174.0,right,2020-09-01,27.0,22000000.0
141660,2022,17,927,0,0,1,0,Jesse Lingard,1992-12-15,Midfield,Attacking Midfield,174.0,right,2022-09-01,29.0,8000000.0
142310,2018,36,3169,4,0,2,1,Willy Boly,1991-02-03,Defender,Centre-Back,195.0,right,2018-09-01,27.0,12000000.0
142310,2019,22,1980,0,1,3,0,Willy Boly,1991-02-03,Defender,Centre-Back,195.0,right,2019-09-01,28.0,14500000.0
142310,2020,21,1880,1,1,2,0,Willy Boly,1991-02-03,Defender,Centre-Back,195.0,right,2020-09-01,29.0,14000000.0
142310,2021,10,900,0,0,1,0,Willy Boly,1991-02-03,Defender,Centre-Back,195.0,right,2021-09-01,30.0,6000000.0
142310,2023,20,1443,2,1,3,0,Willy Boly,1991-02-03,Defender,Centre-Back,195.0,right,2023-09-01,32.0,2500000.0
143424,2012,25,1062,1,5,1,0,Alex Oxlade-Chamberlain,1993-08-15,Midfield,Central Midfield,180.0,right,2012-09-01,19.0,15000000.0
143424,2014,23,1495,1,1,4,0,Alex Oxlade-Chamberlain,1993-08-15,Midfield,Central Midfield,180.0,right,2014-09-01,21.0,18000000.0
143424,2015,22,924,1,1,0,0,Alex Oxlade-Chamberlain,1993-08-15,Midfield,Central Midfield,180.0,right,2015-09-01,22.0,20000000.0
143424,2016,29,1562,2,7,1,0,Alex Oxlade-Chamberlain,1993-08-15,Midfield,Central Midfield,180.0,right,2016-09-01,23.0,22000000.0
143424,2017,35,1726,3,7,3,0,Alex Oxlade-Chamberlain,1993-08-15,Midfield,Central Midfield,180.0,right,2017-09-01,24.0,40000000.0
143424,2019,30,1493,4,1,1,0,Alex Oxlade-Chamberlain,1993-08-15,Midfield,Central Midfield,180.0,right,2019-09-01,26.0,28000000.0
143559,2012,21,1822,0,0,1,0,Matija Nastasić,1993-03-28,Defender,Centre-Back,187.0,left,2012-09-01,19.0,17000000.0
143559,2013,13,1027,0,1,4,0,Matija Nastasić,1993-03-28,Defender,Centre-Back,187.0,left,2013-09-01,20.0,21000000.0
144028,2019,31,2013,5,3,0,0,Leandro Trossard,1994-12-04,Attack,Left Winger,172.0,right,2019-09-01,24.0,13000000.0
144028,2020,35,2618,5,5,2,0,Leandro Trossard,1994-12-04,Attack,Left Winger,172.0,right,2020-09-01,25.0,17000000.0
144028,2021,34,2809,8,3,2,0,Leandro Trossard,1994-12-04,Attack,Left Winger,172.0,right,2021-09-01,26.0,20000000.0
144028,2022,36,2257,8,13,1,0,Leandro Trossard,1994-12-04,Attack,Left Winger,172.0,right,2022-09-01,27.0,35000000.0
144028,2023,34,1646,12,1,2,0,Leandro Trossard,1994-12-04,Attack,Left Winger,172.0,right,2023-09-01,28.0,35000000.0
144028,2024,38,2551,8,8,4,0,Leandro Trossard,1994-12-04,Attack,Left Winger,172.0,right,2024-09-01,29.0,22000000.0
144028,2025,31,2008,6,6,2,0,Leandro Trossard,1994-12-04,Attack,Left Winger,172.0,right,2025-09-01,30.0,18000000.0
144303,2014,19,932,2,1,0,0,Lazar Markovic,1994-03-02,Attack,Right Winger,175.0,right,2014-09-01,20.0,17000000.0
144303,2016,12,1012,2,0,4,0,Lazar Markovic,1994-03-02,Attack,Right Winger,175.0,right,2016-09-01,22.0,10000000.0
145466,2018,26,2049,0,0,1,0,Tim Ream,1987-10-05,Defender,Centre-Back,186.0,left,2018-09-01,30.0,4000000.0
145466,2022,33,2900,1,0,2,0,Tim Ream,1987-10-05,Defender,Centre-Back,186.0,left,2022-09-01,34.0,1000000.0
145466,2023,18,1505,1,0,4,0,Tim Ream,1987-10-05,Defender,Centre-Back,186.0,left,2023-09-01,35.0,800000.0
145707,2017,23,1341,3,1,2,0,Danilo,1991-07-15,Defender,Centre-Back,184.0,right,2017-09-01,26.0,20000000.0
145922,2013,23,1897,1,2,3,0,Jon Flanagan,1993-01-01,Defender,Right-Back,181.0,right,2013-09-01,20.0,1000000.0
145988,2014,31,1982,4,2,1,0,Wilfried Zaha,1992-11-10,Attack,Left Winger,180.0,right,2014-09-01,21.0,6000000.0
145988,2015,34,2492,2,5,5,0,Wilfried Zaha,1992-11-10,Attack,Left Winger,180.0,right,2015-09-01,22.0,8000000.0
145988,2016,35,3025,7,11,8,0,Wilfried Zaha,1992-11-10,Attack,Left Winger,180.0,right,2016-09-01,23.0,18000000.0
145988,2017,29,2551,9,5,5,0,Wilfried Zaha,1992-11-10,Attack,Left Winger,180.0,right,2017-09-01,24.0,30000000.0
145988,2018,34,3043,10,10,10,0,Wilfried Zaha,1992-11-10,Attack,Left Winger,180.0,right,2018-09-01,25.0,45000000.0
145988,2019,38,3280,4,4,5,0,Wilfried Zaha,1992-11-10,Attack,Left Winger,180.0,right,2019-09-01,26.0,44000000.0
145988,2020,30,2614,11,2,6,0,Wilfried Zaha,1992-11-10,Attack,Left Winger,180.0,right,2020-09-01,27.0,45000000.0
145988,2021,33,2762,14,1,6,0,Wilfried Zaha,1992-11-10,Attack,Left Winger,180.0,right,2021-09-01,28.0,38000000.0
145988,2022,27,2294,7,2,5,0,Wilfried Zaha,1992-11-10,Attack,Left Winger,180.0,right,2022-09-01,29.0,22000000.0
146164,2018,29,1413,1,3,3,0,Max Meyer,1995-09-18,Midfield,Attacking Midfield,173.0,right,2018-09-01,22.0,15000000.0
146258,2019,19,1501,2,2,0,0,Jetro Willems,1994-03-30,Defender,Centre-Back,177.0,left,2019-09-01,25.0,5500000.0
146310,2023,29,1720,1,0,10,0,Wataru Endo,1993-02-09,Midfield,Defensive Midfield,178.0,right,2023-09-01,30.0,13000000.0
146509,2020,25,2235,0,2,0,0,Conor Townsend,1993-03-04,Defender,Left-Back,183.0,left,2020-09-01,27.0,2000000.0
146690,2019,38,3420,2,4,7,0,George Baldock,1993-03-09,Defender,Right-Back,178.0,right,2019-09-01,26.0,4800000.0
146690,2020,32,2789,0,2,7,0,George Baldock,1993-03-09,Defender,Right-Back,178.0,right,2020-09-01,27.0,5000000.0
146690,2023,13,970,0,1,4,0,George Baldock,1993-03-09,Defender,Right-Back,178.0,right,2023-09-01,30.0,2500000.0
146795,2016,28,1767,3,8,3,0,Ryan Fraser,1994-02-24,Attack,Left Winger,163.0,right,2016-09-01,22.0,5000000.0
146795,2017,26,2010,5,3,0,0,Ryan Fraser,1994-02-24,Attack,Left Winger,163.0,right,2017-09-01,23.0,6000000.0
146795,2018,38,3173,7,14,2,0,Ryan Fraser,1994-02-24,Attack,Left Winger,163.0,right,2018-09-01,24.0,30000000.0
146795,2019,28,2063,1,4,2,0,Ryan Fraser,1994-02-24,Attack,Left Winger,163.0,right,2019-09-01,25.0,17500000.0
146795,2020,18,927,0,3,2,0,Ryan Fraser,1994-02-24,Attack,Left Winger,163.0,right,2020-09-01,26.0,10000000.0
146795,2021,27,1472,2,3,3,0,Ryan Fraser,1994-02-24,Attack,Left Winger,163.0,right,2021-09-01,27.0,10000000.0
147094,2017,32,1987,5,4,3,0,José Izquierdo,1992-07-07,Attack,Left Winger,171.0,right,2017-09-01,25.0,14000000.0
148153,2017,38,3420,1,1,7,0,Lewis Dunk,1991-11-21,Defender,Centre-Back,192.0,right,2017-09-01,25.0,10000000.0
148153,2018,36,3153,2,1,7,0,Lewis Dunk,1991-11-21,Defender,Centre-Back,192.0,right,2018-09-01,26.0,12000000.0
148153,2019,36,3231,3,3,9,0,Lewis Dunk,1991-11-21,Defender,Centre-Back,192.0,right,2019-09-01,27.0,16000000.0
148153,2020,33,2933,5,0,5,2,Lewis Dunk,1991-11-21,Defender,Centre-Back,192.0,right,2020-09-01,28.0,25000000.0
148153,2021,29,2574,1,0,3,1,Lewis Dunk,1991-11-21,Defender,Centre-Back,192.0,right,2021-09-01,29.0,20000000.0
148153,2022,36,3240,1,0,4,0,Lewis Dunk,1991-11-21,Defender,Centre-Back,192.0,right,2022-09-01,30.0,16000000.0
148153,2023,33,2872,3,1,7,1,Lewis Dunk,1991-11-21,Defender,Centre-Back,192.0,right,2023-09-01,31.0,12000000.0
148153,2024,25,2083,0,0,5,0,Lewis Dunk,1991-11-21,Defender,Centre-Back,192.0,right,2024-09-01,32.0,6000000.0
148153,2025,33,2837,1,0,10,0,Lewis Dunk,1991-11-21,Defender,Centre-Back,192.0,right,2025-09-01,33.0,3500000.0
148252,2022,28,2165,0,0,4,0,Remo Freuler,1992-04-15,Midfield,Central Midfield,181.0,right,2022-09-01,30.0,8000000.0
148262,2016,32,2695,2,1,6,1,Jeff Hendrick,1992-01-31,Midfield,Central Midfield,185.0,right,2016-09-01,24.0,6000000.0
148262,2017,34,2339,2,2,1,0,Jeff Hendrick,1992-01-31,Midfield,Central Midfield,185.0,right,2017-09-01,25.0,10000000.0
148262,2018,32,2070,3,0,4,0,Jeff Hendrick,1992-01-31,Midfield,Central Midfield,185.0,right,2018-09-01,26.0,10000000.0
148262,2019,24,1935,2,2,8,0,Jeff Hendrick,1992-01-31,Midfield,Central Midfield,185.0,right,2019-09-01,27.0,9000000.0
148262,2020,22,1425,2,1,3,0,Jeff Hendrick,1992-01-31,Midfield,Central Midfield,185.0,right,2020-09-01,28.0,9000000.0
148367,2021,35,3059,3,4,8,0,Christian Nørgaard,1994-03-10,Midfield,Defensive Midfield,187.0,right,2021-09-01,27.0,14000000.0
148367,2022,22,1770,1,4,6,0,Christian Nørgaard,1994-03-10,Midfield,Defensive Midfield,187.0,right,2022-09-01,28.0,16000000.0
148367,2023,31,2514,2,1,8,0,Christian Nørgaard,1994-03-10,Midfield,Defensive Midfield,187.0,right,2023-09-01,29.0,18000000.0
148367,2024,34,2830,5,4,8,1,Christian Nørgaard,1994-03-10,Midfield,Defensive Midfield,187.0,right,2024-09-01,30.0,11000000.0
148368,2016,34,1460,7,4,0,0,Divock Origi,1995-04-18,Attack,Centre-Forward,189.0,right,2016-09-01,21.0,12000000.0
148455,2017,36,2920,32,11,1,0,Mohamed Salah,1992-06-15,Attack,Right Winger,175.0,left,2017-09-01,25.0,150000000.0
148455,2018,38,3261,22,10,1,0,Mohamed Salah,1992-06-15,Attack,Right Winger,175.0,left,2018-09-01,26.0,150000000.0
148455,2019,34,2888,19,10,1,0,Mohamed Salah,1992-06-15,Attack,Right Winger,175.0,left,2019-09-01,27.0,120000000.0
148455,2020,37,3082,22,5,0,0,Mohamed Salah,1992-06-15,Attack,Right Winger,175.0,left,2020-09-01,28.0,100000000.0
148455,2021,35,2762,23,14,1,0,Mohamed Salah,1992-06-15,Attack,Right Winger,175.0,left,2021-09-01,29.0,90000000.0
148455,2022,38,3297,19,12,2,0,Mohamed Salah,1992-06-15,Attack,Right Winger,175.0,left,2022-09-01,30.0,65000000.0
148455,2023,32,2536,18,10,2,0,Mohamed Salah,1992-06-15,Attack,Right Winger,175.0,left,2023-09-01,31.0,55000000.0
148455,2024,38,3380,29,18,1,0,Mohamed Salah,1992-06-15,Attack,Right Winger,175.0,left,2024-09-01,32.0,50000000.0
148455,2025,27,2150,7,7,1,0,Mohamed Salah,1992-06-15,Attack,Right Winger,175.0,left,2025-09-01,33.0,22000000.0
149237,2017,33,2426,3,1,3,1,Anthony Knockaert,1991-11-20,Attack,Right Winger,172.0,left,2017-09-01,25.0,8000000.0
149237,2018,30,1832,2,6,4,1,Anthony Knockaert,1991-11-20,Attack,Right Winger,172.0,left,2018-09-01,26.0,8000000.0
149498,2015,21,1761,1,0,4,1,Gabriel Paulista,1990-11-26,Defender,Centre-Back,185.0,right,2015-09-01,24.0,12000000.0
149498,2016,19,1516,0,0,6,0,Gabriel Paulista,1990-11-26,Defender,Centre-Back,185.0,right,2016-09-01,25.0,13000000.0
149716,2020,36,2477,3,0,2,0,Ivan Cavaleiro,1993-10-18,Attack,Left Winger,175.0,right,2020-09-01,26.0,7000000.0
149729,2017,13,1026,2,1,0,0,João Mário,1993-01-19,Midfield,Attacking Midfield,179.0,right,2017-09-01,24.0,25000000.0
152651,2017,13,1047,0,0,0,0,Terence Kongolo,1994-02-14,Defender,Centre-Back,188.0,left,2017-09-01,23.0,10000000.0
152651,2018,32,2722,1,1,4,0,Terence Kongolo,1994-02-14,Defender,Centre-Back,188.0,left,2018-09-01,24.0,15000000.0
156501,2022,16,1419,0,1,4,0,Felipe,1989-05-16,Defender,Centre-Back,190.0,right,2022-09-01,33.0,2000000.0
156941,2019,34,2456,5,3,5,0,John Lundstram,1994-02-18,Midfield,Defensive Midfield,181.0,right,2019-09-01,25.0,8000000.0
156941,2020,28,2032,0,2,8,1,John Lundstram,1994-02-18,Midfield,Defensive Midfield,181.0,right,2020-09-01,26.0,7000000.0
157368,2017,33,2457,2,0,0,0,Tom Ince,1992-01-30,Attack,Right Winger,178.0,left,2017-09-01,25.0,8000000.0
157495,2018,10,900,0,5,1,0,Benjamin Mendy,1994-07-17,Defender,Left-Back,185.0,left,2018-09-01,24.0,35000000.0
157495,2019,19,1496,0,2,3,0,Benjamin Mendy,1994-07-17,Defender,Left-Back,185.0,left,2019-09-01,25.0,28000000.0
157495,2020,13,955,2,1,2,0,Benjamin Mendy,1994-07-17,Defender,Left-Back,185.0,left,2020-09-01,26.0,20000000.0
157501,2016,16,1254,2,2,2,0,M'Baye Niang,1994-12-19,Attack,Centre-Forward,188.0,right,2016-09-01,21.0,15000000.0
157506,2014,32,2539,3,2,4,0,Jeffrey Schlupp,1992-12-23,Midfield,Left Midfield,178.0,left,2014-09-01,21.0,3000000.0
157506,2015,24,1382,1,3,4,0,Jeffrey Schlupp,1992-12-23,Midfield,Left Midfield,178.0,left,2015-09-01,22.0,7000000.0
157506,2016,19,1137,0,1,0,0,Jeffrey Schlupp,1992-12-23,Midfield,Left Midfield,178.0,left,2016-09-01,23.0,8000000.0
157506,2017,24,1748,0,1,3,0,Jeffrey Schlupp,1992-12-23,Midfield,Left Midfield,178.0,left,2017-09-01,24.0,9000000.0
157506,2018,30,1666,4,2,1,0,Jeffrey Schlupp,1992-12-23,Midfield,Left Midfield,178.0,left,2018-09-01,25.0,10000000.0
157506,2019,17,1035,3,2,2,0,Jeffrey Schlupp,1992-12-23,Midfield,Left Midfield,178.0,left,2019-09-01,26.0,9500000.0
157506,2020,27,1426,2,3,3,0,Jeffrey Schlupp,1992-12-23,Midfield,Left Midfield,178.0,left,2020-09-01,27.0,9000000.0
157506,2021,32,1846,4,2,1,0,Jeffrey Schlupp,1992-12-23,Midfield,Left Midfield,178.0,left,2021-09-01,28.0,8000000.0
157506,2022,34,2547,3,1,7,0,Jeffrey Schlupp,1992-12-23,Midfield,Left Midfield,178.0,left,2022-09-01,29.0,7000000.0
157506,2023,29,1354,2,2,1,0,Jeffrey Schlupp,1992-12-23,Midfield,Left Midfield,178.0,left,2023-09-01,30.0,7000000.0
157509,2015,23,1918,1,0,0,0,Kurt Zouma,1994-10-27,Defender,Centre-Back,190.0,right,2015-09-01,20.0,17000000.0
157509,2017,34,2888,1,0,1,0,Kurt Zouma,1994-10-27,Defender,Centre-Back,190.0,right,2017-09-01,22.0,15000000.0
157509,2018,32,2613,2,2,5,0,Kurt Zouma,1994-10-27,Defender,Centre-Back,190.0,right,2018-09-01,23.0,25000000.0
157509,2019,28,2343,0,0,6,0,Kurt Zouma,1994-10-27,Defender,Centre-Back,190.0,right,2019-09-01,24.0,28000000.0
157509,2020,24,2027,5,0,3,0,Kurt Zouma,1994-10-27,Defender,Centre-Back,190.0,right,2020-09-01,25.0,32000000.0
157509,2021,24,2080,1,0,1,0,Kurt Zouma,1994-10-27,Defender,Centre-Back,190.0,right,2021-09-01,26.0,28000000.0
157509,2022,25,1990,2,0,0,0,Kurt Zouma,1994-10-27,Defender,Centre-Back,190.0,right,2022-09-01,27.0,22000000.0
157509,2023,33,2839,3,0,3,0,Kurt Zouma,1994-10-27,Defender,Centre-Back,190.0,right,2023-09-01,28.0,25000000.0
157672,2020,34,3055,0,7,3,0,Vladimír Coufal,1992-08-22,Defender,Right-Back,175.0,right,2020-09-01,28.0,12000000.0
157672,2021,28,2211,0,4,5,0,Vladimír Coufal,1992-08-22,Defender,Right-Back,175.0,right,2021-09-01,29.0,12000000.0
157672,2022,27,2139,0,1,5,0,Vladimír Coufal,1992-08-22,Defender,Right-Back,175.0,right,2022-09-01,30.0,9000000.0
157672,2023,36,3139,0,7,7,0,Vladimír Coufal,1992-08-22,Defender,Right-Back,175.0,right,2023-09-01,31.0,8000000.0
157672,2024,22,1061,0,0,5,0,Vladimír Coufal,1992-08-22,Defender,Right-Back,175.0,right,2024-09-01,32.0,5000000.0
158623,2018,28,1945,0,2,7,0,Cyrus Christie,1992-09-30,Defender,Right-Back,188.0,right,2018-09-01,25.0,3500000.0
158764,2020,38,3411,8,2,7,0,Stuart Dallas,1991-04-19,Defender,Right-Back,183.0,right,2020-09-01,29.0,4000000.0
158764,2021,34,2922,1,1,5,0,Stuart Dallas,1991-04-19,Defender,Right-Back,183.0,right,2021-09-01,30.0,4000000.0
159372,2018,36,3053,9,4,3,0,Felipe Anderson,1993-04-15,Attack,Left Winger,175.0,right,2018-09-01,25.0,40000000.0
159372,2019,25,1505,1,4,1,0,Felipe Anderson,1993-04-15,Attack,Left Winger,175.0,right,2019-09-01,26.0,32000000.0
159692,2017,15,1309,0,0,4,0,Moritz Bauer,1992-01-25,Defender,Right-Back,181.0,right,2017-09-01,25.0,5000000.0
160438,2020,23,1542,1,0,3,0,Mohamed Elneny,1992-07-11,Midfield,Defensive Midfield,179.0,right,2020-09-01,28.0,10000000.0
161869,2019,25,1821,0,4,3,0,Djibril Sidibé,1992-07-29,Defender,Right-Back,183.0,right,2019-09-01,27.0,9500000.0
162029,2016,20,1428,1,0,2,0,Javier Manquillo,1994-05-05,Defender,Right-Back,178.0,right,2016-09-01,22.0,4000000.0
162029,2017,21,1759,0,1,2,0,Javier Manquillo,1994-05-05,Defender,Right-Back,178.0,right,2017-09-01,23.0,5000000.0
162029,2018,18,1099,0,3,2,0,Javier Manquillo,1994-05-05,Defender,Right-Back,178.0,right,2018-09-01,24.0,5000000.0
162029,2019,21,1599,0,1,5,0,Javier Manquillo,1994-05-05,Defender,Right-Back,178.0,right,2019-09-01,25.0,4000000.0
162029,2021,19,1262,1,2,5,0,Javier Manquillo,1994-05-05,Defender,Right-Back,178.0,right,2021-09-01,27.0,3000000.0
163744,2016,17,1469,0,1,1,0,Jack Stephens,1994-01-27,Defender,Centre-Back,185.0,right,2016-09-01,22.0,3500000.0
163744,2017,22,1980,2,0,6,1,Jack Stephens,1994-01-27,Defender,Centre-Back,185.0,right,2017-09-01,23.0,8000000.0
163744,2018,24,1697,1,1,4,0,Jack Stephens,1994-01-27,Defender,Centre-Back,185.0,right,2018-09-01,24.0,8000000.0
163744,2019,28,2453,1,3,4,1,Jack Stephens,1994-01-27,Defender,Centre-Back,185.0,right,2019-09-01,25.0,5500000.0
163744,2020,18,1539,0,0,2,0,Jack Stephens,1994-01-27,Defender,Centre-Back,185.0,right,2020-09-01,26.0,5000000.0
163744,2022,17,1218,0,0,3,0,Jack Stephens,1994-01-27,Defender,Centre-Back,185.0,right,2022-09-01,28.0,3500000.0
163744,2024,19,1394,1,0,2,2,Jack Stephens,1994-01-27,Defender,Centre-Back,185.0,right,2024-09-01,30.0,1500000.0
164770,2021,22,1829,1,1,0,0,Raphaël Varane,1993-04-25,Defender,Centre-Back,191.0,right,2021-09-01,28.0,48000000.0
164770,2022,24,1917,0,0,1,0,Raphaël Varane,1993-04-25,Defender,Centre-Back,191.0,right,2022-09-01,29.0,35000000.0
164770,2023,22,1371,1,0,2,0,Raphaël Varane,1993-04-25,Defender,Centre-Back,191.0,right,2023-09-01,30.0,20000000.0
164771,2015,25,1824,0,5,4,0,Jordan Veretout,1993-03-01,Midfield,Central Midfield,177.0,right,2015-09-01,22.0,8000000.0
165793,2020,19,1006,3,0,1,0,Takumi Minamino,1995-01-16,Attack,Left Winger,172.0,right,2020-09-01,25.0,12000000.0
166240,2018,26,1230,2,0,1,0,Jürgen Locadia,1993-11-07,Attack,Centre-Forward,193.0,right,2018-09-01,24.0,12000000.0
167268,2014,16,1026,0,0,2,0,Paddy McNair,1995-04-27,Defender,Centre-Back,189.0,right,2014-09-01,19.0,1500000.0
167799,2016,22,1299,0,0,2,0,Pierre-Emile Højbjerg,1995-08-05,Midfield,Defensive Midfield,185.0,right,2016-09-01,21.0,8000000.0
167799,2017,23,1671,0,0,6,0,Pierre-Emile Højbjerg,1995-08-05,Midfield,Defensive Midfield,185.0,right,2017-09-01,22.0,10000000.0
167799,2018,31,2764,4,4,9,1,Pierre-Emile Højbjerg,1995-08-05,Midfield,Defensive Midfield,185.0,right,2018-09-01,23.0,15000000.0
167799,2019,33,2750,0,1,5,0,Pierre-Emile Højbjerg,1995-08-05,Midfield,Defensive Midfield,185.0,right,2019-09-01,24.0,12000000.0
167799,2020,38,3420,2,4,9,0,Pierre-Emile Højbjerg,1995-08-05,Midfield,Defensive Midfield,185.0,right,2020-09-01,25.0,35000000.0
167799,2021,36,3199,2,2,3,0,Pierre-Emile Højbjerg,1995-08-05,Midfield,Defensive Midfield,185.0,right,2021-09-01,26.0,40000000.0
167799,2022,35,3133,4,5,5,0,Pierre-Emile Højbjerg,1995-08-05,Midfield,Defensive Midfield,185.0,right,2022-09-01,27.0,45000000.0
167799,2023,36,1293,0,0,4,0,Pierre-Emile Højbjerg,1995-08-05,Midfield,Defensive Midfield,185.0,right,2023-09-01,28.0,18000000.0
167850,2015,29,1475,2,1,2,0,Memphis Depay,1994-02-13,Attack,Centre-Forward,178.0,right,2015-09-01,21.0,25000000.0
168157,2018,19,1469,2,0,1,0,Leander Dendoncker,1995-04-15,Midfield,Defensive Midfield,188.0,right,2018-09-01,23.0,18000000.0
168157,2019,38,2794,4,0,5,0,Leander Dendoncker,1995-04-15,Midfield,Defensive Midfield,188.0,right,2019-09-01,24.0,22500000.0
168157,2020,33,2500,1,0,4,0,Leander Dendoncker,1995-04-15,Midfield,Defensive Midfield,188.0,right,2020-09-01,25.0,30000000.0
168157,2021,30,1948,2,2,4,0,Leander Dendoncker,1995-04-15,Midfield,Defensive Midfield,188.0,right,2021-09-01,26.0,28000000.0
168157,2022,24,902,0,0,0,0,Leander Dendoncker,1995-04-15,Midfield,Defensive Midfield,188.0,right,2022-09-01,27.0,15000000.0
169555,2018,27,1997,4,1,4,0,Callum Paterson,1994-10-13,Attack,Centre-Forward,183.0,right,2018-09-01,23.0,5000000.0
170321,2013,18,1139,1,1,1,1,Paul Dummett,1991-09-26,Defender,Centre-Back,183.0,left,2013-09-01,21.0,750000.0
170321,2014,25,2109,0,0,4,0,Paul Dummett,1991-09-26,Defender,Centre-Back,183.0,left,2014-09-01,22.0,2500000.0
170321,2015,23,1896,1,0,3,0,Paul Dummett,1991-09-26,Defender,Centre-Back,183.0,left,2015-09-01,23.0,3500000.0
170321,2017,20,1603,0,0,1,0,Paul Dummett,1991-09-26,Defender,Centre-Back,183.0,left,2017-09-01,25.0,3500000.0
170321,2018,26,1987,0,0,1,0,Paul Dummett,1991-09-26,Defender,Centre-Back,183.0,left,2018-09-01,26.0,5000000.0
170321,2019,16,1229,0,0,2,0,Paul Dummett,1991-09-26,Defender,Centre-Back,183.0,left,2019-09-01,27.0,5500000.0
170321,2020,15,1256,1,0,2,0,Paul Dummett,1991-09-26,Defender,Centre-Back,183.0,left,2020-09-01,28.0,3000000.0
170527,2020,35,2606,6,12,2,0,Timo Werner,1996-03-06,Attack,Centre-Forward,180.0,right,2020-09-01,24.0,65000000.0
170527,2021,21,1286,4,1,1,0,Timo Werner,1996-03-06,Attack,Centre-Forward,180.0,right,2021-09-01,25.0,35000000.0
170929,2014,15,1099,0,1,0,0,Massadio Haïdara,1992-12-02,Defender,Left-Back,179.0,left,2014-09-01,21.0,2000000.0
170934,2017,25,1721,1,1,2,0,Mario Lemina,1993-09-01,Midfield,Defensive Midfield,184.0,right,2017-09-01,24.0,15000000.0
170934,2018,21,1615,1,1,5,0,Mario Lemina,1993-09-01,Midfield,Defensive Midfield,184.0,right,2018-09-01,24.0,15000000.0
170934,2020,28,1705,1,1,5,0,Mario Lemina,1993-09-01,Midfield,Defensive Midfield,184.0,right,2020-09-01,27.0,10000000.0
170934,2022,19,1303,0,1,4,0,Mario Lemina,1993-09-01,Midfield,Defensive Midfield,184.0,right,2022-09-01,28.0,10000000.0
170934,2023,35,2975,4,1,12,0,Mario Lemina,1993-09-01,Midfield,Defensive Midfield,184.0,right,2023-09-01,29.0,10000000.0
170934,2024,17,1363,1,3,3,0,Mario Lemina,1993-09-01,Midfield,Defensive Midfield,184.0,right,2024-09-01,31.0,7500000.0
171424,2014,30,2082,4,3,0,0,Riyad Mahrez,1991-02-21,Attack,Right Winger,179.0,left,2014-09-01,23.0,3000000.0
171424,2015,37,3055,17,10,1,0,Riyad Mahrez,1991-02-21,Attack,Right Winger,179.0,left,2015-09-01,24.0,20000000.0
171424,2016,36,2834,6,4,4,0,Riyad Mahrez,1991-02-21,Attack,Right Winger,179.0,left,2016-09-01,25.0,30000000.0
171424,2017,36,2960,12,11,2,0,Riyad Mahrez,1991-02-21,Attack,Right Winger,179.0,left,2017-09-01,26.0,50000000.0
171424,2018,27,1339,7,4,0,0,Riyad Mahrez,1991-02-21,Attack,Right Winger,179.0,left,2018-09-01,27.0,60000000.0
171424,2019,33,1941,11,12,0,0,Riyad Mahrez,1991-02-21,Attack,Right Winger,179.0,left,2019-09-01,28.0,48000000.0
171424,2020,27,1955,9,6,0,0,Riyad Mahrez,1991-02-21,Attack,Right Winger,179.0,left,2020-09-01,29.0,42000000.0
171424,2021,28,1491,11,5,0,0,Riyad Mahrez,1991-02-21,Attack,Right Winger,179.0,left,2021-09-01,30.0,35000000.0
171424,2022,30,1924,5,10,2,0,Riyad Mahrez,1991-02-21,Attack,Right Winger,179.0,left,2022-09-01,31.0,20000000.0
171679,2018,38,3147,4,7,5,0,Matt Doherty,1992-01-16,Defender,Right-Back,185.0,right,2018-09-01,26.0,15000000.0
171679,2019,36,2841,4,4,1,0,Matt Doherty,1992-01-16,Defender,Right-Back,185.0,right,2019-09-01,27.0,16000000.0
171679,2020,17,1239,0,2,4,0,Matt Doherty,1992-01-16,Defender,Right-Back,185.0,right,2020-09-01,28.0,16000000.0
171679,2023,30,1141,1,0,2,0,Matt Doherty,1992-01-16,Defender,Right-Back,185.0,right,2023-09-01,31.0,3000000.0
171679,2024,30,2112,2,1,6,0,Matt Doherty,1992-01-16,Defender,Right-Back,185.0,right,2024-09-01,32.0,2000000.0
173504,2017,31,2790,0,0,5,0,James Tarkowski,1992-11-19,Defender,Centre-Back,185.0,right,2017-09-01,24.0,15000000.0
173504,2018,35,3087,3,1,8,0,James Tarkowski,1992-11-19,Defender,Centre-Back,185.0,right,2018-09-01,25.0,18000000.0
173504,2019,38,3420,2,2,10,0,James Tarkowski,1992-11-19,Defender,Centre-Back,185.0,right,2019-09-01,26.0,20000000.0
173504,2020,36,3240,1,0,6,0,James Tarkowski,1992-11-19,Defender,Centre-Back,185.0,right,2020-09-01,27.0,25000000.0
173504,2021,35,3107,1,2,11,0,James Tarkowski,1992-11-19,Defender,Centre-Back,185.0,right,2021-09-01,28.0,22000000.0
173504,2022,38,3420,1,1,6,0,James Tarkowski,1992-11-19,Defender,Centre-Back,185.0,right,2022-09-01,29.0,18000000.0
173504,2023,38,3420,1,1,11,0,James Tarkowski,1992-11-19,Defender,Centre-Back,185.0,right,2023-09-01,30.0,13000000.0
173504,2024,33,2924,1,1,6,0,James Tarkowski,1992-11-19,Defender,Centre-Back,185.0,right,2024-09-01,31.0,9000000.0
173504,2025,37,3330,2,3,8,0,James Tarkowski,1992-11-19,Defender,Centre-Back,185.0,right,2025-09-01,32.0,5000000.0
173859,2017,22,1094,1,1,0,0,Davide Zappacosta,1992-06-11,Midfield,Right Midfield,182.0,right,2017-09-01,25.0,20000000.0
173900,2018,25,1346,1,2,3,0,Hélder Costa,1994-01-12,Attack,Right Winger,179.0,left,2018-09-01,24.0,15000000.0
173900,2020,22,1156,3,3,0,0,Hélder Costa,1994-01-12,Attack,Right Winger,179.0,left,2020-09-01,26.0,10000000.0
174915,2016,23,1279,7,4,1,0,Islam Slimani,1988-06-18,Attack,Centre-Forward,188.0,right,2016-09-01,28.0,25000000.0
175169,2018,34,2128,1,4,5,0,Bernard,1992-09-08,Attack,Left Winger,167.0,right,2018-09-01,25.0,20000000.0
175169,2019,27,1279,3,2,2,0,Bernard,1992-09-08,Attack,Left Winger,167.0,right,2019-09-01,26.0,16000000.0
175446,2018,33,2779,1,2,6,0,Jonny Otto,1994-03-03,Defender,Right-Back,175.0,both,2018-09-01,24.0,20000000.0
175446,2019,35,2892,2,2,4,0,Jonny Otto,1994-03-03,Defender,Right-Back,175.0,both,2019-09-01,25.0,16000000.0
175446,2021,13,1023,2,0,1,0,Jonny Otto,1994-03-03,Defender,Right-Back,175.0,both,2021-09-01,27.0,15000000.0
175446,2022,18,1262,1,0,3,1,Jonny Otto,1994-03-03,Defender,Right-Back,175.0,both,2022-09-01,28.0,13000000.0
175722,2014,28,2290,2,2,4,0,Eric Dier,1994-01-15,Defender,Centre-Back,191.0,right,2014-09-01,20.0,7000000.0
175722,2015,37,3268,3,2,10,0,Eric Dier,1994-01-15,Defender,Centre-Back,191.0,right,2015-09-01,21.0,18000000.0
175722,2016,36,3044,2,0,6,0,Eric Dier,1994-01-15,Defender,Centre-Back,191.0,right,2016-09-01,22.0,25000000.0
175722,2017,34,2827,0,2,4,0,Eric Dier,1994-01-15,Defender,Centre-Back,191.0,right,2017-09-01,23.0,40000000.0
175722,2018,20,1509,3,0,4,0,Eric Dier,1994-01-15,Defender,Centre-Back,191.0,right,2018-09-01,24.0,40000000.0
175722,2019,19,1341,0,2,5,0,Eric Dier,1994-01-15,Defender,Centre-Back,191.0,right,2019-09-01,25.0,20000000.0
175722,2020,28,2520,0,0,3,0,Eric Dier,1994-01-15,Defender,Centre-Back,191.0,right,2020-09-01,26.0,22000000.0
175722,2021,35,3072,0,0,1,0,Eric Dier,1994-01-15,Defender,Centre-Back,191.0,right,2021-09-01,27.0,28000000.0
175722,2022,33,2816,2,1,4,0,Eric Dier,1994-01-15,Defender,Centre-Back,191.0,right,2022-09-01,28.0,18000000.0
176553,2018,35,3057,3,3,3,0,Aymeric Laporte,1994-05-27,Defender,Centre-Back,191.0,left,2018-09-01,24.0,75000000.0
176553,2019,15,1104,1,0,1,0,Aymeric Laporte,1994-05-27,Defender,Centre-Back,191.0,left,2019-09-01,25.0,60000000.0
176553,2020,16,1343,0,0,1,0,Aymeric Laporte,1994-05-27,Defender,Centre-Back,191.0,left,2020-09-01,26.0,45000000.0
176553,2021,33,2834,4,0,5,1,Aymeric Laporte,1994-05-27,Defender,Centre-Back,191.0,left,2021-09-01,27.0,45000000.0
176553,2022,12,993,0,0,0,0,Aymeric Laporte,1994-05-27,Defender,Centre-Back,191.0,left,2022-09-01,28.0,25000000.0
177476,2015,24,1875,1,0,4,1,Nathan Aké,1995-02-18,Defender,Centre-Back,180.0,left,2015-09-01,20.0,4500000.0
177476,2017,38,3353,2,3,5,0,Nathan Aké,1995-02-18,Defender,Centre-Back,180.0,left,2017-09-01,22.0,15000000.0
177476,2018,38,3412,4,1,3,0,Nathan Aké,1995-02-18,Defender,Centre-Back,180.0,left,2018-09-01,23.0,30000000.0
177476,2019,29,2505,2,2,2,0,Nathan Aké,1995-02-18,Defender,Centre-Back,180.0,left,2019-09-01,24.0,28000000.0
177476,2021,14,920,2,0,0,0,Nathan Aké,1995-02-18,Defender,Centre-Back,180.0,left,2021-09-01,26.0,25000000.0
177476,2022,26,1877,1,0,2,0,Nathan Aké,1995-02-18,Defender,Centre-Back,180.0,left,2022-09-01,27.0,42000000.0
177476,2023,29,2044,2,2,0,0,Nathan Aké,1995-02-18,Defender,Centre-Back,180.0,left,2023-09-01,28.0,40000000.0
177847,2013,27,1641,4,4,7,0,Adnan Januzaj,1995-02-05,Attack,Right Winger,186.0,left,2013-09-01,18.0,6000000.0
177847,2016,25,1630,0,3,5,0,Adnan Januzaj,1995-02-05,Attack,Right Winger,186.0,left,2016-09-01,21.0,7000000.0
177907,2016,29,2307,2,2,5,0,Harry Maguire,1993-03-05,Defender,Centre-Back,194.0,right,2016-09-01,23.0,8000000.0
177907,2017,38,3420,2,3,7,0,Harry Maguire,1993-03-05,Defender,Centre-Back,194.0,right,2017-09-01,24.0,25000000.0
177907,2018,31,2599,3,0,6,1,Harry Maguire,1993-03-05,Defender,Centre-Back,194.0,right,2018-09-01,25.0,50000000.0
177907,2019,38,3420,1,1,6,0,Harry Maguire,1993-03-05,Defender,Centre-Back,194.0,right,2019-09-01,26.0,56000000.0
177907,2020,34,3048,2,1,11,0,Harry Maguire,1993-03-05,Defender,Centre-Back,194.0,right,2020-09-01,27.0,45000000.0
177907,2021,30,2515,1,0,9,0,Harry Maguire,1993-03-05,Defender,Centre-Back,194.0,right,2021-09-01,28.0,38000000.0
177907,2023,22,1650,2,3,3,0,Harry Maguire,1993-03-05,Defender,Centre-Back,194.0,right,2023-09-01,30.0,18000000.0
177907,2024,27,1756,1,0,6,0,Harry Maguire,1993-03-05,Defender,Centre-Back,194.0,right,2024-09-01,31.0,13000000.0
177907,2025,23,1655,1,2,3,0,Harry Maguire,1993-03-05,Defender,Centre-Back,194.0,right,2025-09-01,32.0,8000000.0
178614,2018,32,2250,1,2,6,0,Jean Michaël Seri,1991-07-19,Midfield,Defensive Midfield,169.0,right,2018-09-01,27.0,25000000.0
181375,2019,32,2263,7,2,1,0,Sébastien Haller,1994-06-22,Attack,Centre-Forward,190.0,right,2019-09-01,25.0,36000000.0
181375,2020,16,935,3,0,0,0,Sébastien Haller,1994-06-22,Attack,Centre-Forward,190.0,right,2020-09-01,26.0,27000000.0
181380,2016,13,971,0,1,1,0,Arthur Masuaku,1993-11-07,Defender,Left-Back,179.0,left,2016-09-01,22.0,7000000.0
181380,2017,27,1873,0,3,5,0,Arthur Masuaku,1993-11-07,Defender,Left-Back,179.0,left,2017-09-01,23.0,7000000.0
181380,2018,23,1757,0,1,2,0,Arthur Masuaku,1993-11-07,Defender,Left-Back,179.0,left,2018-09-01,24.0,7000000.0
181380,2019,17,932,0,1,6,0,Arthur Masuaku,1993-11-07,Defender,Left-Back,179.0,left,2019-09-01,25.0,6500000.0
181380,2020,12,1010,0,2,2,0,Arthur Masuaku,1993-11-07,Defender,Left-Back,179.0,left,2020-09-01,26.0,7000000.0
181579,2013,34,1604,0,2,3,0,James Ward-Prowse,1994-11-01,Midfield,Central Midfield,177.0,right,2013-09-01,18.0,3500000.0
181579,2014,25,1477,1,7,0,1,James Ward-Prowse,1994-11-01,Midfield,Central Midfield,177.0,right,2014-09-01,19.0,8000000.0
181579,2015,33,1535,2,4,5,0,James Ward-Prowse,1994-11-01,Midfield,Central Midfield,177.0,right,2015-09-01,20.0,11000000.0
181579,2016,30,1884,4,4,4,0,James Ward-Prowse,1994-11-01,Midfield,Central Midfield,177.0,right,2016-09-01,21.0,15000000.0
181579,2017,30,1715,3,3,3,0,James Ward-Prowse,1994-11-01,Midfield,Central Midfield,177.0,right,2017-09-01,22.0,18000000.0
181579,2018,26,1942,7,0,4,0,James Ward-Prowse,1994-11-01,Midfield,Central Midfield,177.0,right,2018-09-01,23.0,18000000.0
181579,2019,38,3420,5,3,9,0,James Ward-Prowse,1994-11-01,Midfield,Central Midfield,177.0,right,2019-09-01,24.0,14500000.0
181579,2020,38,3420,8,7,5,0,James Ward-Prowse,1994-11-01,Midfield,Central Midfield,177.0,right,2020-09-01,25.0,30000000.0
181579,2021,36,3217,10,5,3,1,James Ward-Prowse,1994-11-01,Midfield,Central Midfield,177.0,right,2021-09-01,26.0,32000000.0
181579,2022,38,3372,9,4,6,0,James Ward-Prowse,1994-11-01,Midfield,Central Midfield,177.0,right,2022-09-01,27.0,38000000.0
181579,2023,37,3004,7,7,4,0,James Ward-Prowse,1994-11-01,Midfield,Central Midfield,177.0,right,2023-09-01,28.0,30000000.0
181579,2024,24,1440,1,2,4,0,James Ward-Prowse,1994-11-01,Midfield,Central Midfield,177.0,right,2024-09-01,29.0,8000000.0
181579,2025,18,1097,0,1,1,0,James Ward-Prowse,1994-11-01,Midfield,Central Midfield,177.0,right,2025-09-01,30.0,5000000.0
181778,2019,15,1025,0,0,3,0,Emerson,1994-08-03,Defender,Left-Back,176.0,left,2019-09-01,25.0,24000000.0
181778,2022,22,1322,1,0,2,0,Emerson,1994-08-03,Defender,Left-Back,176.0,left,2022-09-01,28.0,12000000.0
181778,2023,36,3143,1,2,10,0,Emerson,1994-08-03,Defender,Left-Back,176.0,left,2023-09-01,29.0,12000000.0
181778,2024,31,2125,2,1,5,0,Emerson,1994-08-03,Defender,Left-Back,176.0,left,2024-09-01,30.0,10000000.0
182201,2019,14,946,1,0,1,0,Ally Samatta,1992-12-23,Attack,Centre-Forward,183.0,right,2019-09-01,26.0,9500000.0
182618,2017,29,2124,2,2,5,0,Tiemoué Bakayoko,1994-08-17,Midfield,Defensive Midfield,189.0,right,2017-09-01,23.0,40000000.0
182712,2019,17,1205,0,0,4,0,João Cancelo,1994-05-27,Defender,Right-Back,182.0,right,2019-09-01,25.0,36000000.0
182712,2020,28,2302,2,4,5,1,João Cancelo,1994-05-27,Defender,Right-Back,182.0,right,2020-09-01,26.0,55000000.0
182712,2021,36,3228,1,7,7,0,João Cancelo,1994-05-27,Defender,Right-Back,182.0,right,2021-09-01,27.0,65000000.0
182712,2022,17,1278,2,1,3,1,João Cancelo,1994-05-27,Defender,Right-Back,182.0,right,2022-09-01,28.0,50000000.0
182877,2015,31,2632,11,4,2,0,Anthony Martial,1995-12-05,Attack,Centre-Forward,184.0,right,2015-09-01,19.0,32000000.0
182877,2016,25,1560,4,6,2,0,Anthony Martial,1995-12-05,Attack,Centre-Forward,184.0,right,2016-09-01,20.0,30000000.0
182877,2017,30,1582,9,5,1,0,Anthony Martial,1995-12-05,Attack,Centre-Forward,184.0,right,2017-09-01,21.0,65000000.0
182877,2018,27,1624,10,3,2,0,Anthony Martial,1995-12-05,Attack,Centre-Forward,184.0,right,2018-09-01,22.0,60000000.0
182877,2019,32,2640,17,7,1,0,Anthony Martial,1995-12-05,Attack,Centre-Forward,184.0,right,2019-09-01,23.0,48000000.0
182877,2020,22,1488,4,6,0,1,Anthony Martial,1995-12-05,Attack,Centre-Forward,184.0,right,2020-09-01,24.0,45000000.0
182877,2022,21,980,6,2,0,0,Anthony Martial,1995-12-05,Attack,Centre-Forward,184.0,right,2022-09-01,26.0,15000000.0
182904,2022,26,2027,0,2,3,0,Clément Lenglet,1995-06-17,Defender,Centre-Back,186.0,left,2022-09-01,27.0,10000000.0
182904,2023,14,1155,0,1,3,0,Clément Lenglet,1995-06-17,Defender,Centre-Back,186.0,left,2023-09-01,28.0,10000000.0
183288,2012,25,1951,0,0,2,0,Luke Shaw,1995-07-12,Defender,Left-Back,178.0,left,2012-09-01,17.0,4500000.0
183288,2013,35,2992,0,2,4,0,Luke Shaw,1995-07-12,Defender,Left-Back,178.0,left,2013-09-01,18.0,13000000.0
183288,2014,16,1127,0,0,3,0,Luke Shaw,1995-07-12,Defender,Left-Back,178.0,left,2014-09-01,19.0,21000000.0
183288,2018,29,2592,1,4,11,0,Luke Shaw,1995-07-12,Defender,Left-Back,178.0,left,2018-09-01,23.0,30000000.0
183288,2019,24,1735,0,0,7,0,Luke Shaw,1995-07-12,Defender,Left-Back,178.0,left,2019-09-01,24.0,17500000.0
183288,2020,32,2655,1,5,8,0,Luke Shaw,1995-07-12,Defender,Left-Back,178.0,left,2020-09-01,25.0,35000000.0
183288,2021,20,1604,0,3,8,0,Luke Shaw,1995-07-12,Defender,Left-Back,178.0,left,2021-09-01,26.0,38000000.0
183288,2022,31,2556,1,2,8,0,Luke Shaw,1995-07-12,Defender,Left-Back,178.0,left,2022-09-01,27.0,42000000.0
183288,2023,12,963,0,0,6,0,Luke Shaw,1995-07-12,Defender,Left-Back,178.0,left,2023-09-01,28.0,32000000.0
183288,2025,38,3233,1,1,9,0,Luke Shaw,1995-07-12,Defender,Left-Back,178.0,left,2025-09-01,30.0,8000000.0
183293,2022,20,1016,0,1,1,0,Joe Rothwell,1995-01-11,Midfield,Central Midfield,185.0,right,2022-09-01,27.0,4000000.0
183299,2020,28,1563,5,0,0,0,Callum Robinson,1995-02-02,Attack,Centre-Forward,178.0,right,2020-09-01,25.0,6000000.0
183318,2015,18,1149,2,0,1,1,Jamaal Lascelles,1993-11-11,Defender,Centre-Back,188.0,right,2015-09-01,21.0,3000000.0
183318,2017,33,2928,3,0,4,0,Jamaal Lascelles,1993-11-11,Defender,Centre-Back,188.0,right,2017-09-01,23.0,15000000.0
183318,2018,32,2745,0,1,4,0,Jamaal Lascelles,1993-11-11,Defender,Centre-Back,188.0,right,2018-09-01,24.0,15000000.0
183318,2019,24,2079,1,0,5,0,Jamaal Lascelles,1993-11-11,Defender,Centre-Back,188.0,right,2019-09-01,25.0,14500000.0
183318,2020,19,1627,2,0,4,0,Jamaal Lascelles,1993-11-11,Defender,Centre-Back,188.0,right,2020-09-01,26.0,13000000.0
183318,2021,26,2056,1,0,5,0,Jamaal Lascelles,1993-11-11,Defender,Centre-Back,188.0,right,2021-09-01,27.0,10000000.0
183318,2023,16,1081,1,0,4,0,Jamaal Lascelles,1993-11-11,Defender,Centre-Back,188.0,right,2023-09-01,29.0,7000000.0
183334,2020,38,3063,17,8,3,0,Patrick Bamford,1993-09-05,Attack,Centre-Forward,185.0,left,2020-09-01,26.0,22000000.0
183334,2022,28,1523,4,2,3,0,Patrick Bamford,1993-09-05,Attack,Centre-Forward,185.0,left,2022-09-01,28.0,9000000.0
183720,2019,34,2064,4,4,3,0,Anwar El Ghazi,1995-05-03,Attack,Right Winger,189.0,right,2019-09-01,24.0,8000000.0
183720,2020,28,1612,10,0,2,0,Anwar El Ghazi,1995-05-03,Attack,Right Winger,189.0,right,2020-09-01,25.0,13000000.0
184129,2023,23,1306,1,1,4,0,Jordan Clark,1993-09-22,Midfield,Central Midfield,183.0,right,2023-09-01,29.0,1000000.0
184398,2016,13,1036,0,0,0,0,Stephen Kingsley,1994-07-23,Defender,Left-Back,178.0,left,2016-09-01,22.0,750000.0
184528,2019,17,1019,0,1,0,0,Emil Krafth,1994-08-02,Defender,Right-Back,184.0,right,2019-09-01,25.0,4000000.0
184528,2020,16,1291,1,0,4,0,Emil Krafth,1994-08-02,Defender,Right-Back,184.0,right,2020-09-01,26.0,3500000.0
184528,2021,20,1639,0,1,5,0,Emil Krafth,1994-08-02,Defender,Right-Back,184.0,right,2021-09-01,27.0,5000000.0
184528,2023,17,910,0,0,2,0,Emil Krafth,1994-08-02,Defender,Right-Back,184.0,right,2023-09-01,29.0,2500000.0
184573,2017,17,1284,0,0,1,0,Victor Lindelöf,1994-07-17,Defender,Centre-Back,187.0,right,2017-09-01,23.0,25000000.0
184573,2018,30,2602,1,1,1,0,Victor Lindelöf,1994-07-17,Defender,Centre-Back,187.0,right,2018-09-01,24.0,35000000.0
184573,2019,35,3093,1,0,6,0,Victor Lindelöf,1994-07-17,Defender,Centre-Back,187.0,right,2019-09-01,25.0,28000000.0
184573,2020,29,2586,1,1,0,0,Victor Lindelöf,1994-07-17,Defender,Centre-Back,187.0,right,2020-09-01,26.0,24000000.0
184573,2021,28,2354,0,2,4,0,Victor Lindelöf,1994-07-17,Defender,Centre-Back,187.0,right,2021-09-01,27.0,22000000.0
184573,2022,20,1360,0,0,1,0,Victor Lindelöf,1994-07-17,Defender,Centre-Back,187.0,right,2022-09-01,28.0,18000000.0
184573,2023,19,1332,1,1,2,0,Victor Lindelöf,1994-07-17,Defender,Centre-Back,187.0,right,2023-09-01,29.0,15000000.0
184573,2025,17,944,0,1,0,0,Victor Lindelöf,1994-07-17,Defender,Centre-Back,187.0,right,2025-09-01,31.0,5000000.0
186186,2018,27,1422,5,2,0,0,Bobby De Cordova-Reid,1993-02-02,Midfield,Attacking Midfield,170.0,right,2018-09-01,25.0,10000000.0
186186,2020,33,2382,5,3,7,0,Bobby De Cordova-Reid,1993-02-02,Midfield,Attacking Midfield,170.0,right,2020-09-01,27.0,10000000.0
186186,2022,36,2485,4,1,8,0,Bobby De Cordova-Reid,1993-02-02,Midfield,Attacking Midfield,170.0,right,2022-09-01,29.0,7000000.0
186186,2023,33,1423,6,2,4,0,Bobby De Cordova-Reid,1993-02-02,Midfield,Attacking Midfield,170.0,right,2023-09-01,30.0,5000000.0
186590,2013,21,1369,0,0,1,0,John Stones,1994-05-28,Defender,Centre-Back,188.0,right,2013-09-01,19.0,4000000.0
186590,2014,23,2044,1,0,1,0,John Stones,1994-05-28,Defender,Centre-Back,188.0,right,2014-09-01,20.0,10000000.0
186590,2015,33,2779,0,0,3,0,John Stones,1994-05-28,Defender,Centre-Back,188.0,right,2015-09-01,21.0,28000000.0
186590,2016,27,2013,0,0,1,0,John Stones,1994-05-28,Defender,Centre-Back,188.0,right,2016-09-01,22.0,35000000.0
186590,2017,18,1306,0,0,0,0,John Stones,1994-05-28,Defender,Centre-Back,188.0,right,2017-09-01,23.0,50000000.0
186590,2018,24,1763,0,0,1,0,John Stones,1994-05-28,Defender,Centre-Back,188.0,right,2018-09-01,24.0,60000000.0
186590,2019,16,1118,0,0,0,0,John Stones,1994-05-28,Defender,Centre-Back,188.0,right,2019-09-01,25.0,36000000.0
186590,2020,22,1934,4,0,0,1,John Stones,1994-05-28,Defender,Centre-Back,188.0,right,2020-09-01,26.0,30000000.0
186590,2021,14,1118,1,0,0,0,John Stones,1994-05-28,Defender,Centre-Back,188.0,right,2021-09-01,27.0,28000000.0
186590,2022,23,1848,2,2,2,0,John Stones,1994-05-28,Defender,Centre-Back,188.0,right,2022-09-01,28.0,40000000.0
186590,2023,16,1064,1,0,2,0,John Stones,1994-05-28,Defender,Centre-Back,188.0,right,2023-09-01,29.0,38000000.0
186644,2021,30,2045,4,2,4,0,Mohamed Elyounoussi,1994-08-04,Attack,Second Striker,178.0,right,2021-09-01,27.0,12000000.0
186644,2022,33,2179,1,1,4,0,Mohamed Elyounoussi,1994-08-04,Attack,Second Striker,178.0,right,2022-09-01,28.0,9000000.0
186997,2017,28,1782,2,2,1,0,Christian Atsu,1992-01-10,Attack,Left Winger,165.0,left,2017-09-01,25.0,6000000.0
186997,2018,28,1488,1,0,2,0,Christian Atsu,1992-01-10,Attack,Left Winger,165.0,left,2018-09-01,26.0,6000000.0
187105,2017,24,1949,1,0,5,0,Mike van der Hoorn,1992-10-15,Defender,Centre-Back,190.0,right,2017-09-01,24.0,2500000.0
188077,2022,32,1841,1,1,2,0,Ryan Christie,1995-02-22,Midfield,Central Midfield,178.0,left,2022-09-01,27.0,10000000.0
188077,2023,37,2920,0,5,6,0,Ryan Christie,1995-02-22,Midfield,Central Midfield,178.0,left,2023-09-01,28.0,12000000.0
188077,2024,29,2131,2,3,9,0,Ryan Christie,1995-02-22,Midfield,Central Midfield,178.0,left,2024-09-01,29.0,10000000.0
188077,2025,26,986,2,0,3,0,Ryan Christie,1995-02-22,Midfield,Central Midfield,178.0,left,2025-09-01,30.0,8000000.0
189070,2016,18,1149,0,2,1,0,Modou Barrow,1992-10-13,Attack,Left Winger,176.0,left,2016-09-01,23.0,3000000.0
191217,2014,20,1561,2,1,5,0,Héctor Bellerín,1995-03-19,Defender,Right-Back,178.0,right,2014-09-01,19.0,1500000.0
191217,2015,36,3240,1,5,3,0,Héctor Bellerín,1995-03-19,Defender,Right-Back,178.0,right,2015-09-01,20.0,18000000.0
191217,2016,33,2499,1,4,4,0,Héctor Bellerín,1995-03-19,Defender,Right-Back,178.0,right,2016-09-01,21.0,30000000.0
191217,2017,35,3051,2,3,5,0,Héctor Bellerín,1995-03-19,Defender,Right-Back,178.0,right,2017-09-01,22.0,40000000.0
191217,2018,19,1533,0,5,3,0,Héctor Bellerín,1995-03-19,Defender,Right-Back,178.0,right,2018-09-01,23.0,40000000.0
191217,2019,15,1159,1,0,2,0,Héctor Bellerín,1995-03-19,Defender,Right-Back,178.0,right,2019-09-01,24.0,32000000.0
191217,2020,25,2093,1,3,8,0,Héctor Bellerín,1995-03-19,Defender,Right-Back,178.0,right,2020-09-01,25.0,25000000.0
191614,2018,17,1044,1,1,2,0,Fred,1993-03-05,Midfield,Central Midfield,170.0,both,2018-09-01,25.0,30000000.0
191614,2019,29,2159,0,0,8,0,Fred,1993-03-05,Midfield,Central Midfield,170.0,both,2019-09-01,26.0,17500000.0
191614,2020,30,2396,1,0,5,0,Fred,1993-03-05,Midfield,Central Midfield,170.0,both,2020-09-01,27.0,22000000.0
191614,2021,28,2035,4,5,5,0,Fred,1993-03-05,Midfield,Central Midfield,170.0,both,2021-09-01,28.0,20000000.0
191614,2022,35,1233,2,2,6,0,Fred,1993-03-05,Midfield,Central Midfield,170.0,both,2022-09-01,29.0,20000000.0
192565,2016,26,1787,5,5,4,0,Leroy Sané,1996-01-11,Attack,Right Winger,183.0,left,2016-09-01,20.0,35000000.0
192565,2017,32,2424,10,15,4,0,Leroy Sané,1996-01-11,Attack,Right Winger,183.0,left,2017-09-01,21.0,90000000.0
192565,2018,31,1867,10,10,1,0,Leroy Sané,1996-01-11,Attack,Right Winger,183.0,left,2018-09-01,22.0,100000000.0
192765,2012,37,3049,1,2,5,0,Ben Davies,1993-04-24,Defender,Centre-Back,181.0,left,2012-09-01,19.0,1500000.0
192765,2013,34,2873,2,1,3,0,Ben Davies,1993-04-24,Defender,Centre-Back,181.0,left,2013-09-01,20.0,5500000.0
192765,2015,17,1288,0,2,3,0,Ben Davies,1993-04-24,Defender,Centre-Back,181.0,left,2015-09-01,22.0,8000000.0
192765,2016,23,1735,1,3,1,0,Ben Davies,1993-04-24,Defender,Centre-Back,181.0,left,2016-09-01,23.0,12000000.0
192765,2017,29,2325,2,6,3,0,Ben Davies,1993-04-24,Defender,Centre-Back,181.0,left,2017-09-01,24.0,25000000.0
192765,2018,27,1839,0,0,2,0,Ben Davies,1993-04-24,Defender,Centre-Back,181.0,left,2018-09-01,25.0,25000000.0
192765,2019,18,1432,0,0,6,0,Ben Davies,1993-04-24,Defender,Centre-Back,181.0,left,2019-09-01,26.0,17500000.0
192765,2020,20,1340,0,2,1,0,Ben Davies,1993-04-24,Defender,Centre-Back,181.0,left,2020-09-01,27.0,16000000.0
192765,2021,29,2539,1,1,6,0,Ben Davies,1993-04-24,Defender,Centre-Back,181.0,left,2021-09-01,28.0,20000000.0
192765,2022,31,2290,2,2,4,0,Ben Davies,1993-04-24,Defender,Centre-Back,181.0,left,2022-09-01,29.0,15000000.0
192765,2023,17,1086,1,0,2,0,Ben Davies,1993-04-24,Defender,Centre-Back,181.0,left,2023-09-01,30.0,10000000.0
192765,2024,17,1330,0,0,5,0,Ben Davies,1993-04-24,Defender,Centre-Back,181.0,left,2024-09-01,31.0,6000000.0
192875,2021,17,1388,0,0,3,0,William Troost-Ekong,1993-09-01,Defender,Centre-Back,191.0,right,2021-09-01,28.0,4000000.0
193098,2022,19,1335,0,3,3,0,Álex Moreno,1993-06-08,Defender,Left-Back,179.0,left,2022-09-01,29.0,15000000.0
193098,2023,21,1030,2,0,2,0,Álex Moreno,1993-06-08,Defender,Left-Back,179.0,left,2023-09-01,30.0,13000000.0
193098,2024,15,960,0,1,2,0,Álex Moreno,1993-06-08,Defender,Left-Back,179.0,left,2024-09-01,31.0,7000000.0
193116,2019,28,2317,3,3,3,0,John McGinn,1994-10-18,Midfield,Central Midfield,178.0,left,2019-09-01,24.0,16000000.0
193116,2020,37,3330,3,6,12,0,John McGinn,1994-10-18,Midfield,Central Midfield,178.0,left,2020-09-01,25.0,30000000.0
193116,2021,35,3093,3,4,8,0,John McGinn,1994-10-18,Midfield,Central Midfield,178.0,left,2021-09-01,26.0,32000000.0
193116,2022,34,2698,1,3,7,0,John McGinn,1994-10-18,Midfield,Central Midfield,178.0,left,2022-09-01,27.0,27000000.0
193116,2023,35,3010,6,4,9,1,John McGinn,1994-10-18,Midfield,Central Midfield,178.0,left,2023-09-01,28.0,30000000.0
193116,2024,34,2231,1,4,7,0,John McGinn,1994-10-18,Midfield,Central Midfield,178.0,left,2024-09-01,29.0,16000000.0
193116,2025,30,2158,5,5,5,0,John McGinn,1994-10-18,Midfield,Central Midfield,178.0,left,2025-09-01,30.0,13000000.0
193469,2019,17,1447,1,0,1,0,Björn Engels,1994-09-15,Defender,Centre-Back,195.0,right,2019-09-01,24.0,9500000.0
194460,2018,28,2350,0,1,5,0,Joe Bryan,1993-09-17,Defender,Left-Back,170.0,left,2018-09-01,24.0,6000000.0
195633,2017,11,949,0,0,3,0,Charlie Taylor,1993-09-18,Defender,Left-Back,183.0,left,2017-09-01,23.0,5000000.0
195633,2018,38,3240,0,1,2,0,Charlie Taylor,1993-09-18,Defender,Left-Back,183.0,left,2018-09-01,24.0,7000000.0
195633,2019,24,1946,0,1,3,0,Charlie Taylor,1993-09-18,Defender,Left-Back,183.0,left,2019-09-01,25.0,4000000.0
195633,2020,29,2428,0,1,1,0,Charlie Taylor,1993-09-18,Defender,Left-Back,183.0,left,2020-09-01,26.0,4000000.0
195633,2021,31,2730,0,3,3,0,Charlie Taylor,1993-09-18,Defender,Left-Back,183.0,left,2021-09-01,27.0,3000000.0
195633,2023,28,2332,1,1,8,0,Charlie Taylor,1993-09-18,Defender,Left-Back,183.0,left,2023-09-01,29.0,3000000.0
195652,2015,27,1174,1,2,0,0,Jordon Ibe,1995-12-08,Attack,Right Winger,176.0,right,2015-09-01,19.0,7000000.0
195652,2016,25,1058,0,0,0,0,Jordon Ibe,1995-12-08,Attack,Right Winger,176.0,right,2016-09-01,20.0,8000000.0
195652,2017,32,2005,2,6,1,0,Jordon Ibe,1995-12-08,Attack,Right Winger,176.0,right,2017-09-01,21.0,9000000.0
195680,2018,28,1960,0,0,4,1,Joe Ralls,1993-10-12,Midfield,Central Midfield,178.0,left,2018-09-01,24.0,5000000.0
196522,2014,25,1089,5,1,1,0,Dwight Gayle,1989-10-17,Attack,Centre-Forward,174.0,right,2014-09-01,24.0,4000000.0
196522,2017,35,1958,6,3,3,0,Dwight Gayle,1989-10-17,Attack,Centre-Forward,174.0,right,2017-09-01,27.0,10000000.0
196948,2017,27,2071,0,0,0,0,Andreas Christensen,1996-04-10,Defender,Centre-Back,189.0,right,2017-09-01,21.0,40000000.0
196948,2019,21,1752,0,0,5,0,Andreas Christensen,1996-04-10,Defender,Centre-Back,189.0,right,2019-09-01,23.0,24000000.0
196948,2020,17,1371,0,0,2,1,Andreas Christensen,1996-04-10,Defender,Centre-Back,189.0,right,2020-09-01,24.0,30000000.0
196948,2021,19,1494,0,0,2,0,Andreas Christensen,1996-04-10,Defender,Centre-Back,189.0,right,2021-09-01,25.0,35000000.0
197838,2014,34,2270,5,10,5,0,Jamie Vardy,1987-01-11,Attack,Centre-Forward,179.0,right,2014-09-01,27.0,2000000.0
197838,2015,36,3139,24,8,7,0,Jamie Vardy,1987-01-11,Attack,Centre-Forward,179.0,right,2015-09-01,28.0,18000000.0
197838,2016,35,2809,13,6,2,1,Jamie Vardy,1987-01-11,Attack,Centre-Forward,179.0,right,2016-09-01,29.0,15000000.0
197838,2017,37,3258,20,1,3,0,Jamie Vardy,1987-01-11,Attack,Centre-Forward,179.0,right,2017-09-01,30.0,20000000.0
197838,2018,34,2733,18,4,3,1,Jamie Vardy,1987-01-11,Attack,Centre-Forward,179.0,right,2018-09-01,31.0,20000000.0
197838,2019,35,3034,23,5,3,0,Jamie Vardy,1987-01-11,Attack,Centre-Forward,179.0,right,2019-09-01,32.0,16000000.0
197838,2020,34,2844,15,9,1,0,Jamie Vardy,1987-01-11,Attack,Centre-Forward,179.0,right,2020-09-01,33.0,7000000.0
197838,2021,25,1805,15,2,2,0,Jamie Vardy,1987-01-11,Attack,Centre-Forward,179.0,right,2021-09-01,34.0,5000000.0
197838,2022,37,1852,3,4,1,0,Jamie Vardy,1987-01-11,Attack,Centre-Forward,179.0,right,2022-09-01,35.0,2500000.0
197838,2024,35,2839,9,4,5,0,Jamie Vardy,1987-01-11,Attack,Centre-Forward,179.0,right,2024-09-01,37.0,1000000.0
198516,2022,19,935,0,0,2,0,Harry Toffolo,1995-08-19,Defender,Left-Back,183.0,left,2022-09-01,27.0,3500000.0
198516,2023,23,1455,1,3,3,0,Harry Toffolo,1995-08-19,Defender,Left-Back,183.0,left,2023-09-01,28.0,5000000.0
199527,2017,25,1145,1,1,0,0,Jacob Murphy,1995-02-24,Attack,Right Winger,179.0,right,2017-09-01,22.0,7000000.0
199527,2020,26,1621,2,3,3,0,Jacob Murphy,1995-02-24,Attack,Right Winger,179.0,right,2020-09-01,25.0,4000000.0
199527,2021,33,1460,1,2,4,0,Jacob Murphy,1995-02-24,Attack,Right Winger,179.0,right,2021-09-01,26.0,5000000.0
199527,2022,36,1243,4,2,0,0,Jacob Murphy,1995-02-24,Attack,Right Winger,179.0,right,2022-09-01,27.0,15000000.0
199527,2023,21,1193,3,7,1,0,Jacob Murphy,1995-02-24,Attack,Right Winger,179.0,right,2023-09-01,28.0,15000000.0
199527,2024,35,2382,8,12,4,0,Jacob Murphy,1995-02-24,Attack,Right Winger,179.0,right,2024-09-01,29.0,16000000.0
199527,2025,33,1620,3,2,2,0,Jacob Murphy,1995-02-24,Attack,Right Winger,179.0,right,2025-09-01,30.0,12000000.0
199528,2018,29,1824,3,2,2,0,Josh Murphy,1995-02-24,Attack,Left Winger,173.0,right,2018-09-01,23.0,10000000.0
200512,2014,30,2135,10,4,5,0,Sadio Mané,1992-04-10,Attack,Left Winger,175.0,right,2014-09-01,22.0,14000000.0
200512,2015,37,2607,11,7,6,1,Sadio Mané,1992-04-10,Attack,Left Winger,175.0,right,2015-09-01,23.0,20000000.0
200512,2016,27,2247,13,6,4,0,Sadio Mané,1992-04-10,Attack,Left Winger,175.0,right,2016-09-01,24.0,40000000.0
200512,2017,29,2208,10,7,3,1,Sadio Mané,1992-04-10,Attack,Left Winger,175.0,right,2017-09-01,25.0,70000000.0
200512,2018,36,3086,22,2,2,0,Sadio Mané,1992-04-10,Attack,Left Winger,175.0,right,2018-09-01,26.0,120000000.0
200512,2019,35,2755,18,9,3,0,Sadio Mané,1992-04-10,Attack,Left Winger,175.0,right,2019-09-01,27.0,120000000.0
200512,2020,35,2812,11,8,3,0,Sadio Mané,1992-04-10,Attack,Left Winger,175.0,right,2020-09-01,28.0,85000000.0
200512,2021,34,2825,16,4,5,0,Sadio Mané,1992-04-10,Attack,Left Winger,175.0,right,2021-09-01,29.0,70000000.0
200777,2017,14,1002,1,2,1,0,Alex Pritchard,1993-05-03,Midfield,Attacking Midfield,168.0,right,2017-09-01,24.0,10000000.0
200777,2018,30,2091,2,0,2,0,Alex Pritchard,1993-05-03,Midfield,Attacking Midfield,168.0,right,2018-09-01,25.0,9000000.0
202886,2017,24,1875,2,4,1,0,Ruben Loftus-Cheek,1996-01-23,Midfield,Central Midfield,191.0,right,2017-09-01,21.0,15000000.0
202886,2018,24,982,6,2,0,0,Ruben Loftus-Cheek,1996-01-23,Midfield,Central Midfield,191.0,right,2018-09-01,22.0,30000000.0
202886,2020,31,1974,1,0,3,0,Ruben Loftus-Cheek,1996-01-23,Midfield,Central Midfield,191.0,right,2020-09-01,24.0,18000000.0
202886,2021,24,1387,0,3,1,0,Ruben Loftus-Cheek,1996-01-23,Midfield,Central Midfield,191.0,right,2021-09-01,25.0,20000000.0
202886,2022,25,1542,0,1,1,0,Ruben Loftus-Cheek,1996-01-23,Midfield,Central Midfield,191.0,right,2022-09-01,26.0,25000000.0
203348,2015,33,2924,0,0,5,0,Chancel Mbemba,1994-08-08,Defender,Centre-Back,182.0,right,2015-09-01,21.0,10000000.0
203394,2019,25,1489,1,3,3,0,Andreas Pereira,1996-01-01,Midfield,Central Midfield,178.0,right,2019-09-01,23.0,16000000.0
203394,2022,33,2718,4,6,8,0,Andreas Pereira,1996-01-01,Midfield,Central Midfield,178.0,right,2022-09-01,26.0,18000000.0
203394,2023,37,2639,3,7,7,0,Andreas Pereira,1996-01-01,Midfield,Central Midfield,178.0,right,2023-09-01,27.0,20000000.0
203394,2024,33,2026,2,6,7,0,Andreas Pereira,1996-01-01,Midfield,Central Midfield,178.0,right,2024-09-01,28.0,18000000.0
203460,2019,36,3234,8,6,8,0,Jack Grealish,1995-09-10,Attack,Left Winger,180.0,right,2019-09-01,23.0,30500000.0
203460,2020,26,2185,6,12,5,0,Jack Grealish,1995-09-10,Attack,Left Winger,180.0,right,2020-09-01,24.0,65000000.0
203460,2021,26,1916,3,3,3,0,Jack Grealish,1995-09-10,Attack,Left Winger,180.0,right,2021-09-01,25.0,70000000.0
203460,2022,28,2063,5,7,4,0,Jack Grealish,1995-09-10,Attack,Left Winger,180.0,right,2022-09-01,26.0,75000000.0
203460,2023,20,1001,3,1,7,0,Jack Grealish,1995-09-10,Attack,Left Winger,180.0,right,2023-09-01,27.0,60000000.0
203460,2025,20,1632,2,6,2,0,Jack Grealish,1995-09-10,Attack,Left Winger,180.0,right,2025-09-01,29.0,20000000.0
203853,2018,14,1153,0,3,1,0,Oleksandr Zinchenko,1996-12-15,Defender,Left-Back,175.0,left,2018-09-01,21.0,20000000.0
203853,2019,19,1273,0,0,2,0,Oleksandr Zinchenko,1996-12-15,Defender,Left-Back,175.0,left,2019-09-01,22.0,24000000.0
203853,2020,20,1474,0,0,0,0,Oleksandr Zinchenko,1996-12-15,Defender,Left-Back,175.0,left,2020-09-01,23.0,25000000.0
203853,2021,15,1044,0,4,0,0,Oleksandr Zinchenko,1996-12-15,Defender,Left-Back,175.0,left,2021-09-01,24.0,25000000.0
203853,2022,27,2136,1,2,3,0,Oleksandr Zinchenko,1996-12-15,Defender,Left-Back,175.0,left,2022-09-01,25.0,42000000.0
203853,2023,27,1725,1,2,2,0,Oleksandr Zinchenko,1996-12-15,Defender,Left-Back,175.0,left,2023-09-01,26.0,38000000.0
204103,2016,27,1537,0,1,1,0,Adama Traoré,1996-01-25,Attack,Right Winger,178.0,right,2016-09-01,20.0,8000000.0
204103,2019,37,2606,4,9,1,0,Adama Traoré,1996-01-25,Attack,Right Winger,178.0,right,2019-09-01,23.0,25500000.0
204103,2020,37,2643,2,3,4,0,Adama Traoré,1996-01-25,Attack,Right Winger,178.0,right,2020-09-01,24.0,30000000.0
204103,2021,20,1063,1,0,0,0,Adama Traoré,1996-01-25,Attack,Right Winger,178.0,right,2021-09-01,25.0,20000000.0
204103,2022,34,1484,2,2,2,0,Adama Traoré,1996-01-25,Attack,Right Winger,178.0,right,2022-09-01,26.0,10000000.0
204103,2024,36,1770,2,7,2,0,Adama Traoré,1996-01-25,Attack,Right Winger,178.0,right,2024-09-01,28.0,9000000.0
204198,2018,19,1144,2,0,7,0,Romain Saïss,1990-03-26,Defender,Centre-Back,188.0,left,2018-09-01,28.0,5000000.0
204198,2019,33,2706,2,1,12,0,Romain Saïss,1990-03-26,Defender,Centre-Back,188.0,left,2019-09-01,29.0,4000000.0
204198,2020,27,2408,3,0,2,0,Romain Saïss,1990-03-26,Defender,Centre-Back,188.0,left,2020-09-01,30.0,10000000.0
204198,2021,31,2709,2,0,6,0,Romain Saïss,1990-03-26,Defender,Centre-Back,188.0,left,2021-09-01,31.0,8000000.0
206040,2018,38,3123,13,8,4,0,Raúl Jiménez,1991-05-05,Attack,Centre-Forward,188.0,right,2018-09-01,27.0,35000000.0
206040,2019,38,3252,17,6,3,0,Raúl Jiménez,1991-05-05,Attack,Centre-Forward,188.0,right,2019-09-01,28.0,40000000.0
206040,2021,34,2638,6,4,9,0,Raúl Jiménez,1991-05-05,Attack,Centre-Forward,188.0,right,2021-09-01,30.0,18000000.0
206040,2023,24,1402,7,0,3,1,Raúl Jiménez,1991-05-05,Attack,Centre-Forward,188.0,right,2023-09-01,32.0,5000000.0
206040,2024,38,2507,12,3,4,0,Raúl Jiménez,1991-05-05,Attack,Centre-Forward,188.0,right,2024-09-01,33.0,5000000.0
206040,2025,36,2199,9,3,5,0,Raúl Jiménez,1991-05-05,Attack,Centre-Forward,188.0,right,2025-09-01,34.0,3000000.0
206225,2017,26,1372,1,0,7,0,Isaac Hayden,1995-03-22,Midfield,Defensive Midfield,187.0,right,2017-09-01,22.0,7000000.0
206225,2018,25,1864,1,4,3,1,Isaac Hayden,1995-03-22,Midfield,Defensive Midfield,187.0,right,2018-09-01,23.0,8000000.0
206225,2019,29,2226,1,2,3,1,Isaac Hayden,1995-03-22,Midfield,Defensive Midfield,187.0,right,2019-09-01,24.0,8000000.0
206225,2020,24,1944,0,0,8,0,Isaac Hayden,1995-03-22,Midfield,Defensive Midfield,187.0,right,2020-09-01,25.0,10000000.0
206225,2021,14,1001,1,0,5,0,Isaac Hayden,1995-03-22,Midfield,Defensive Midfield,187.0,right,2021-09-01,26.0,8000000.0
206746,2020,22,1482,0,1,3,0,Kenny Tete,1995-10-09,Defender,Right-Back,180.0,right,2020-09-01,24.0,5000000.0
206746,2022,31,2575,1,5,8,0,Kenny Tete,1995-10-09,Defender,Right-Back,180.0,right,2022-09-01,26.0,15000000.0
206746,2024,22,1779,0,2,5,0,Kenny Tete,1995-10-09,Defender,Right-Back,180.0,right,2024-09-01,28.0,13000000.0
206746,2025,22,1795,1,0,2,0,Kenny Tete,1995-10-09,Defender,Right-Back,180.0,right,2025-09-01,29.0,8000000.0
207014,2017,15,994,2,3,0,0,Will Hughes,1995-04-17,Midfield,Central Midfield,185.0,left,2017-09-01,22.0,10000000.0
207014,2018,32,2436,2,4,5,0,Will Hughes,1995-04-17,Midfield,Central Midfield,185.0,left,2018-09-01,23.0,18000000.0
207014,2019,30,2262,1,1,9,0,Will Hughes,1995-04-17,Midfield,Central Midfield,185.0,left,2019-09-01,24.0,14500000.0
207014,2021,16,1058,0,1,6,0,Will Hughes,1995-04-17,Midfield,Central Midfield,185.0,left,2021-09-01,26.0,6000000.0
207014,2023,30,1900,0,1,6,0,Will Hughes,1995-04-17,Midfield,Central Midfield,185.0,left,2023-09-01,28.0,9000000.0
207014,2024,33,2120,0,4,11,0,Will Hughes,1995-04-17,Midfield,Central Midfield,185.0,left,2024-09-01,29.0,7000000.0
207014,2025,31,1568,0,0,7,0,Will Hughes,1995-04-17,Midfield,Central Midfield,185.0,left,2025-09-01,30.0,5000000.0
207742,2023,14,1172,1,1,4,0,Tom Lockyer,1994-12-03,Defender,Centre-Back,185.0,right,2023-09-01,28.0,2500000.0
207917,2014,28,2262,2,0,6,0,Alberto Moreno,1992-07-05,Defender,Left-Back,171.0,left,2014-09-01,22.0,15000000.0
207917,2015,32,2547,1,4,3,0,Alberto Moreno,1992-07-05,Defender,Left-Back,171.0,left,2015-09-01,23.0,15000000.0
207917,2017,16,1264,0,0,1,0,Alberto Moreno,1992-07-05,Defender,Left-Back,171.0,left,2017-09-01,25.0,10000000.0
207929,2015,33,2480,10,9,7,0,Dele Alli,1996-04-11,Midfield,Attacking Midfield,188.0,right,2015-09-01,19.0,20000000.0
207929,2016,37,3044,18,9,4,0,Dele Alli,1996-04-11,Midfield,Attacking Midfield,188.0,right,2016-09-01,20.0,45000000.0
207929,2017,36,2971,9,11,7,0,Dele Alli,1996-04-11,Midfield,Attacking Midfield,188.0,right,2017-09-01,21.0,100000000.0
207929,2018,25,1832,5,3,4,0,Dele Alli,1996-04-11,Midfield,Attacking Midfield,188.0,right,2018-09-01,22.0,90000000.0
207929,2019,25,1852,8,4,2,0,Dele Alli,1996-04-11,Midfield,Attacking Midfield,188.0,right,2019-09-01,23.0,64000000.0
207929,2021,21,988,1,0,4,0,Dele Alli,1996-04-11,Midfield,Attacking Midfield,188.0,right,2021-09-01,25.0,16000000.0
208244,2015,15,1222,0,1,2,0,Brendan Galloway,1996-03-17,Defender,Left-Back,186.0,left,2015-09-01,19.0,3000000.0
209212,2017,36,1843,1,3,3,0,Solly March,1994-07-20,Attack,Right Winger,180.0,left,2017-09-01,23.0,5000000.0
209212,2018,35,2473,1,6,1,0,Solly March,1994-07-20,Attack,Right Winger,180.0,left,2018-09-01,24.0,8000000.0
209212,2019,19,1146,0,1,2,0,Solly March,1994-07-20,Attack,Right Winger,180.0,left,2019-09-01,25.0,6500000.0
209212,2020,21,1674,2,1,0,0,Solly March,1994-07-20,Attack,Right Winger,180.0,left,2020-09-01,26.0,9000000.0
209212,2021,31,1740,0,2,1,0,Solly March,1994-07-20,Attack,Right Winger,180.0,left,2021-09-01,27.0,9000000.0
209212,2022,33,2728,7,7,2,0,Solly March,1994-07-20,Attack,Right Winger,180.0,left,2022-09-01,28.0,22000000.0
209781,2016,17,1095,4,1,3,1,Oumar Niasse,1990-04-18,Attack,Centre-Forward,182.0,right,2016-09-01,26.0,9000000.0
209781,2017,22,1081,8,3,2,0,Oumar Niasse,1990-04-18,Attack,Centre-Forward,182.0,right,2017-09-01,27.0,8000000.0
209781,2018,18,998,0,0,0,0,Oumar Niasse,1990-04-18,Attack,Centre-Forward,182.0,right,2018-09-01,28.0,6000000.0
210081,2016,31,2519,1,1,5,0,Didier Ndong,1994-06-17,Midfield,Central Midfield,179.0,right,2016-09-01,22.0,10000000.0
210178,2020,10,900,0,0,2,0,Pablo Marí,1993-08-31,Defender,Centre-Back,193.0,left,2020-09-01,27.0,7000000.0
211325,2017,13,1140,2,1,5,0,Badou Ndiaye,1990-10-27,Midfield,Defensive Midfield,180.0,right,2017-09-01,26.0,15000000.0
212829,2019,33,2915,0,1,4,0,Jack O'Connell,1994-03-29,Defender,Centre-Back,190.0,left,2019-09-01,25.0,9500000.0
212847,2019,31,2670,3,1,4,0,Adam Webster,1995-01-04,Defender,Centre-Back,190.0,right,2019-09-01,24.0,12000000.0
212847,2020,29,2595,1,0,4,0,Adam Webster,1995-01-04,Defender,Centre-Back,190.0,right,2020-09-01,25.0,18000000.0
212847,2021,22,1432,2,0,5,0,Adam Webster,1995-01-04,Defender,Centre-Back,190.0,right,2021-09-01,26.0,17000000.0
212847,2022,27,1987,0,0,2,0,Adam Webster,1995-01-04,Defender,Centre-Back,190.0,right,2022-09-01,27.0,25000000.0
212847,2023,15,1143,0,0,2,0,Adam Webster,1995-01-04,Defender,Centre-Back,190.0,right,2023-09-01,28.0,20000000.0
213268,2018,19,1022,0,0,2,0,Alireza Jahanbakhsh,1993-08-11,Attack,Right Winger,180.0,right,2018-09-01,25.0,15000000.0
214056,2016,24,1666,1,1,3,0,Daniel Amartey,1994-12-21,Defender,Centre-Back,186.0,right,2016-09-01,21.0,5000000.0
214056,2021,28,2118,0,0,4,0,Daniel Amartey,1994-12-21,Defender,Centre-Back,186.0,right,2021-09-01,26.0,10000000.0
214056,2022,20,1610,0,0,1,0,Daniel Amartey,1994-12-21,Defender,Centre-Back,186.0,right,2022-09-01,27.0,12000000.0
214316,2018,20,985,1,4,1,0,Luciano Vietto,1993-12-05,Attack,Centre-Forward,173.0,right,2018-09-01,24.0,7000000.0
214666,2021,21,1690,1,1,2,0,Connor Roberts,1995-09-23,Defender,Right-Back,175.0,right,2021-09-01,25.0,2500000.0
214928,2020,13,1007,1,0,1,0,Kean Bryan,1996-11-01,Defender,Centre-Back,185.0,left,2020-09-01,23.0,2000000.0
215118,2013,22,1641,0,0,0,0,Calum Chambers,1995-01-20,Defender,Centre-Back,182.0,right,2013-09-01,18.0,2000000.0
215118,2014,23,1571,1,1,9,0,Calum Chambers,1995-01-20,Defender,Centre-Back,182.0,right,2014-09-01,19.0,12000000.0
215118,2016,25,2250,2,1,4,0,Calum Chambers,1995-01-20,Defender,Centre-Back,182.0,right,2016-09-01,21.0,14000000.0
215118,2018,31,2586,2,0,9,0,Calum Chambers,1995-01-20,Defender,Centre-Back,182.0,right,2018-09-01,23.0,14000000.0
215118,2019,14,1103,1,1,5,0,Calum Chambers,1995-01-20,Defender,Centre-Back,182.0,right,2019-09-01,24.0,14500000.0
215118,2021,13,1001,1,0,1,0,Calum Chambers,1995-01-20,Defender,Centre-Back,182.0,right,2021-09-01,26.0,10000000.0
215876,2018,35,3125,2,8,7,0,Ricardo Pereira,1993-10-06,Defender,Right-Back,175.0,right,2018-09-01,24.0,25000000.0
215876,2019,28,2520,3,2,1,0,Ricardo Pereira,1993-10-06,Defender,Right-Back,175.0,right,2019-09-01,25.0,32000000.0
215876,2020,15,956,0,1,3,0,Ricardo Pereira,1993-10-06,Defender,Right-Back,175.0,right,2020-09-01,26.0,30000000.0
215876,2021,14,992,1,3,3,0,Ricardo Pereira,1993-10-06,Defender,Right-Back,175.0,right,2021-09-01,27.0,20000000.0
217111,2020,23,1177,2,3,3,0,Hakim Ziyech,1993-03-19,Attack,Right Winger,180.0,left,2020-09-01,27.0,38000000.0
217111,2021,23,1316,4,3,3,0,Hakim Ziyech,1993-03-19,Attack,Right Winger,180.0,left,2021-09-01,28.0,28000000.0
217115,2019,37,2771,10,3,2,0,Neal Maupay,1996-08-14,Attack,Centre-Forward,171.0,right,2019-09-01,23.0,17500000.0
217115,2020,33,2520,8,2,1,1,Neal Maupay,1996-08-14,Attack,Centre-Forward,171.0,right,2020-09-01,24.0,20000000.0
217115,2021,32,2274,8,2,7,0,Neal Maupay,1996-08-14,Attack,Centre-Forward,171.0,right,2021-09-01,25.0,18000000.0
217115,2022,27,1115,1,0,4,0,Neal Maupay,1996-08-14,Attack,Centre-Forward,171.0,right,2022-09-01,26.0,10000000.0
217115,2023,31,1424,6,3,8,0,Neal Maupay,1996-08-14,Attack,Centre-Forward,171.0,right,2023-09-01,27.0,12000000.0
218087,2020,24,1605,1,0,1,0,Ben Osborn,1994-08-05,Midfield,Central Midfield,176.0,left,2020-09-01,26.0,2000000.0
218087,2023,24,1363,0,2,3,0,Ben Osborn,1994-08-05,Midfield,Central Midfield,176.0,left,2023-09-01,29.0,1000000.0
221025,2018,27,1986,1,1,7,0,André Gomes,1993-07-30,Midfield,Central Midfield,190.0,right,2018-09-01,25.0,28000000.0
221025,2019,19,1460,0,1,6,0,André Gomes,1993-07-30,Midfield,Central Midfield,190.0,right,2019-09-01,26.0,22500000.0
221025,2020,28,1569,0,1,3,0,André Gomes,1993-07-30,Midfield,Central Midfield,190.0,right,2020-09-01,27.0,20000000.0
224884,2015,15,1016,0,1,1,0,Abdul Rahman Baba,1994-07-02,Defender,Left-Back,179.0,left,2015-09-01,21.0,13000000.0
225083,2015,37,3020,1,4,3,0,N'Golo Kanté,1991-03-29,Midfield,Defensive Midfield,168.0,right,2015-09-01,24.0,20000000.0
225083,2016,35,3139,1,1,9,0,N'Golo Kanté,1991-03-29,Midfield,Defensive Midfield,168.0,right,2016-09-01,25.0,50000000.0
225083,2017,34,2998,1,1,3,0,N'Golo Kanté,1991-03-29,Midfield,Defensive Midfield,168.0,right,2017-09-01,26.0,60000000.0
225083,2018,36,3095,4,4,3,0,N'Golo Kanté,1991-03-29,Midfield,Defensive Midfield,168.0,right,2018-09-01,27.0,100000000.0
225083,2019,22,1733,3,0,4,0,N'Golo Kanté,1991-03-29,Midfield,Defensive Midfield,168.0,right,2019-09-01,28.0,80000000.0
225083,2020,30,2145,0,2,7,0,N'Golo Kanté,1991-03-29,Midfield,Defensive Midfield,168.0,right,2020-09-01,29.0,55000000.0
225083,2021,26,1778,2,4,2,0,N'Golo Kanté,1991-03-29,Midfield,Defensive Midfield,168.0,right,2021-09-01,30.0,40000000.0
225122,2024,29,987,2,4,1,0,Gonçalo Guedes,1996-11-29,Attack,Left Winger,179.0,right,2024-09-01,27.0,11000000.0
225161,2018,35,3009,4,3,8,0,Rúben Neves,1997-03-13,Midfield,Defensive Midfield,183.0,right,2018-09-01,21.0,45000000.0
225161,2019,38,3060,2,2,9,0,Rúben Neves,1997-03-13,Midfield,Defensive Midfield,183.0,right,2019-09-01,22.0,40000000.0
225161,2020,36,2680,5,1,7,0,Rúben Neves,1997-03-13,Midfield,Defensive Midfield,183.0,right,2020-09-01,23.0,45000000.0
225161,2021,33,2662,4,2,9,0,Rúben Neves,1997-03-13,Midfield,Defensive Midfield,183.0,right,2021-09-01,24.0,40000000.0
225161,2022,35,3023,6,1,12,0,Rúben Neves,1997-03-13,Midfield,Defensive Midfield,183.0,right,2022-09-01,25.0,40000000.0
225693,2018,28,2013,1,2,6,0,Fabinho,1993-10-23,Midfield,Defensive Midfield,188.0,right,2018-09-01,24.0,50000000.0
225693,2019,28,2074,2,3,6,0,Fabinho,1993-10-23,Midfield,Defensive Midfield,188.0,right,2019-09-01,25.0,56000000.0
225693,2020,30,2566,0,1,6,0,Fabinho,1993-10-23,Midfield,Defensive Midfield,188.0,right,2020-09-01,26.0,60000000.0
225693,2021,29,2316,5,1,7,0,Fabinho,1993-10-23,Midfield,Defensive Midfield,188.0,right,2021-09-01,27.0,60000000.0
225693,2022,36,2677,0,2,11,0,Fabinho,1993-10-23,Midfield,Defensive Midfield,188.0,right,2022-09-01,28.0,42000000.0
225984,2020,33,2583,11,6,2,1,Matheus Pereira,1996-05-05,Midfield,Attacking Midfield,175.0,left,2020-09-01,24.0,15000000.0
226973,2020,31,2250,0,2,5,0,Harrison Reed,1995-01-27,Midfield,Central Midfield,181.0,right,2020-09-01,25.0,10000000.0
226973,2022,37,2879,3,4,5,0,Harrison Reed,1995-01-27,Midfield,Central Midfield,181.0,right,2022-09-01,27.0,18000000.0
226973,2023,27,1326,0,2,6,0,Harrison Reed,1995-01-27,Midfield,Central Midfield,181.0,right,2023-09-01,28.0,15000000.0
228645,2021,20,1458,2,3,3,0,Wout Weghorst,1992-08-07,Attack,Centre-Forward,197.0,right,2021-09-01,29.0,14000000.0
228948,2022,27,2230,0,2,4,0,Thilo Kehrer,1996-09-21,Defender,Centre-Back,186.0,both,2022-09-01,25.0,18000000.0
230784,2020,24,1535,0,2,5,0,Thomas Partey,1993-06-13,Midfield,Defensive Midfield,185.0,right,2020-09-01,27.0,40000000.0
230784,2021,24,2033,2,1,6,0,Thomas Partey,1993-06-13,Midfield,Defensive Midfield,185.0,right,2021-09-01,28.0,38000000.0
230784,2022,33,2486,3,0,5,0,Thomas Partey,1993-06-13,Midfield,Defensive Midfield,185.0,right,2022-09-01,29.0,35000000.0
230784,2024,35,2800,4,2,4,0,Thomas Partey,1993-06-13,Midfield,Defensive Midfield,185.0,right,2024-09-01,31.0,14000000.0
231572,2020,34,2988,1,1,5,0,Nélson Semedo,1993-11-16,Defender,Right-Back,179.0,right,2020-09-01,26.0,28000000.0
231572,2021,25,2137,0,1,1,0,Nélson Semedo,1993-11-16,Defender,Right-Back,179.0,right,2021-09-01,27.0,22000000.0
231572,2022,36,2635,0,1,11,1,Nélson Semedo,1993-11-16,Defender,Right-Back,179.0,right,2022-09-01,28.0,15000000.0
231572,2023,36,3093,0,1,11,1,Nélson Semedo,1993-11-16,Defender,Right-Back,179.0,right,2023-09-01,29.0,12000000.0
231572,2024,34,2896,0,4,8,0,Nélson Semedo,1993-11-16,Defender,Right-Back,179.0,right,2024-09-01,30.0,9000000.0
232271,2016,24,1101,1,0,5,0,Sofiane Boufal,1993-09-17,Midfield,Attacking Midfield,175.0,right,2016-09-01,22.0,15000000.0
232271,2017,26,1214,2,2,1,0,Sofiane Boufal,1993-09-17,Midfield,Attacking Midfield,175.0,right,2017-09-01,23.0,12000000.0
233124,2019,18,1544,1,0,3,0,Kortney Hause,1995-07-16,Defender,Centre-Back,191.0,left,2019-09-01,24.0,6500000.0
234189,2019,34,1951,6,2,4,0,Trezeguet,1994-10-01,Attack,Left Winger,181.0,right,2019-09-01,24.0,8000000.0
234189,2020,21,1167,2,1,0,0,Trezeguet,1994-10-01,Attack,Left Winger,181.0,right,2020-09-01,25.0,10000000.0
234781,2021,26,1776,9,1,2,0,Maxwel Cornet,1996-09-27,Attack,Left Winger,179.0,left,2021-09-01,24.0,15000000.0
234803,2014,24,1526,0,2,7,0,Andrew Robertson,1994-03-11,Defender,Left-Back,178.0,left,2014-09-01,20.0,5000000.0
234803,2016,33,2736,1,2,5,0,Andrew Robertson,1994-03-11,Defender,Left-Back,178.0,left,2016-09-01,22.0,7000000.0
234803,2017,22,1943,1,5,2,0,Andrew Robertson,1994-03-11,Defender,Left-Back,178.0,left,2017-09-01,23.0,25000000.0
234803,2018,36,3219,0,11,4,0,Andrew Robertson,1994-03-11,Defender,Left-Back,178.0,left,2018-09-01,24.0,60000000.0
234803,2019,36,3114,2,12,2,0,Andrew Robertson,1994-03-11,Defender,Left-Back,178.0,left,2019-09-01,25.0,64000000.0
234803,2020,38,3386,1,7,2,0,Andrew Robertson,1994-03-11,Defender,Left-Back,178.0,left,2020-09-01,26.0,65000000.0
234803,2021,29,2541,3,10,5,1,Andrew Robertson,1994-03-11,Defender,Left-Back,178.0,left,2021-09-01,27.0,65000000.0
234803,2022,34,2590,0,8,3,0,Andrew Robertson,1994-03-11,Defender,Left-Back,178.0,left,2022-09-01,28.0,40000000.0
234803,2023,23,1692,3,2,2,0,Andrew Robertson,1994-03-11,Defender,Left-Back,178.0,left,2023-09-01,29.0,30000000.0
234803,2024,33,2492,0,1,3,1,Andrew Robertson,1994-03-11,Defender,Left-Back,178.0,left,2024-09-01,30.0,18000000.0
234803,2025,24,1172,1,0,0,0,Andrew Robertson,1994-03-11,Defender,Left-Back,178.0,left,2025-09-01,31.0,7000000.0
236490,2020,31,2670,2,1,3,0,Ola Aina,1996-10-08,Defender,Right-Back,184.0,right,2020-09-01,23.0,6000000.0
236490,2023,22,1701,1,1,3,0,Ola Aina,1996-10-08,Defender,Right-Back,184.0,right,2023-09-01,26.0,12000000.0
236490,2024,35,3002,2,1,5,0,Ola Aina,1996-10-08,Defender,Right-Back,184.0,right,2024-09-01,27.0,22000000.0
236490,2025,18,1590,0,0,3,0,Ola Aina,1996-10-08,Defender,Right-Back,184.0,right,2025-09-01,28.0,18000000.0
236953,2016,18,1248,0,1,7,0,Sam Byram,1993-09-16,Defender,Left-Back,183.0,right,2016-09-01,22.0,4500000.0
236953,2019,17,1294,0,0,4,0,Sam Byram,1993-09-16,Defender,Left-Back,183.0,right,2019-09-01,25.0,2800000.0
236953,2021,15,1024,0,0,3,0,Sam Byram,1993-09-16,Defender,Left-Back,183.0,right,2021-09-01,27.0,2000000.0
238266,2022,13,944,1,0,2,0,Duje Caleta-Car,1996-09-17,Defender,Centre-Back,193.0,right,2022-09-01,25.0,11000000.0
238585,2013,20,1487,0,0,0,0,Declan John,1995-06-30,Defender,Left-Back,178.0,left,2013-09-01,18.0,500000.0
238639,2017,28,1858,7,2,2,0,Steve Mounié,1994-09-29,Attack,Centre-Forward,189.0,right,2017-09-01,22.0,10000000.0
238639,2018,31,1776,2,3,1,1,Steve Mounié,1994-09-29,Attack,Centre-Forward,189.0,right,2018-09-01,23.0,10000000.0
238809,2017,23,1671,0,1,3,0,Florent Hadergjonaj,1994-07-31,Midfield,Right Midfield,182.0,right,2017-09-01,23.0,5000000.0
238809,2018,24,1841,0,0,1,0,Florent Hadergjonaj,1994-07-31,Midfield,Right Midfield,182.0,right,2018-09-01,24.0,7000000.0
240306,2019,14,1193,8,7,2,0,Bruno Fernandes,1994-09-08,Midfield,Attacking Midfield,183.0,right,2019-09-01,24.0,48000000.0
240306,2020,37,3109,18,11,6,0,Bruno Fernandes,1994-09-08,Midfield,Attacking Midfield,183.0,right,2020-09-01,25.0,90000000.0
240306,2021,36,3118,10,6,10,0,Bruno Fernandes,1994-09-08,Midfield,Attacking Midfield,183.0,right,2021-09-01,26.0,85000000.0
240306,2022,37,3320,8,8,6,0,Bruno Fernandes,1994-09-08,Midfield,Attacking Midfield,183.0,right,2022-09-01,27.0,75000000.0
240306,2023,35,3120,10,8,9,0,Bruno Fernandes,1994-09-08,Midfield,Attacking Midfield,183.0,right,2023-09-01,28.0,70000000.0
240306,2024,36,3023,8,11,5,1,Bruno Fernandes,1994-09-08,Midfield,Attacking Midfield,183.0,right,2024-09-01,29.0,50000000.0
240306,2025,35,3068,9,21,5,0,Bruno Fernandes,1994-09-08,Midfield,Attacking Midfield,183.0,right,2025-09-01,30.0,35000000.0
240692,2025,25,1969,0,2,7,0,Reinildo Mandava,1994-01-21,Defender,Left-Back,180.0,left,2025-09-01,31.0,4000000.0
241481,2020,33,1817,2,0,4,0,Jaïro Riedewald,1996-09-09,Midfield,Defensive Midfield,182.0,left,2020-09-01,23.0,8000000.0
241641,2017,35,1520,6,5,0,0,Bernardo Silva,1994-08-10,Midfield,Attacking Midfield,173.0,left,2017-09-01,23.0,50000000.0
241641,2018,36,2853,7,8,3,0,Bernardo Silva,1994-08-10,Midfield,Attacking Midfield,173.0,left,2018-09-01,24.0,100000000.0
241641,2019,34,2029,6,7,5,0,Bernardo Silva,1994-08-10,Midfield,Attacking Midfield,173.0,left,2019-09-01,25.0,80000000.0
241641,2020,26,2070,2,6,5,0,Bernardo Silva,1994-08-10,Midfield,Attacking Midfield,173.0,left,2020-09-01,26.0,70000000.0
241641,2021,35,2860,8,4,6,0,Bernardo Silva,1994-08-10,Midfield,Attacking Midfield,173.0,left,2021-09-01,27.0,80000000.0
241641,2022,34,2202,4,6,5,0,Bernardo Silva,1994-08-10,Midfield,Attacking Midfield,173.0,left,2022-09-01,28.0,80000000.0
241641,2023,33,2582,6,9,8,0,Bernardo Silva,1994-08-10,Midfield,Attacking Midfield,173.0,left,2023-09-01,29.0,70000000.0
241641,2024,33,2668,4,4,7,0,Bernardo Silva,1994-08-10,Midfield,Attacking Midfield,173.0,left,2024-09-01,30.0,38000000.0
241641,2025,38,2888,2,4,9,0,Bernardo Silva,1994-08-10,Midfield,Attacking Midfield,173.0,left,2025-09-01,31.0,22000000.0
242606,2023,25,2060,2,3,9,0,Josh Cullen,1996-04-07,Midfield,Central Midfield,175.0,right,2023-09-01,27.0,10000000.0
242606,2025,18,1520,2,2,2,0,Josh Cullen,1996-04-07,Midfield,Central Midfield,175.0,right,2025-09-01,29.0,4000000.0
242631,2016,26,1462,3,3,1,0,Alex Iwobi,1996-05-03,Attack,Left Winger,183.0,right,2016-09-01,20.0,10000000.0
242631,2017,26,1844,3,5,1,0,Alex Iwobi,1996-05-03,Attack,Left Winger,183.0,right,2017-09-01,21.0,15000000.0
242631,2018,35,1972,3,6,0,0,Alex Iwobi,1996-05-03,Attack,Left Winger,183.0,right,2018-09-01,22.0,25000000.0
242631,2019,25,1601,1,0,0,0,Alex Iwobi,1996-05-03,Attack,Left Winger,183.0,right,2019-09-01,23.0,25500000.0
242631,2020,30,1540,1,2,0,0,Alex Iwobi,1996-05-03,Attack,Left Winger,183.0,right,2020-09-01,24.0,22000000.0
242631,2021,28,2035,2,2,1,0,Alex Iwobi,1996-05-03,Attack,Left Winger,183.0,right,2021-09-01,25.0,18000000.0
242631,2022,38,3382,2,8,2,0,Alex Iwobi,1996-05-03,Attack,Left Winger,183.0,right,2022-09-01,26.0,28000000.0
242631,2023,32,2346,5,2,2,0,Alex Iwobi,1996-05-03,Attack,Left Winger,183.0,right,2023-09-01,27.0,25000000.0
242631,2024,38,2998,9,6,1,0,Alex Iwobi,1996-05-03,Attack,Left Winger,183.0,right,2024-09-01,28.0,28000000.0
242631,2025,29,2436,4,3,3,0,Alex Iwobi,1996-05-03,Attack,Left Winger,183.0,right,2025-09-01,29.0,20000000.0
243028,2018,25,2150,0,1,7,0,Jan Bednarek,1996-04-12,Defender,Centre-Back,189.0,right,2018-09-01,22.0,15000000.0
243028,2019,34,3058,1,1,4,0,Jan Bednarek,1996-04-12,Defender,Centre-Back,189.0,right,2019-09-01,23.0,12000000.0
243028,2020,36,3101,1,1,5,1,Jan Bednarek,1996-04-12,Defender,Centre-Back,189.0,right,2020-09-01,24.0,25000000.0
243028,2021,31,2631,4,0,10,0,Jan Bednarek,1996-04-12,Defender,Centre-Back,189.0,right,2021-09-01,25.0,22000000.0
243028,2022,23,1773,0,0,5,0,Jan Bednarek,1996-04-12,Defender,Centre-Back,189.0,right,2022-09-01,26.0,14000000.0
243028,2024,30,2535,2,0,7,0,Jan Bednarek,1996-04-12,Defender,Centre-Back,189.0,right,2024-09-01,28.0,9000000.0
244338,2023,27,1093,0,0,1,0,Pelly Ruddock Mpanzu,1994-03-22,Midfield,Defensive Midfield,175.0,right,2023-09-01,29.0,1500000.0
245056,2023,24,1120,1,0,3,0,Saša Lukić,1996-08-13,Midfield,Central Midfield,182.0,right,2023-09-01,27.0,10000000.0
245056,2024,30,2360,0,2,12,0,Saša Lukić,1996-08-13,Midfield,Central Midfield,182.0,right,2024-09-01,28.0,14000000.0
245056,2025,26,1734,1,3,9,0,Saša Lukić,1996-08-13,Midfield,Central Midfield,182.0,right,2025-09-01,29.0,10000000.0
245537,2013,15,1068,0,2,2,0,Nabil Bentaleb,1994-11-24,Midfield,Defensive Midfield,189.0,left,2013-09-01,18.0,500000.0
245537,2014,26,2195,0,2,8,0,Nabil Bentaleb,1994-11-24,Midfield,Defensive Midfield,189.0,left,2014-09-01,19.0,6000000.0
246291,2020,15,1205,1,0,1,0,Diego Llorente,1993-08-16,Defender,Centre-Back,186.0,right,2020-09-01,27.0,20000000.0
246291,2021,28,2343,3,0,7,0,Diego Llorente,1993-08-16,Defender,Centre-Back,186.0,right,2021-09-01,28.0,18000000.0
246963,2023,38,2868,11,4,4,0,Carlton Morris,1995-12-16,Attack,Centre-Forward,185.0,right,2023-09-01,27.0,13000000.0
246968,2014,36,2371,7,0,0,0,Ayoze Pérez,1993-07-29,Attack,Centre-Forward,178.0,right,2014-09-01,21.0,5500000.0
246968,2015,34,2047,6,2,4,0,Ayoze Pérez,1993-07-29,Attack,Centre-Forward,178.0,right,2015-09-01,22.0,8000000.0
246968,2017,36,2498,8,4,3,0,Ayoze Pérez,1993-07-29,Attack,Centre-Forward,178.0,right,2017-09-01,24.0,10000000.0
246968,2018,37,2929,12,2,2,0,Ayoze Pérez,1993-07-29,Attack,Centre-Forward,178.0,right,2018-09-01,25.0,20000000.0
246968,2019,33,2019,8,4,0,0,Ayoze Pérez,1993-07-29,Attack,Centre-Forward,178.0,right,2019-09-01,26.0,24000000.0
246968,2020,25,1332,2,1,1,0,Ayoze Pérez,1993-07-29,Attack,Centre-Forward,178.0,right,2020-09-01,27.0,18000000.0
247555,2016,28,985,0,0,4,0,Edimilson Fernandes,1996-04-15,Midfield,Defensive Midfield,187.0,right,2016-09-01,20.0,5000000.0
248045,2015,23,907,3,1,0,0,Duncan Watmore,1994-03-08,Attack,Right Winger,175.0,right,2015-09-01,21.0,1500000.0
248045,2016,14,1029,0,3,1,0,Duncan Watmore,1994-03-08,Attack,Right Winger,175.0,right,2016-09-01,22.0,3000000.0
249089,2017,29,2239,0,2,5,0,Lewis Cook,1997-02-03,Midfield,Central Midfield,175.0,right,2017-09-01,20.0,20000000.0
249089,2019,27,1345,0,0,5,0,Lewis Cook,1997-02-03,Midfield,Central Midfield,175.0,right,2019-09-01,22.0,16000000.0
249089,2022,28,1715,0,2,4,0,Lewis Cook,1997-02-03,Midfield,Central Midfield,175.0,right,2022-09-01,25.0,10000000.0
249089,2023,33,2792,0,3,5,1,Lewis Cook,1997-02-03,Midfield,Central Midfield,175.0,right,2023-09-01,26.0,12000000.0
249089,2024,36,2978,1,3,8,1,Lewis Cook,1997-02-03,Midfield,Central Midfield,175.0,right,2024-09-01,27.0,15000000.0
249126,2018,26,1592,1,0,4,0,Harry Winks,1996-02-02,Midfield,Defensive Midfield,178.0,right,2018-09-01,22.0,25000000.0
249126,2019,31,2230,0,0,9,0,Harry Winks,1996-02-02,Midfield,Defensive Midfield,178.0,right,2019-09-01,23.0,32000000.0
249126,2021,19,907,0,1,2,0,Harry Winks,1996-02-02,Midfield,Defensive Midfield,178.0,right,2021-09-01,25.0,15000000.0
249126,2024,22,1540,0,2,4,0,Harry Winks,1996-02-02,Midfield,Defensive Midfield,178.0,right,2024-09-01,28.0,9000000.0
249356,2019,19,1550,0,2,2,0,Jack Stacey,1996-04-06,Defender,Right-Back,180.0,right,2019-09-01,23.0,3200000.0
249513,2019,27,2335,0,4,6,0,Diego Rico,1993-02-23,Defender,Left-Back,183.0,left,2019-09-01,26.0,8000000.0
249565,2018,13,1092,3,5,2,0,Youri Tielemans,1997-05-07,Midfield,Central Midfield,176.0,right,2018-09-01,21.0,38000000.0
249565,2019,37,2834,3,6,2,0,Youri Tielemans,1997-05-07,Midfield,Central Midfield,176.0,right,2019-09-01,22.0,44000000.0
249565,2020,38,3358,6,4,5,0,Youri Tielemans,1997-05-07,Midfield,Central Midfield,176.0,right,2020-09-01,23.0,55000000.0
249565,2021,32,2634,6,4,3,0,Youri Tielemans,1997-05-07,Midfield,Central Midfield,176.0,right,2021-09-01,24.0,55000000.0
249565,2022,31,2351,3,2,4,0,Youri Tielemans,1997-05-07,Midfield,Central Midfield,176.0,right,2022-09-01,25.0,25000000.0
249565,2023,32,1621,2,6,3,0,Youri Tielemans,1997-05-07,Midfield,Central Midfield,176.0,right,2023-09-01,26.0,25000000.0
249565,2024,36,3032,3,7,4,0,Youri Tielemans,1997-05-07,Midfield,Central Midfield,176.0,right,2024-09-01,27.0,38000000.0
249565,2025,25,1863,0,4,0,0,Youri Tielemans,1997-05-07,Midfield,Central Midfield,176.0,right,2025-09-01,28.0,30000000.0
250426,2021,23,1415,2,3,1,0,Adam Armstrong,1997-02-10,Attack,Centre-Forward,173.0,right,2021-09-01,24.0,15000000.0
250426,2022,30,1334,2,1,2,0,Adam Armstrong,1997-02-10,Attack,Centre-Forward,173.0,right,2022-09-01,25.0,10000000.0
250426,2024,20,1254,2,2,4,0,Adam Armstrong,1997-02-10,Attack,Centre-Forward,173.0,right,2024-09-01,27.0,12000000.0
250426,2025,14,1147,2,2,3,0,Adam Armstrong,1997-02-10,Attack,Centre-Forward,173.0,right,2025-09-01,28.0,6000000.0
250478,2015,14,1068,0,2,1,0,Matt Targett,1995-09-18,Defender,Left-Back,183.0,left,2015-09-01,19.0,3000000.0
250478,2018,16,1187,1,3,2,0,Matt Targett,1995-09-18,Defender,Left-Back,183.0,left,2018-09-01,22.0,7000000.0
250478,2019,28,2295,1,2,4,0,Matt Targett,1995-09-18,Defender,Left-Back,183.0,left,2019-09-01,23.0,10500000.0
250478,2020,38,3405,0,2,7,0,Matt Targett,1995-09-18,Defender,Left-Back,183.0,left,2020-09-01,24.0,17000000.0
250478,2021,33,2873,1,1,3,0,Matt Targett,1995-09-18,Defender,Left-Back,183.0,left,2021-09-01,25.0,17000000.0
251664,2021,33,2908,12,5,8,0,Ivan Toney,1996-03-16,Attack,Centre-Forward,185.0,right,2021-09-01,25.0,35000000.0
251664,2022,33,2955,20,4,9,0,Ivan Toney,1996-03-16,Attack,Centre-Forward,185.0,right,2022-09-01,26.0,35000000.0
251664,2023,17,1449,4,2,5,0,Ivan Toney,1996-03-16,Attack,Centre-Forward,185.0,right,2023-09-01,27.0,50000000.0
251845,2021,31,2094,3,2,8,0,Sergi Canós,1997-02-02,Attack,Left Winger,177.0,right,2021-09-01,24.0,14000000.0
251912,2020,33,2780,2,0,3,1,Semi Ajayi,1993-11-09,Defender,Centre-Back,193.0,right,2020-09-01,26.0,6000000.0
253341,2020,30,2558,0,0,2,0,Rob Holding,1995-09-20,Defender,Centre-Back,189.0,right,2020-09-01,24.0,18000000.0
253677,2019,33,2903,2,2,7,0,Tyrone Mings,1993-03-13,Defender,Centre-Back,196.0,left,2019-09-01,26.0,22500000.0
253677,2020,36,3195,2,2,6,0,Tyrone Mings,1993-03-13,Defender,Centre-Back,196.0,left,2020-09-01,27.0,30000000.0
253677,2021,36,3188,1,3,11,0,Tyrone Mings,1993-03-13,Defender,Centre-Back,196.0,left,2021-09-01,28.0,30000000.0
253677,2022,35,3150,1,2,7,0,Tyrone Mings,1993-03-13,Defender,Centre-Back,196.0,left,2022-09-01,29.0,22000000.0
253677,2024,14,1121,0,0,1,0,Tyrone Mings,1993-03-13,Defender,Centre-Back,196.0,left,2024-09-01,31.0,5000000.0
253677,2025,17,1323,0,1,1,0,Tyrone Mings,1993-03-13,Defender,Centre-Back,196.0,left,2025-09-01,32.0,3000000.0
253765,2017,28,2520,0,1,7,0,Wesley Hoedt,1994-03-06,Defender,Centre-Back,193.0,left,2017-09-01,23.0,15000000.0
253765,2018,13,1170,0,0,2,0,Wesley Hoedt,1994-03-06,Defender,Centre-Back,193.0,left,2018-09-01,24.0,12000000.0
255744,2021,19,1676,0,0,4,0,Samir Caetano,1994-12-05,Defender,Centre-Back,184.0,left,2021-09-01,26.0,5000000.0
255755,2021,21,1660,0,4,1,0,Alex Telles,1992-12-15,Defender,Left-Back,181.0,left,2021-09-01,28.0,18000000.0
255788,2024,18,1540,0,2,0,0,Cameron Burgess,1995-10-21,Defender,Centre-Back,194.0,left,2024-09-01,28.0,2000000.0
255906,2022,20,1573,0,0,4,0,Scott McKenna,1996-11-12,Defender,Centre-Back,189.0,left,2022-09-01,25.0,10000000.0
255916,2015,23,1812,0,1,2,0,DeAndre Yedlin,1993-07-09,Defender,Right-Back,173.0,right,2015-09-01,22.0,1500000.0
255916,2017,34,2842,0,2,5,0,DeAndre Yedlin,1993-07-09,Defender,Right-Back,173.0,right,2017-09-01,24.0,8000000.0
255916,2018,29,2475,1,3,6,1,DeAndre Yedlin,1993-07-09,Defender,Right-Back,173.0,right,2018-09-01,25.0,8000000.0
255916,2019,16,936,1,0,3,0,DeAndre Yedlin,1993-07-09,Defender,Right-Back,173.0,right,2019-09-01,26.0,6500000.0
256178,2017,23,1901,0,2,3,0,Joe Gomez,1997-05-23,Defender,Centre-Back,188.0,right,2017-09-01,20.0,22000000.0
256178,2018,16,1060,0,0,2,0,Joe Gomez,1997-05-23,Defender,Centre-Back,188.0,right,2018-09-01,21.0,35000000.0
256178,2019,28,1999,0,0,7,0,Joe Gomez,1997-05-23,Defender,Centre-Back,188.0,right,2019-09-01,22.0,33500000.0
256178,2022,21,1461,0,0,3,0,Joe Gomez,1997-05-23,Defender,Centre-Back,188.0,right,2022-09-01,25.0,22000000.0
256178,2023,32,1776,0,1,5,0,Joe Gomez,1997-05-23,Defender,Centre-Back,188.0,right,2023-09-01,26.0,28000000.0
256977,2020,24,1677,3,2,3,0,Daniel Podence,1995-10-21,Attack,Left Winger,170.0,right,2020-09-01,24.0,25000000.0
256977,2021,26,1484,2,3,2,0,Daniel Podence,1995-10-21,Attack,Left Winger,170.0,right,2021-09-01,25.0,20000000.0
256977,2022,32,1770,6,0,5,0,Daniel Podence,1995-10-21,Attack,Left Winger,170.0,right,2022-09-01,26.0,20000000.0
257455,2022,35,3113,3,0,14,0,João Palhinha,1995-07-09,Midfield,Defensive Midfield,190.0,right,2022-09-01,27.0,40000000.0
257455,2023,33,2709,4,1,13,0,João Palhinha,1995-07-09,Midfield,Defensive Midfield,190.0,right,2023-09-01,28.0,55000000.0
257455,2025,33,2198,5,2,8,0,João Palhinha,1995-07-09,Midfield,Defensive Midfield,190.0,right,2025-09-01,30.0,15000000.0
257805,2021,23,1651,1,2,6,0,Mathias Normann,1996-05-28,Midfield,Defensive Midfield,179.0,right,2021-09-01,25.0,10000000.0
258004,2020,32,2845,1,0,4,0,Rúben Dias,1997-05-14,Defender,Centre-Back,187.0,right,2020-09-01,23.0,75000000.0
258004,2021,29,2403,2,4,5,0,Rúben Dias,1997-05-14,Defender,Centre-Back,187.0,right,2021-09-01,24.0,75000000.0
258004,2022,26,1998,0,0,3,0,Rúben Dias,1997-05-14,Defender,Centre-Back,187.0,right,2022-09-01,25.0,80000000.0
258004,2023,30,2557,0,0,0,0,Rúben Dias,1997-05-14,Defender,Centre-Back,187.0,right,2023-09-01,26.0,80000000.0
258004,2024,27,2269,0,0,4,0,Rúben Dias,1997-05-14,Defender,Centre-Back,187.0,right,2024-09-01,27.0,65000000.0
258004,2025,26,2140,2,0,3,0,Rúben Dias,1997-05-14,Defender,Centre-Back,187.0,right,2025-09-01,28.0,55000000.0
258878,2020,33,2954,0,0,1,0,Tosin Adarabioyo,1997-09-24,Defender,Centre-Back,197.0,right,2020-09-01,22.0,12000000.0
258878,2022,25,2084,1,0,4,0,Tosin Adarabioyo,1997-09-24,Defender,Centre-Back,197.0,right,2022-09-01,24.0,16000000.0
258878,2023,20,1617,2,0,2,0,Tosin Adarabioyo,1997-09-24,Defender,Centre-Back,197.0,right,2023-09-01,25.0,20000000.0
258878,2024,22,1405,1,1,4,0,Tosin Adarabioyo,1997-09-24,Defender,Centre-Back,197.0,right,2024-09-01,26.0,20000000.0
258883,2017,19,1589,0,2,2,0,Jonjoe Kenny,1997-03-15,Defender,Right-Back,176.0,right,2017-09-01,20.0,5000000.0
258883,2021,15,1017,0,1,3,0,Jonjoe Kenny,1997-03-15,Defender,Right-Back,176.0,right,2021-09-01,24.0,4000000.0
258889,2019,32,1644,3,1,1,0,Dominic Solanke,1997-09-14,Attack,Centre-Forward,186.0,right,2019-09-01,21.0,12000000.0
258889,2022,33,2873,6,7,2,0,Dominic Solanke,1997-09-14,Attack,Centre-Forward,186.0,right,2022-09-01,24.0,20000000.0
258889,2023,38,3333,19,3,3,0,Dominic Solanke,1997-09-14,Attack,Centre-Forward,186.0,right,2023-09-01,25.0,40000000.0
258889,2024,27,2206,9,3,0,0,Dominic Solanke,1997-09-14,Attack,Centre-Forward,186.0,right,2024-09-01,26.0,40000000.0
258889,2025,15,1001,3,0,1,0,Dominic Solanke,1997-09-14,Attack,Centre-Forward,186.0,right,2025-09-01,27.0,28000000.0
258916,2021,19,912,1,1,0,0,Kieran Dowell,1997-10-10,Midfield,Attacking Midfield,183.0,left,2021-09-01,23.0,2500000.0
258923,2016,32,1703,5,2,3,0,Marcus Rashford,1997-10-31,Attack,Left Winger,185.0,right,2016-09-01,18.0,18000000.0
258923,2017,35,1807,7,5,3,0,Marcus Rashford,1997-10-31,Attack,Left Winger,185.0,right,2017-09-01,19.0,65000000.0
258923,2018,33,2344,10,9,3,1,Marcus Rashford,1997-10-31,Attack,Left Winger,185.0,right,2018-09-01,20.0,80000000.0
258923,2019,31,2655,17,9,3,0,Marcus Rashford,1997-10-31,Attack,Left Winger,185.0,right,2019-09-01,21.0,64000000.0
258923,2020,37,2924,11,11,4,0,Marcus Rashford,1997-10-31,Attack,Left Winger,185.0,right,2020-09-01,22.0,85000000.0
258923,2021,25,1233,4,2,2,0,Marcus Rashford,1997-10-31,Attack,Left Winger,185.0,right,2021-09-01,23.0,60000000.0
258923,2022,35,2891,17,5,2,0,Marcus Rashford,1997-10-31,Attack,Left Winger,185.0,right,2022-09-01,24.0,80000000.0
258923,2023,33,2278,7,3,2,0,Marcus Rashford,1997-10-31,Attack,Left Winger,185.0,right,2023-09-01,25.0,60000000.0
258923,2024,25,1426,6,4,2,0,Marcus Rashford,1997-10-31,Attack,Left Winger,185.0,right,2024-09-01,26.0,50000000.0
260806,2018,22,981,1,1,1,0,Isaac Mbenza,1996-03-08,Attack,Right Winger,188.0,right,2018-09-01,22.0,5000000.0
260827,2020,31,2730,1,1,7,1,Joachim Andersen,1996-05-31,Defender,Centre-Back,192.0,right,2020-09-01,24.0,22000000.0
260827,2021,34,2915,0,3,4,0,Joachim Andersen,1996-05-31,Defender,Centre-Back,192.0,right,2021-09-01,25.0,25000000.0
260827,2022,32,2783,1,0,7,0,Joachim Andersen,1996-05-31,Defender,Centre-Back,192.0,right,2022-09-01,26.0,30000000.0
260827,2023,38,3417,2,3,7,0,Joachim Andersen,1996-05-31,Defender,Centre-Back,192.0,right,2023-09-01,27.0,35000000.0
260827,2024,30,2674,0,0,7,1,Joachim Andersen,1996-05-31,Defender,Centre-Back,192.0,right,2024-09-01,28.0,27000000.0
260827,2025,33,2877,0,1,7,0,Joachim Andersen,1996-05-31,Defender,Centre-Back,192.0,right,2025-09-01,29.0,20000000.0
262226,2020,27,2347,2,3,0,0,Timothy Castagne,1995-12-05,Defender,Right-Back,185.0,right,2020-09-01,24.0,28000000.0
262226,2021,27,2126,1,0,1,0,Timothy Castagne,1995-12-05,Defender,Right-Back,185.0,right,2021-09-01,25.0,28000000.0
262226,2022,37,3257,2,3,3,0,Timothy Castagne,1995-12-05,Defender,Right-Back,185.0,right,2022-09-01,26.0,25000000.0
262226,2023,34,2634,1,3,3,0,Timothy Castagne,1995-12-05,Defender,Right-Back,185.0,right,2023-09-01,27.0,17000000.0
262226,2024,24,1643,0,1,1,0,Timothy Castagne,1995-12-05,Defender,Right-Back,185.0,right,2024-09-01,28.0,13000000.0
262226,2025,30,1842,0,0,4,0,Timothy Castagne,1995-12-05,Defender,Right-Back,185.0,right,2025-09-01,29.0,8000000.0
262300,2024,24,1468,0,1,2,0,Ryan Manning,1996-06-14,Defender,Left-Back,173.0,left,2024-09-01,28.0,3000000.0
262980,2018,30,2510,2,1,12,0,Jefferson Lerma,1994-10-25,Midfield,Defensive Midfield,180.0,right,2018-09-01,23.0,25000000.0
262980,2019,33,2709,1,2,13,0,Jefferson Lerma,1994-10-25,Midfield,Defensive Midfield,180.0,right,2019-09-01,24.0,20000000.0
262980,2022,37,3255,5,0,7,0,Jefferson Lerma,1994-10-25,Midfield,Defensive Midfield,180.0,right,2022-09-01,27.0,20000000.0
262980,2023,28,2404,1,1,8,0,Jefferson Lerma,1994-10-25,Midfield,Defensive Midfield,180.0,right,2023-09-01,28.0,20000000.0
262980,2024,33,2277,0,1,9,0,Jefferson Lerma,1994-10-25,Midfield,Defensive Midfield,180.0,right,2024-09-01,29.0,10000000.0
262980,2025,31,1724,0,4,7,0,Jefferson Lerma,1994-10-25,Midfield,Defensive Midfield,180.0,right,2025-09-01,30.0,6000000.0
263236,2025,24,1491,0,0,8,0,Kevin Danso,1998-09-19,Defender,Centre-Back,190.0,right,2025-09-01,26.0,20000000.0
263361,2022,16,1265,0,0,3,0,Maximilian Wöber,1998-02-04,Defender,Centre-Back,188.0,left,2022-09-01,24.0,14000000.0
263856,2018,32,2579,5,4,6,0,Víctor Camarasa,1994-05-28,Midfield,Central Midfield,183.0,right,2018-09-01,24.0,10000000.0
264220,2023,22,1664,0,4,5,0,Reece Burke,1996-09-02,Defender,Centre-Back,189.0,right,2023-09-01,26.0,1800000.0
270171,2021,31,2308,4,0,3,0,Vitaly Janelt,1998-05-10,Midfield,Defensive Midfield,184.0,left,2021-09-01,23.0,14000000.0
270171,2022,35,2210,3,1,3,0,Vitaly Janelt,1998-05-10,Midfield,Defensive Midfield,184.0,left,2022-09-01,24.0,20000000.0
270171,2023,38,3073,1,3,8,0,Vitaly Janelt,1998-05-10,Midfield,Defensive Midfield,184.0,left,2023-09-01,25.0,22000000.0
270171,2024,32,2267,1,3,3,0,Vitaly Janelt,1998-05-10,Midfield,Defensive Midfield,184.0,left,2024-09-01,26.0,20000000.0
270171,2025,25,1437,1,4,8,0,Vitaly Janelt,1998-05-10,Midfield,Defensive Midfield,184.0,left,2025-09-01,27.0,16000000.0
271966,2020,16,1193,3,2,2,0,Mbaye Diagne,1991-10-28,Attack,Centre-Forward,191.0,right,2020-09-01,28.0,3000000.0
272622,2018,33,2970,1,0,4,0,Issa Diop,1997-01-09,Defender,Centre-Back,194.0,right,2018-09-01,21.0,35000000.0
272622,2019,32,2766,3,1,8,0,Issa Diop,1997-01-09,Defender,Centre-Back,194.0,right,2019-09-01,22.0,28000000.0
272622,2020,18,1379,2,0,2,0,Issa Diop,1997-01-09,Defender,Centre-Back,194.0,right,2020-09-01,23.0,18000000.0
272622,2021,13,962,0,1,0,0,Issa Diop,1997-01-09,Defender,Centre-Back,194.0,right,2021-09-01,24.0,10000000.0
272622,2022,25,2009,1,0,2,0,Issa Diop,1997-01-09,Defender,Centre-Back,194.0,right,2022-09-01,25.0,18000000.0
272622,2023,18,1425,0,0,4,0,Issa Diop,1997-01-09,Defender,Centre-Back,194.0,right,2023-09-01,26.0,20000000.0
272622,2024,21,1335,0,0,2,0,Issa Diop,1997-01-09,Defender,Centre-Back,194.0,right,2024-09-01,27.0,14000000.0
272642,2019,26,1874,3,5,0,0,Allan Saint-Maximin,1997-03-12,Attack,Left Winger,173.0,right,2019-09-01,22.0,20000000.0
272642,2020,25,1567,3,4,0,0,Allan Saint-Maximin,1997-03-12,Attack,Left Winger,173.0,right,2020-09-01,23.0,30000000.0
272642,2021,35,2812,5,5,6,0,Allan Saint-Maximin,1997-03-12,Attack,Left Winger,173.0,right,2021-09-01,24.0,32000000.0
272642,2022,25,1117,1,5,1,0,Allan Saint-Maximin,1997-03-12,Attack,Left Winger,173.0,right,2022-09-01,25.0,32000000.0
272855,2024,25,1045,4,1,4,0,Paul Onuachu,1994-05-28,Attack,Centre-Forward,201.0,right,2024-09-01,30.0,6000000.0
272999,2019,36,3034,4,2,5,0,Miguel Almirón,1994-02-10,Attack,Right Winger,178.0,left,2019-09-01,25.0,16000000.0
272999,2020,34,2438,4,1,3,0,Miguel Almirón,1994-02-10,Attack,Right Winger,178.0,left,2020-09-01,26.0,16000000.0
272999,2021,30,1720,1,0,2,0,Miguel Almirón,1994-02-10,Attack,Right Winger,178.0,left,2021-09-01,27.0,16000000.0
272999,2022,34,2508,11,2,2,0,Miguel Almirón,1994-02-10,Attack,Right Winger,178.0,left,2022-09-01,28.0,32000000.0
272999,2023,33,1947,3,1,2,0,Miguel Almirón,1994-02-10,Attack,Right Winger,178.0,left,2023-09-01,29.0,20000000.0
274839,2016,17,1522,2,1,0,0,Wilfred Ndidi,1996-12-16,Midfield,Defensive Midfield,183.0,right,2016-09-01,19.0,14000000.0
274839,2017,33,2899,0,4,10,0,Wilfred Ndidi,1996-12-16,Midfield,Defensive Midfield,183.0,right,2017-09-01,20.0,25000000.0
274839,2018,38,3298,2,0,8,0,Wilfred Ndidi,1996-12-16,Midfield,Defensive Midfield,183.0,right,2018-09-01,21.0,35000000.0
274839,2019,32,2674,2,1,6,0,Wilfred Ndidi,1996-12-16,Midfield,Defensive Midfield,183.0,right,2019-09-01,22.0,36000000.0
274839,2020,26,2179,1,4,6,0,Wilfred Ndidi,1996-12-16,Midfield,Defensive Midfield,183.0,right,2020-09-01,23.0,60000000.0
274839,2021,19,1619,0,0,4,0,Wilfred Ndidi,1996-12-16,Midfield,Defensive Midfield,183.0,right,2021-09-01,24.0,60000000.0
274839,2022,27,1682,0,0,4,0,Wilfred Ndidi,1996-12-16,Midfield,Defensive Midfield,183.0,right,2022-09-01,25.0,25000000.0
274839,2024,28,2337,0,5,8,0,Wilfred Ndidi,1996-12-16,Midfield,Defensive Midfield,183.0,right,2024-09-01,27.0,15000000.0
275590,2022,27,1274,4,0,1,0,Kieffer Moore,1992-08-08,Attack,Centre-Forward,196.0,right,2022-09-01,30.0,4000000.0
277033,2018,30,2279,7,5,3,0,David Brooks,1997-07-08,Attack,Right Winger,173.0,left,2018-09-01,21.0,30000000.0
277033,2024,29,948,2,0,3,0,David Brooks,1997-07-08,Attack,Right Winger,173.0,left,2024-09-01,27.0,10000000.0
277033,2025,31,1199,1,3,7,0,David Brooks,1997-07-08,Attack,Right Winger,173.0,left,2025-09-01,28.0,12000000.0
277114,2016,24,1879,0,0,2,0,Jason Denayer,1995-06-28,Defender,Centre-Back,184.0,right,2016-09-01,21.0,4000000.0
278166,2023,21,1723,0,0,0,0,Amari'i Bell,1994-05-05,Defender,Centre-Back,180.0,left,2023-09-01,29.0,2500000.0
279455,2019,31,1664,7,0,2,0,Harry Wilson,1997-03-22,Attack,Right Winger,173.0,left,2019-09-01,22.0,17500000.0
279455,2022,29,1097,2,5,1,0,Harry Wilson,1997-03-22,Attack,Right Winger,173.0,left,2022-09-01,25.0,16000000.0
279455,2023,35,1614,4,6,6,0,Harry Wilson,1997-03-22,Attack,Right Winger,173.0,left,2023-09-01,26.0,17000000.0
279455,2024,25,1159,6,2,2,0,Harry Wilson,1997-03-22,Attack,Right Winger,173.0,left,2024-09-01,27.0,15000000.0
279455,2025,36,2694,10,7,7,0,Harry Wilson,1997-03-22,Attack,Right Winger,173.0,left,2025-09-01,28.0,25000000.0
281404,2017,13,1030,2,2,1,0,Kenedy,1996-02-08,Attack,Left Winger,185.0,left,2017-09-01,21.0,10000000.0
281404,2018,25,1343,1,1,1,0,Kenedy,1996-02-08,Attack,Left Winger,185.0,left,2018-09-01,22.0,10000000.0
282429,2020,27,2249,0,4,5,0,Sergio Reguilón,1996-12-16,Defender,Left-Back,178.0,left,2020-09-01,23.0,25000000.0
282429,2021,25,1922,2,3,4,0,Sergio Reguilón,1996-12-16,Defender,Left-Back,178.0,left,2021-09-01,24.0,25000000.0
282429,2023,25,1536,0,4,7,1,Sergio Reguilón,1996-12-16,Defender,Left-Back,178.0,left,2023-09-01,26.0,12000000.0
283628,2019,13,1041,3,0,0,0,Tomáš Souček,1995-02-27,Midfield,Defensive Midfield,192.0,right,2019-09-01,24.0,12000000.0
283628,2020,38,3420,10,1,7,1,Tomáš Souček,1995-02-27,Midfield,Defensive Midfield,192.0,right,2020-09-01,25.0,40000000.0
283628,2021,35,3062,5,1,3,0,Tomáš Souček,1995-02-27,Midfield,Defensive Midfield,192.0,right,2021-09-01,26.0,45000000.0
283628,2022,36,2819,2,3,3,0,Tomáš Souček,1995-02-27,Midfield,Defensive Midfield,192.0,right,2022-09-01,27.0,35000000.0
283628,2023,37,2874,7,2,7,0,Tomáš Souček,1995-02-27,Midfield,Defensive Midfield,192.0,right,2023-09-01,28.0,30000000.0
283628,2024,35,2571,9,2,8,0,Tomáš Souček,1995-02-27,Midfield,Defensive Midfield,192.0,right,2024-09-01,29.0,18000000.0
283628,2025,35,2199,5,0,3,0,Tomáš Souček,1995-02-27,Midfield,Defensive Midfield,192.0,right,2025-09-01,30.0,10000000.0
284165,2020,21,1212,1,4,3,0,Steven Bergwijn,1997-10-08,Attack,Left Winger,171.0,right,2020-09-01,22.0,22000000.0
284730,2022,29,2286,0,1,2,0,Manuel Akanji,1995-07-19,Defender,Centre-Back,188.0,right,2022-09-01,27.0,38000000.0
284730,2023,30,2514,2,0,4,0,Manuel Akanji,1995-07-19,Defender,Centre-Back,188.0,right,2023-09-01,28.0,45000000.0
284730,2024,26,2014,0,0,3,0,Manuel Akanji,1995-07-19,Defender,Centre-Back,188.0,right,2024-09-01,29.0,28000000.0
284857,2021,35,3092,1,1,6,0,Marc Cucurella,1998-07-22,Defender,Left-Back,173.0,left,2021-09-01,23.0,28000000.0
284857,2022,24,1678,0,2,4,0,Marc Cucurella,1998-07-22,Defender,Left-Back,173.0,left,2022-09-01,24.0,35000000.0
284857,2023,21,1785,0,2,10,0,Marc Cucurella,1998-07-22,Defender,Left-Back,173.0,left,2023-09-01,25.0,25000000.0
284857,2024,36,2992,5,2,10,0,Marc Cucurella,1998-07-22,Defender,Left-Back,173.0,left,2024-09-01,26.0,35000000.0
284857,2025,34,2710,1,4,8,0,Marc Cucurella,1998-07-22,Defender,Left-Back,173.0,left,2025-09-01,27.0,50000000.0
285548,2018,23,2014,1,0,2,0,Fabián Balbuena,1991-08-23,Defender,Centre-Back,188.0,right,2018-09-01,27.0,12000000.0
285548,2019,17,1176,1,0,2,0,Fabián Balbuena,1991-08-23,Defender,Centre-Back,188.0,right,2019-09-01,28.0,9500000.0
285548,2020,14,1198,1,0,1,1,Fabián Balbuena,1991-08-23,Defender,Centre-Back,188.0,right,2020-09-01,29.0,5000000.0
285845,2017,15,908,0,0,1,0,Ainsley Maitland-Niles,1997-08-29,Defender,Right-Back,180.0,right,2017-09-01,20.0,7000000.0
285845,2018,16,986,1,1,3,0,Ainsley Maitland-Niles,1997-08-29,Defender,Right-Back,180.0,right,2018-09-01,21.0,12000000.0
285845,2019,20,1383,0,2,6,0,Ainsley Maitland-Niles,1997-08-29,Defender,Right-Back,180.0,right,2019-09-01,22.0,14500000.0
285845,2020,26,1719,0,1,2,0,Ainsley Maitland-Niles,1997-08-29,Defender,Right-Back,180.0,right,2020-09-01,23.0,16000000.0
285845,2022,22,1404,0,1,3,0,Ainsley Maitland-Niles,1997-08-29,Defender,Right-Back,180.0,right,2022-09-01,25.0,8000000.0
286384,2016,25,2060,0,0,4,0,Eric Bailly,1994-04-12,Defender,Centre-Back,187.0,right,2016-09-01,22.0,30000000.0
286384,2017,13,1000,1,0,2,0,Eric Bailly,1994-04-12,Defender,Centre-Back,187.0,right,2017-09-01,23.0,35000000.0
286384,2020,12,915,0,0,3,0,Eric Bailly,1994-04-12,Defender,Centre-Back,187.0,right,2020-09-01,26.0,15000000.0
286949,2018,14,1004,0,1,5,0,Adam Masina,1994-01-02,Defender,Centre-Back,191.0,left,2018-09-01,24.0,7000000.0
286949,2019,26,1818,1,0,3,0,Adam Masina,1994-01-02,Defender,Centre-Back,191.0,left,2019-09-01,25.0,5500000.0
286949,2021,15,1076,0,1,0,0,Adam Masina,1994-01-02,Defender,Centre-Back,191.0,left,2021-09-01,27.0,3000000.0
287431,2016,27,2430,4,0,1,0,Alfie Mawson,1994-01-19,Defender,Centre-Back,189.0,right,2016-09-01,22.0,6000000.0
287431,2017,38,3420,2,1,3,0,Alfie Mawson,1994-01-19,Defender,Centre-Back,189.0,right,2017-09-01,23.0,15000000.0
287431,2018,15,1130,0,0,2,0,Alfie Mawson,1994-01-19,Defender,Centre-Back,189.0,right,2018-09-01,24.0,15000000.0
287579,2023,21,932,0,0,6,0,Sofyan Amrabat,1996-08-21,Midfield,Defensive Midfield,185.0,right,2023-09-01,27.0,22000000.0
289446,2019,29,2282,2,1,3,0,Yerry Mina,1994-09-23,Defender,Centre-Back,195.0,right,2019-09-01,24.0,20000000.0
289446,2020,24,1939,2,0,2,0,Yerry Mina,1994-09-23,Defender,Centre-Back,195.0,right,2020-09-01,25.0,20000000.0
289592,2022,27,1555,1,1,3,0,Orel Mangala,1998-03-18,Midfield,Defensive Midfield,178.0,right,2022-09-01,24.0,16000000.0
289592,2023,20,1570,1,0,6,0,Orel Mangala,1998-03-18,Midfield,Defensive Midfield,178.0,right,2023-09-01,25.0,20000000.0
289592,2024,19,1261,1,0,2,0,Orel Mangala,1998-03-18,Midfield,Defensive Midfield,178.0,right,2024-09-01,26.0,18000000.0
290017,2021,19,1626,1,0,5,0,Hassane Kamara,1994-03-05,Defender,Left-Back,170.0,left,2021-09-01,27.0,4000000.0
290532,2020,30,1388,1,6,0,0,Saïd Benrahma,1995-08-10,Attack,Left Winger,172.0,right,2020-09-01,25.0,22000000.0
290532,2021,32,2184,8,6,0,0,Saïd Benrahma,1995-08-10,Attack,Left Winger,172.0,right,2021-09-01,26.0,25000000.0
290532,2022,35,2071,6,3,0,0,Saïd Benrahma,1995-08-10,Attack,Left Winger,172.0,right,2022-09-01,27.0,25000000.0
291200,2022,14,1166,0,0,1,0,Moussa Niakhaté,1996-03-08,Defender,Centre-Back,190.0,left,2022-09-01,26.0,18000000.0
291200,2023,21,1457,1,0,5,0,Moussa Niakhaté,1996-03-08,Defender,Centre-Back,190.0,left,2023-09-01,27.0,16000000.0
291422,2019,30,1233,6,4,1,0,Lys Mousset,1996-02-08,Attack,Centre-Forward,186.0,right,2019-09-01,23.0,9500000.0
291739,2021,31,2239,1,2,0,0,Milot Rashica,1996-06-28,Attack,Right Winger,178.0,right,2021-09-01,25.0,7000000.0
292139,2024,20,1002,4,0,2,0,Sammie Szmodics,1995-09-24,Midfield,Attacking Midfield,168.0,right,2024-09-01,28.0,10000000.0
292246,2021,30,1822,5,1,2,0,Hee-chan Hwang,1996-01-26,Attack,Centre-Forward,177.0,right,2021-09-01,25.0,16000000.0
292246,2022,27,1127,3,1,1,0,Hee-chan Hwang,1996-01-26,Attack,Centre-Forward,177.0,right,2022-09-01,26.0,12000000.0
292246,2023,29,2124,12,3,6,0,Hee-chan Hwang,1996-01-26,Attack,Centre-Forward,177.0,right,2023-09-01,27.0,25000000.0
292246,2025,26,1455,2,2,5,0,Hee-chan Hwang,1996-01-26,Attack,Centre-Forward,177.0,right,2025-09-01,29.0,6000000.0
292417,2016,30,1037,1,4,2,0,Demarai Gray,1996-06-28,Attack,Left Winger,183.0,right,2016-09-01,20.0,9000000.0
292417,2017,35,1694,3,2,2,0,Demarai Gray,1996-06-28,Attack,Left Winger,183.0,right,2017-09-01,21.0,20000000.0
292417,2018,34,1996,4,1,2,0,Demarai Gray,1996-06-28,Attack,Left Winger,183.0,right,2018-09-01,22.0,20000000.0
292417,2021,34,2351,5,4,3,0,Demarai Gray,1996-06-28,Attack,Left Winger,183.0,right,2021-09-01,25.0,22000000.0
292417,2022,33,2511,4,1,3,0,Demarai Gray,1996-06-28,Attack,Left Winger,183.0,right,2022-09-01,26.0,20000000.0
292808,2022,31,2787,1,2,6,0,Wout Faes,1998-04-03,Defender,Centre-Back,187.0,right,2022-09-01,24.0,20000000.0
292808,2024,34,2812,1,0,4,0,Wout Faes,1998-04-03,Defender,Centre-Back,187.0,right,2024-09-01,26.0,15000000.0
293281,2023,32,1247,6,0,1,0,Jacob Bruun Larsen,1998-09-19,Attack,Left Winger,183.0,right,2023-09-01,24.0,8000000.0
293281,2025,28,1023,0,1,0,0,Jacob Bruun Larsen,1998-09-19,Attack,Left Winger,183.0,right,2025-09-01,26.0,4000000.0
293569,2020,33,2813,0,1,2,0,Josh Brownhill,1995-12-19,Midfield,Central Midfield,179.0,right,2020-09-01,24.0,7000000.0
293569,2021,35,2953,2,3,10,0,Josh Brownhill,1995-12-19,Midfield,Central Midfield,179.0,right,2021-09-01,25.0,7000000.0
293569,2023,33,2252,4,2,4,1,Josh Brownhill,1995-12-19,Midfield,Central Midfield,179.0,right,2023-09-01,27.0,15000000.0
294057,2018,36,2849,7,7,5,0,James Maddison,1996-11-23,Midfield,Attacking Midfield,175.0,right,2018-09-01,21.0,40000000.0
294057,2019,31,2629,6,3,4,0,James Maddison,1996-11-23,Midfield,Attacking Midfield,175.0,right,2019-09-01,22.0,48000000.0
294057,2020,31,2105,8,7,4,0,James Maddison,1996-11-23,Midfield,Attacking Midfield,175.0,right,2020-09-01,23.0,55000000.0
294057,2021,35,2467,12,8,3,0,James Maddison,1996-11-23,Midfield,Attacking Midfield,175.0,right,2021-09-01,24.0,50000000.0
294057,2022,30,2486,10,9,10,0,James Maddison,1996-11-23,Midfield,Attacking Midfield,175.0,right,2022-09-01,25.0,60000000.0
294057,2023,28,2154,4,9,5,0,James Maddison,1996-11-23,Midfield,Attacking Midfield,175.0,right,2023-09-01,26.0,70000000.0
294057,2024,31,1817,9,7,6,0,James Maddison,1996-11-23,Midfield,Attacking Midfield,175.0,right,2024-09-01,27.0,42000000.0
295313,2022,27,1411,10,1,2,0,Taiwo Awoniyi,1997-08-12,Attack,Centre-Forward,183.0,right,2022-09-01,25.0,25000000.0
295313,2023,20,1046,6,3,2,0,Taiwo Awoniyi,1997-08-12,Attack,Centre-Forward,183.0,right,2023-09-01,26.0,28000000.0
295330,2018,30,930,1,4,2,0,Kelechi Iheanacho,1996-10-03,Attack,Centre-Forward,185.0,left,2018-09-01,21.0,12000000.0
295330,2019,20,961,5,4,1,0,Kelechi Iheanacho,1996-10-03,Attack,Centre-Forward,185.0,left,2019-09-01,22.0,12000000.0
295330,2020,25,1457,12,2,1,0,Kelechi Iheanacho,1996-10-03,Attack,Centre-Forward,185.0,left,2020-09-01,23.0,20000000.0
295330,2021,26,1260,4,5,1,0,Kelechi Iheanacho,1996-10-03,Attack,Centre-Forward,185.0,left,2021-09-01,24.0,20000000.0
295330,2022,28,1121,5,5,0,0,Kelechi Iheanacho,1996-10-03,Attack,Centre-Forward,185.0,left,2022-09-01,25.0,18000000.0
295331,2018,30,1038,1,1,4,0,Isaac Success,1996-01-07,Attack,Centre-Forward,182.0,right,2018-09-01,22.0,5000000.0
295630,2021,18,1166,0,1,2,0,Dimitrios Giannoulis,1995-10-17,Defender,Left-Back,178.0,left,2021-09-01,25.0,5000000.0
296986,2020,27,1339,1,2,3,0,Tyler Roberts,1999-01-12,Attack,Centre-Forward,180.0,right,2020-09-01,21.0,6000000.0
296986,2021,23,978,1,1,5,0,Tyler Roberts,1999-01-12,Attack,Centre-Forward,180.0,right,2021-09-01,22.0,8000000.0
297212,2025,35,2954,2,0,3,0,Joe Rodon,1997-10-22,Defender,Centre-Back,193.0,right,2025-09-01,27.0,18000000.0
298091,2022,12,991,0,1,2,0,Harry Souttar,1998-10-22,Defender,Centre-Back,198.0,right,2022-09-01,23.0,15000000.0
298477,2019,36,2119,6,0,4,0,Oli McBurnie,1996-06-04,Attack,Centre-Forward,188.0,right,2019-09-01,23.0,8000000.0
298477,2020,23,1319,1,1,2,0,Oli McBurnie,1996-06-04,Attack,Centre-Forward,188.0,right,2020-09-01,24.0,10000000.0
298477,2023,21,1285,6,3,7,0,Oli McBurnie,1996-06-04,Attack,Centre-Forward,188.0,right,2023-09-01,27.0,4500000.0
300716,2019,15,992,1,1,2,0,Kieran Tierney,1997-06-05,Defender,Left-Back,180.0,left,2019-09-01,22.0,20000000.0
300716,2020,27,2301,1,4,4,0,Kieran Tierney,1997-06-05,Defender,Left-Back,180.0,left,2020-09-01,23.0,32000000.0
300716,2021,22,1919,1,3,0,0,Kieran Tierney,1997-06-05,Defender,Left-Back,180.0,left,2021-09-01,24.0,32000000.0
302215,2018,25,1395,2,1,0,0,Naby Keïta,1995-02-10,Midfield,Central Midfield,172.0,right,2018-09-01,23.0,60000000.0
302215,2021,23,1175,3,1,3,0,Naby Keïta,1995-02-10,Midfield,Central Midfield,172.0,right,2021-09-01,26.0,25000000.0
303254,2019,15,1293,1,0,3,0,Fikayo Tomori,1997-12-19,Defender,Centre-Back,185.0,right,2019-09-01,21.0,16000000.0
306024,2017,32,1875,4,7,4,0,Dominic Calvert-Lewin,1997-03-16,Attack,Centre-Forward,189.0,right,2017-09-01,20.0,15000000.0
306024,2018,35,1775,6,2,3,0,Dominic Calvert-Lewin,1997-03-16,Attack,Centre-Forward,189.0,right,2018-09-01,21.0,20000000.0
306024,2019,36,2630,13,1,9,0,Dominic Calvert-Lewin,1997-03-16,Attack,Centre-Forward,189.0,right,2019-09-01,22.0,24000000.0
306024,2020,33,2876,16,3,3,0,Dominic Calvert-Lewin,1997-03-16,Attack,Centre-Forward,189.0,right,2020-09-01,23.0,45000000.0
306024,2021,17,1287,5,2,2,0,Dominic Calvert-Lewin,1997-03-16,Attack,Centre-Forward,189.0,right,2021-09-01,24.0,40000000.0
306024,2022,17,1175,2,1,3,0,Dominic Calvert-Lewin,1997-03-16,Attack,Centre-Forward,189.0,right,2022-09-01,25.0,25000000.0
306024,2023,32,2186,7,2,2,0,Dominic Calvert-Lewin,1997-03-16,Attack,Centre-Forward,189.0,right,2023-09-01,26.0,22000000.0
306024,2024,26,1613,3,2,2,0,Dominic Calvert-Lewin,1997-03-16,Attack,Centre-Forward,189.0,right,2024-09-01,27.0,16000000.0
306024,2025,35,2730,14,1,3,0,Dominic Calvert-Lewin,1997-03-16,Attack,Centre-Forward,189.0,right,2025-09-01,28.0,22000000.0
309400,2020,27,1520,4,5,2,0,Kai Havertz,1999-06-11,Attack,Centre-Forward,193.0,left,2020-09-01,21.0,70000000.0
309400,2021,29,1811,8,4,3,0,Kai Havertz,1999-06-11,Attack,Centre-Forward,193.0,left,2021-09-01,22.0,70000000.0
309400,2022,35,2579,7,1,5,0,Kai Havertz,1999-06-11,Attack,Centre-Forward,193.0,left,2022-09-01,23.0,55000000.0
309400,2023,37,2640,13,7,11,0,Kai Havertz,1999-06-11,Attack,Centre-Forward,193.0,left,2023-09-01,24.0,70000000.0
309400,2024,23,1875,9,3,5,0,Kai Havertz,1999-06-11,Attack,Centre-Forward,193.0,left,2024-09-01,25.0,65000000.0
312017,2017,24,1235,2,0,2,0,Ramadan Sobhi,1997-01-23,Attack,Left Winger,183.0,right,2017-09-01,20.0,7000000.0
314183,2020,21,1132,1,0,1,0,Karlan Grant,1997-09-18,Attack,Centre-Forward,183.0,right,2020-09-01,22.0,8000000.0
314210,2016,24,1543,2,3,4,0,Tom Davies,1998-06-30,Midfield,Central Midfield,180.0,right,2016-09-01,18.0,8000000.0
314210,2017,33,1901,2,1,7,0,Tom Davies,1998-06-30,Midfield,Central Midfield,180.0,right,2017-09-01,19.0,15000000.0
314210,2018,16,976,0,0,3,0,Tom Davies,1998-06-30,Midfield,Central Midfield,180.0,right,2018-09-01,20.0,15000000.0
314210,2019,30,2026,1,0,8,0,Tom Davies,1998-06-30,Midfield,Central Midfield,180.0,right,2019-09-01,21.0,16000000.0
314210,2020,25,1426,0,1,3,0,Tom Davies,1998-06-30,Midfield,Central Midfield,180.0,right,2020-09-01,22.0,18000000.0
314241,2025,33,1759,1,0,7,0,Josh Laurent,1995-05-06,Midfield,Central Midfield,188.0,right,2025-09-01,30.0,1500000.0
314288,2025,31,1073,6,1,0,0,Lukas Nmecha,1998-12-14,Attack,Centre-Forward,185.0,right,2025-09-01,26.0,10000000.0
314353,2017,19,1576,1,1,3,0,Trent Alexander-Arnold,1998-10-07,Defender,Right-Back,180.0,right,2017-09-01,18.0,25000000.0
314353,2018,29,2467,1,12,3,0,Trent Alexander-Arnold,1998-10-07,Defender,Right-Back,180.0,right,2018-09-01,19.0,80000000.0
314353,2019,38,3176,4,13,5,0,Trent Alexander-Arnold,1998-10-07,Defender,Right-Back,180.0,right,2019-09-01,20.0,99000000.0
314353,2020,36,3033,2,7,2,0,Trent Alexander-Arnold,1998-10-07,Defender,Right-Back,180.0,right,2020-09-01,21.0,75000000.0
314353,2021,32,2854,2,12,2,0,Trent Alexander-Arnold,1998-10-07,Defender,Right-Back,180.0,right,2021-09-01,22.0,80000000.0
314353,2022,37,2931,2,9,5,0,Trent Alexander-Arnold,1998-10-07,Defender,Right-Back,180.0,right,2022-09-01,23.0,65000000.0
314353,2023,28,2163,3,4,6,0,Trent Alexander-Arnold,1998-10-07,Defender,Right-Back,180.0,right,2023-09-01,24.0,70000000.0
314353,2024,33,2377,3,7,5,0,Trent Alexander-Arnold,1998-10-07,Defender,Right-Back,180.0,right,2024-09-01,25.0,75000000.0
314367,2025,23,1065,1,3,0,0,Marcus Edwards,1998-12-03,Attack,Right Winger,168.0,left,2025-09-01,26.0,6000000.0
314875,2019,13,921,1,4,0,0,Jarrod Bowen,1996-12-20,Attack,Right Winger,176.0,left,2019-09-01,22.0,16000000.0
314875,2020,38,2577,8,5,0,0,Jarrod Bowen,1996-12-20,Attack,Right Winger,176.0,left,2020-09-01,23.0,30000000.0
314875,2021,36,2993,12,12,6,0,Jarrod Bowen,1996-12-20,Attack,Right Winger,176.0,left,2021-09-01,24.0,42000000.0
314875,2022,38,3237,6,6,2,0,Jarrod Bowen,1996-12-20,Attack,Right Winger,176.0,left,2022-09-01,25.0,38000000.0
314875,2023,34,3022,16,6,2,0,Jarrod Bowen,1996-12-20,Attack,Right Winger,176.0,left,2023-09-01,26.0,50000000.0
314875,2024,34,2980,13,10,0,0,Jarrod Bowen,1996-12-20,Attack,Right Winger,176.0,left,2024-09-01,27.0,40000000.0
314875,2025,38,3409,9,11,4,0,Jarrod Bowen,1996-12-20,Attack,Right Winger,176.0,left,2025-09-01,28.0,30000000.0
315131,2017,21,1594,0,0,2,0,Timothy Fosu-Mensah,1998-01-02,Defender,Right-Back,185.0,right,2017-09-01,19.0,7000000.0
315779,2019,25,1727,9,6,0,0,Christian Pulisic,1998-09-18,Attack,Right Winger,177.0,right,2019-09-01,20.0,54000000.0
315779,2020,27,1737,4,2,2,0,Christian Pulisic,1998-09-18,Attack,Right Winger,177.0,right,2020-09-01,21.0,50000000.0
315779,2021,22,1286,6,2,2,0,Christian Pulisic,1998-09-18,Attack,Right Winger,177.0,right,2021-09-01,22.0,42000000.0
315867,2022,16,928,3,0,3,0,Gianluca Scamacca,1999-01-01,Attack,Centre-Forward,195.0,right,2022-09-01,23.0,22000000.0
315969,2019,27,1771,4,1,2,0,Scott McTominay,1996-12-08,Midfield,Central Midfield,193.0,right,2019-09-01,22.0,22500000.0
315969,2020,32,2128,4,1,3,0,Scott McTominay,1996-12-08,Midfield,Central Midfield,193.0,right,2020-09-01,23.0,35000000.0
315969,2021,30,2391,1,1,9,0,Scott McTominay,1996-12-08,Midfield,Central Midfield,193.0,right,2021-09-01,24.0,32000000.0
315969,2022,24,1151,1,0,8,0,Scott McTominay,1996-12-08,Midfield,Central Midfield,193.0,right,2022-09-01,25.0,25000000.0
315969,2023,32,1892,7,1,2,0,Scott McTominay,1996-12-08,Midfield,Central Midfield,193.0,right,2023-09-01,26.0,32000000.0
316125,2017,24,1852,0,2,3,0,Ben Chilwell,1996-12-21,Defender,Left-Back,180.0,left,2017-09-01,20.0,8000000.0
316125,2018,36,3240,0,4,4,0,Ben Chilwell,1996-12-21,Defender,Left-Back,180.0,left,2018-09-01,21.0,35000000.0
316125,2019,27,2375,3,3,3,0,Ben Chilwell,1996-12-21,Defender,Left-Back,180.0,left,2019-09-01,22.0,40000000.0
316125,2020,27,2291,3,5,3,0,Ben Chilwell,1996-12-21,Defender,Left-Back,180.0,left,2020-09-01,23.0,45000000.0
316125,2022,23,1408,2,3,3,0,Ben Chilwell,1996-12-21,Defender,Left-Back,180.0,left,2022-09-01,25.0,35000000.0
316264,2021,36,2793,7,4,4,0,Martin Ødegaard,1998-12-17,Midfield,Attacking Midfield,178.0,left,2021-09-01,22.0,45000000.0
316264,2022,37,3150,15,8,4,0,Martin Ødegaard,1998-12-17,Midfield,Attacking Midfield,178.0,left,2022-09-01,23.0,90000000.0
316264,2023,35,3104,8,10,2,0,Martin Ødegaard,1998-12-17,Midfield,Attacking Midfield,178.0,left,2023-09-01,24.0,110000000.0
316264,2024,30,2332,3,8,4,0,Martin Ødegaard,1998-12-17,Midfield,Attacking Midfield,178.0,left,2024-09-01,25.0,85000000.0
316264,2025,24,1371,1,7,0,0,Martin Ødegaard,1998-12-17,Midfield,Attacking Midfield,178.0,left,2025-09-01,26.0,65000000.0
318077,2018,34,2380,2,2,7,1,Lucas Torreira,1996-02-11,Midfield,Defensive Midfield,166.0,right,2018-09-01,22.0,55000000.0
318077,2019,29,1508,1,1,7,0,Lucas Torreira,1996-02-11,Midfield,Defensive Midfield,166.0,right,2019-09-01,23.0,36000000.0
318523,2021,20,1625,0,1,3,0,Romain Perraud,1997-09-22,Defender,Left-Back,173.0,left,2021-09-01,23.0,8000000.0
318523,2022,29,1837,2,2,4,0,Romain Perraud,1997-09-22,Defender,Left-Back,173.0,left,2022-09-01,24.0,12000000.0
319301,2019,33,2291,3,6,4,0,Daniel James,1997-11-10,Attack,Right Winger,171.0,right,2019-09-01,21.0,22500000.0
319301,2020,15,912,3,1,3,0,Daniel James,1997-11-10,Attack,Right Winger,171.0,right,2020-09-01,22.0,18000000.0
319301,2021,34,2499,4,5,7,1,Daniel James,1997-11-10,Attack,Right Winger,171.0,right,2021-09-01,23.0,18000000.0
319745,2019,24,1700,0,2,1,0,Dani Ceballos,1996-08-07,Midfield,Central Midfield,179.0,right,2019-09-01,23.0,32000000.0
319745,2020,25,1614,0,3,4,0,Dani Ceballos,1996-08-07,Midfield,Central Midfield,179.0,right,2020-09-01,24.0,27000000.0
319859,2021,31,1600,0,1,0,0,Mathias Jensen,1996-01-01,Midfield,Central Midfield,180.0,right,2021-09-01,25.0,10000000.0
319859,2022,37,2831,5,6,5,0,Mathias Jensen,1996-01-01,Midfield,Central Midfield,180.0,right,2022-09-01,26.0,22000000.0
319859,2023,32,2221,3,3,5,0,Mathias Jensen,1996-01-01,Midfield,Central Midfield,180.0,right,2023-09-01,27.0,28000000.0
319859,2025,36,2252,3,1,3,0,Mathias Jensen,1996-01-01,Midfield,Central Midfield,180.0,right,2025-09-01,29.0,10000000.0
320141,2019,34,3037,1,1,4,1,Çağlar Söyüncü,1996-05-23,Defender,Centre-Back,185.0,both,2019-09-01,23.0,32000000.0
320141,2020,23,1816,1,0,2,0,Çağlar Söyüncü,1996-05-23,Defender,Centre-Back,185.0,both,2020-09-01,24.0,45000000.0
320141,2021,28,2498,1,0,5,0,Çağlar Söyüncü,1996-05-23,Defender,Centre-Back,185.0,both,2021-09-01,25.0,40000000.0
320411,2018,27,2191,2,0,7,0,Philip Billing,1996-06-11,Midfield,Central Midfield,193.0,left,2018-09-01,22.0,7000000.0
320411,2019,34,2533,1,1,8,0,Philip Billing,1996-06-11,Midfield,Central Midfield,193.0,left,2019-09-01,23.0,14500000.0
320411,2022,36,2787,7,1,5,0,Philip Billing,1996-06-11,Midfield,Central Midfield,193.0,left,2022-09-01,26.0,20000000.0
320411,2023,29,1393,2,2,3,1,Philip Billing,1996-06-11,Midfield,Central Midfield,193.0,left,2023-09-01,27.0,22000000.0
321247,2019,36,2463,1,7,6,1,Emiliano Buendía,1996-12-25,Attack,Left Winger,172.0,right,2019-09-01,22.0,14500000.0
321247,2021,35,1901,4,6,1,0,Emiliano Buendía,1996-12-25,Attack,Left Winger,172.0,right,2021-09-01,24.0,32000000.0
321247,2022,38,2422,5,2,0,0,Emiliano Buendía,1996-12-25,Attack,Left Winger,172.0,right,2022-09-01,25.0,28000000.0
321247,2025,36,1760,6,2,6,0,Emiliano Buendía,1996-12-25,Attack,Left Winger,172.0,right,2025-09-01,28.0,16000000.0
322985,2023,36,2924,4,6,9,0,Gustavo Hamer,1997-06-24,Midfield,Central Midfield,169.0,right,2023-09-01,26.0,15000000.0
324223,2024,17,1073,0,1,0,0,James Bree,1997-12-11,Defender,Right-Back,182.0,right,2024-09-01,26.0,2500000.0
324358,2020,37,3329,14,5,4,0,Ollie Watkins,1995-12-30,Attack,Centre-Forward,180.0,right,2020-09-01,24.0,32000000.0
324358,2021,35,2955,11,2,7,0,Ollie Watkins,1995-12-30,Attack,Centre-Forward,180.0,right,2021-09-01,25.0,35000000.0
324358,2022,37,3136,15,6,4,0,Ollie Watkins,1995-12-30,Attack,Centre-Forward,180.0,right,2022-09-01,26.0,40000000.0
324358,2023,37,3226,19,13,4,0,Ollie Watkins,1995-12-30,Attack,Centre-Forward,180.0,right,2023-09-01,27.0,65000000.0
324358,2024,38,2610,16,8,2,0,Ollie Watkins,1995-12-30,Attack,Centre-Forward,180.0,right,2024-09-01,28.0,40000000.0
324358,2025,37,2854,16,3,4,0,Ollie Watkins,1995-12-30,Attack,Centre-Forward,180.0,right,2025-09-01,29.0,25000000.0
324882,2019,29,1835,0,0,5,0,Marvelous Nakamba,1994-01-19,Midfield,Defensive Midfield,177.0,left,2019-09-01,25.0,8000000.0
324882,2021,16,904,0,0,5,0,Marvelous Nakamba,1994-01-19,Midfield,Defensive Midfield,177.0,left,2021-09-01,27.0,7000000.0
324882,2023,13,1133,0,0,5,0,Marvelous Nakamba,1994-01-19,Midfield,Defensive Midfield,177.0,left,2023-09-01,29.0,5000000.0
325443,2025,36,2231,14,1,5,0,Viktor Gyökeres,1998-06-04,Attack,Centre-Forward,189.0,right,2025-09-01,27.0,65000000.0
326031,2024,29,2128,2,0,4,0,Matthijs de Ligt,1999-08-12,Defender,Centre-Back,189.0,right,2024-09-01,25.0,38000000.0
326031,2025,13,1170,1,0,0,0,Matthijs de Ligt,1999-08-12,Defender,Centre-Back,189.0,right,2025-09-01,26.0,30000000.0
328658,2021,24,1987,1,2,5,0,Kristoffer Ajer,1998-04-17,Defender,Centre-Back,198.0,right,2021-09-01,23.0,18000000.0
328658,2023,28,1833,2,1,5,0,Kristoffer Ajer,1998-04-17,Defender,Centre-Back,198.0,right,2023-09-01,25.0,15000000.0
328658,2024,24,1443,0,0,5,0,Kristoffer Ajer,1998-04-17,Defender,Centre-Back,198.0,right,2024-09-01,26.0,18000000.0
328658,2025,27,1809,0,1,4,0,Kristoffer Ajer,1998-04-17,Defender,Centre-Back,198.0,right,2025-09-01,27.0,18000000.0
328784,2020,17,1131,0,0,1,0,Robin Koch,1996-07-17,Defender,Centre-Back,192.0,right,2020-09-01,24.0,17000000.0
328784,2021,20,1574,0,0,3,0,Robin Koch,1996-07-17,Defender,Centre-Back,192.0,right,2021-09-01,25.0,16000000.0
328784,2022,36,3177,0,0,7,0,Robin Koch,1996-07-17,Defender,Centre-Back,192.0,right,2022-09-01,26.0,18000000.0
329145,2023,27,1811,0,0,4,0,Diego Carlos,1993-03-15,Defender,Centre-Back,185.0,right,2023-09-01,30.0,16000000.0
330659,2023,32,1935,7,1,5,0,Justin Kluivert,1999-05-05,Midfield,Attacking Midfield,173.0,both,2023-09-01,24.0,14000000.0
330659,2024,34,2356,12,6,8,0,Justin Kluivert,1999-05-05,Midfield,Attacking Midfield,173.0,both,2024-09-01,25.0,35000000.0
330659,2025,20,953,2,0,5,0,Justin Kluivert,1999-05-05,Midfield,Attacking Midfield,173.0,both,2025-09-01,26.0,25000000.0
331560,2021,21,1684,0,1,2,0,Takehiro Tomiyasu,1998-11-05,Defender,Centre-Back,187.0,right,2021-09-01,22.0,25000000.0
331560,2023,22,1143,2,1,2,0,Takehiro Tomiyasu,1998-11-05,Defender,Centre-Back,187.0,right,2023-09-01,24.0,35000000.0
331726,2017,31,1720,5,2,0,0,Tammy Abraham,1997-10-02,Attack,Centre-Forward,194.0,right,2017-09-01,19.0,10000000.0
331726,2019,34,2222,15,4,2,0,Tammy Abraham,1997-10-02,Attack,Centre-Forward,194.0,right,2019-09-01,21.0,40000000.0
331726,2020,22,1034,6,2,0,0,Tammy Abraham,1997-10-02,Attack,Centre-Forward,194.0,right,2020-09-01,22.0,38000000.0
332341,2019,37,2501,6,2,6,0,Todd Cantwell,1998-02-27,Midfield,Attacking Midfield,180.0,right,2019-09-01,21.0,20000000.0
332697,2022,19,1441,0,1,7,0,Weston McKennie,1998-08-28,Midfield,Central Midfield,180.0,right,2022-09-01,24.0,18000000.0
332705,2022,24,2157,0,0,6,0,Tyler Adams,1999-02-14,Midfield,Defensive Midfield,175.0,right,2022-09-01,23.0,18000000.0
332705,2024,28,1965,0,3,7,0,Tyler Adams,1999-02-14,Midfield,Defensive Midfield,175.0,right,2024-09-01,25.0,18000000.0
332705,2025,25,1779,2,2,8,0,Tyler Adams,1999-02-14,Midfield,Defensive Midfield,175.0,right,2025-09-01,26.0,25000000.0
333014,2019,14,949,1,1,0,0,Sander Berge,1998-02-14,Midfield,Defensive Midfield,195.0,right,2019-09-01,21.0,20000000.0
333014,2020,15,1121,1,1,4,0,Sander Berge,1998-02-14,Midfield,Defensive Midfield,195.0,right,2020-09-01,22.0,18000000.0
333014,2023,37,3006,1,2,10,0,Sander Berge,1998-02-14,Midfield,Defensive Midfield,195.0,right,2023-09-01,25.0,20000000.0
333014,2024,31,2227,0,0,6,0,Sander Berge,1998-02-14,Midfield,Defensive Midfield,195.0,right,2024-09-01,26.0,25000000.0
333014,2025,35,2911,0,1,5,0,Sander Berge,1998-02-14,Midfield,Defensive Midfield,195.0,right,2025-09-01,27.0,25000000.0
333241,2019,38,2698,2,2,6,0,Joelinton,1996-08-14,Midfield,Central Midfield,186.0,right,2019-09-01,23.0,20000000.0
333241,2020,31,1988,4,2,3,0,Joelinton,1996-08-14,Midfield,Central Midfield,186.0,right,2020-09-01,24.0,17000000.0
333241,2021,35,2559,4,1,8,0,Joelinton,1996-08-14,Midfield,Central Midfield,186.0,right,2021-09-01,25.0,20000000.0
333241,2022,32,2663,6,2,12,0,Joelinton,1996-08-14,Midfield,Central Midfield,186.0,right,2022-09-01,26.0,42000000.0
333241,2023,20,1282,2,1,6,0,Joelinton,1996-08-14,Midfield,Central Midfield,186.0,right,2023-09-01,27.0,40000000.0
333241,2024,29,2404,4,3,10,0,Joelinton,1996-08-14,Midfield,Central Midfield,186.0,right,2024-09-01,28.0,35000000.0
333241,2025,27,1956,2,1,10,0,Joelinton,1996-08-14,Midfield,Central Midfield,186.0,right,2025-09-01,29.0,25000000.0
335721,2020,36,3196,0,0,5,0,Ben White,1997-10-08,Defender,Right-Back,186.0,right,2020-09-01,22.0,28000000.0
335721,2021,32,2880,0,0,3,0,Ben White,1997-10-08,Defender,Right-Back,186.0,right,2021-09-01,23.0,40000000.0
335721,2022,38,3067,2,5,5,0,Ben White,1997-10-08,Defender,Right-Back,186.0,right,2022-09-01,24.0,55000000.0
335721,2023,37,2995,4,4,8,0,Ben White,1997-10-08,Defender,Right-Back,186.0,right,2023-09-01,25.0,55000000.0
335721,2024,17,1198,0,2,2,0,Ben White,1997-10-08,Defender,Right-Back,186.0,right,2024-09-01,26.0,45000000.0
336869,2022,32,2330,1,2,7,0,Marc Roca,1996-11-26,Midfield,Defensive Midfield,184.0,left,2022-09-01,25.0,10000000.0
338424,2017,24,1343,1,1,4,0,Mikel Merino,1996-06-22,Midfield,Central Midfield,188.0,left,2017-09-01,21.0,10000000.0
338424,2024,28,1581,7,2,4,0,Mikel Merino,1996-06-22,Midfield,Central Midfield,188.0,left,2024-09-01,28.0,35000000.0
338424,2025,22,1027,4,3,1,0,Mikel Merino,1996-06-22,Midfield,Central Midfield,188.0,left,2025-09-01,29.0,25000000.0
339340,2022,22,1393,0,0,6,0,Tyrell Malacia,1999-08-17,Defender,Left-Back,169.0,left,2022-09-01,23.0,22000000.0
339556,2021,34,2784,3,0,2,0,Rico Henry,1997-07-08,Defender,Left-Back,170.0,left,2021-09-01,24.0,20000000.0
339556,2022,37,3246,0,2,4,0,Rico Henry,1997-07-08,Defender,Left-Back,170.0,left,2022-09-01,25.0,28000000.0
339556,2025,25,1329,0,0,2,0,Rico Henry,1997-07-08,Defender,Left-Back,170.0,left,2025-09-01,28.0,13000000.0
340321,2022,36,1383,4,2,1,0,Josh Dasilva,1998-10-23,Midfield,Central Midfield,184.0,left,2022-09-01,23.0,16000000.0
340324,2022,30,1071,4,2,3,0,Eddie Nketiah,1999-05-30,Attack,Centre-Forward,175.0,right,2022-09-01,23.0,25000000.0
340324,2023,27,1072,5,2,3,0,Eddie Nketiah,1999-05-30,Attack,Centre-Forward,175.0,right,2023-09-01,24.0,30000000.0
340324,2024,29,1025,3,2,5,0,Eddie Nketiah,1999-05-30,Attack,Centre-Forward,175.0,right,2024-09-01,25.0,18000000.0
340328,2024,30,1617,4,1,2,0,Stephy Mavididi,1998-05-31,Attack,Left Winger,182.0,right,2024-09-01,26.0,10000000.0
340329,2020,21,1214,8,0,1,0,Joe Willock,1999-08-20,Midfield,Central Midfield,186.0,right,2020-09-01,21.0,16000000.0
340329,2021,29,2045,2,0,0,0,Joe Willock,1999-08-20,Midfield,Central Midfield,186.0,right,2021-09-01,22.0,22000000.0
340329,2022,35,2578,3,6,1,0,Joe Willock,1999-08-20,Midfield,Central Midfield,186.0,right,2022-09-01,23.0,38000000.0
340329,2024,32,1073,0,2,4,0,Joe Willock,1999-08-20,Midfield,Central Midfield,186.0,right,2024-09-01,25.0,22000000.0
340329,2025,24,980,0,2,3,0,Joe Willock,1999-08-20,Midfield,Central Midfield,186.0,right,2025-09-01,26.0,14000000.0
340456,2024,37,2849,0,2,3,0,Noussair Mazraoui,1997-11-14,Defender,Right-Back,183.0,right,2024-09-01,26.0,25000000.0
340456,2025,20,984,0,0,3,0,Noussair Mazraoui,1997-11-14,Defender,Right-Back,183.0,right,2025-09-01,27.0,18000000.0
340950,2018,33,2369,9,5,11,0,Diogo Jota,1996-12-04,Attack,Left Winger,178.0,right,2018-09-01,21.0,35000000.0
340950,2019,34,2298,7,1,4,0,Diogo Jota,1996-12-04,Attack,Left Winger,178.0,right,2019-09-01,22.0,28000000.0
340950,2020,19,1113,9,0,2,0,Diogo Jota,1996-12-04,Attack,Left Winger,178.0,right,2020-09-01,23.0,45000000.0
340950,2021,35,2374,15,6,3,0,Diogo Jota,1996-12-04,Attack,Left Winger,178.0,right,2021-09-01,24.0,60000000.0
340950,2022,22,1133,7,4,2,0,Diogo Jota,1996-12-04,Attack,Left Winger,178.0,right,2022-09-01,25.0,50000000.0
340950,2023,21,1151,10,3,3,0,Diogo Jota,1996-12-04,Attack,Left Winger,178.0,right,2023-09-01,26.0,50000000.0
340950,2024,26,1194,6,4,2,0,Diogo Jota,1996-12-04,Attack,Left Winger,178.0,right,2024-09-01,27.0,40000000.0
341051,2019,13,946,0,0,1,0,Kyle Walker-Peters,1997-04-13,Defender,Right-Back,173.0,right,2019-09-01,22.0,8000000.0
341051,2020,30,2649,0,3,4,0,Kyle Walker-Peters,1997-04-13,Defender,Right-Back,173.0,right,2020-09-01,23.0,18000000.0
341051,2021,32,2632,1,2,5,0,Kyle Walker-Peters,1997-04-13,Defender,Right-Back,173.0,right,2021-09-01,24.0,22000000.0
341051,2022,31,2653,1,0,4,0,Kyle Walker-Peters,1997-04-13,Defender,Right-Back,173.0,right,2022-09-01,25.0,25000000.0
341051,2024,33,2922,0,2,5,0,Kyle Walker-Peters,1997-04-13,Defender,Right-Back,173.0,right,2024-09-01,27.0,15000000.0
341051,2025,23,1380,1,0,2,0,Kyle Walker-Peters,1997-04-13,Defender,Right-Back,173.0,right,2025-09-01,28.0,12000000.0
341317,2020,25,1273,1,1,2,0,Oliver Burke,1997-04-07,Attack,Centre-Forward,188.0,right,2020-09-01,23.0,6000000.0
341429,2017,31,2535,0,0,1,1,Davinson Sánchez,1996-06-12,Defender,Centre-Back,188.0,right,2017-09-01,21.0,40000000.0
341429,2018,23,1943,1,1,2,0,Davinson Sánchez,1996-06-12,Defender,Centre-Back,188.0,right,2018-09-01,22.0,55000000.0
341429,2019,29,2431,0,0,6,0,Davinson Sánchez,1996-06-12,Defender,Centre-Back,188.0,right,2019-09-01,23.0,48000000.0
341429,2020,18,1486,0,0,1,0,Davinson Sánchez,1996-06-12,Defender,Centre-Back,188.0,right,2020-09-01,24.0,32000000.0
341429,2021,23,1626,2,0,4,0,Davinson Sánchez,1996-06-12,Defender,Centre-Back,188.0,right,2021-09-01,25.0,28000000.0
342046,2024,22,1717,0,1,5,0,Axel Tuanzebe,1997-11-14,Defender,Centre-Back,188.0,right,2024-09-01,26.0,5000000.0
342046,2025,14,1202,1,0,1,0,Axel Tuanzebe,1997-11-14,Defender,Centre-Back,188.0,right,2025-09-01,27.0,5000000.0
342048,2020,20,1237,1,0,0,0,Grady Diangana,1998-04-19,Attack,Right Winger,180.0,left,2020-09-01,22.0,10000000.0
342385,2024,23,1155,0,1,6,0,Guido Rodríguez,1994-04-12,Midfield,Defensive Midfield,185.0,right,2024-09-01,30.0,10000000.0
343052,2020,29,1612,10,1,1,1,Nicolas Pépé,1995-05-29,Attack,Right Winger,183.0,left,2020-09-01,25.0,35000000.0
343475,2019,30,2646,0,0,3,1,Ben Godfrey,1998-01-15,Defender,Centre-Back,184.0,right,2019-09-01,21.0,11500000.0
343475,2020,31,2683,0,2,4,0,Ben Godfrey,1998-01-15,Defender,Centre-Back,184.0,right,2020-09-01,22.0,25000000.0
343475,2021,23,2031,0,0,6,0,Ben Godfrey,1998-01-15,Defender,Centre-Back,184.0,right,2021-09-01,23.0,20000000.0
343475,2023,15,1123,0,0,2,0,Ben Godfrey,1998-01-15,Defender,Centre-Back,184.0,right,2023-09-01,25.0,10000000.0
344069,2025,29,2378,5,3,3,0,Anton Stach,1998-11-15,Midfield,Defensive Midfield,194.0,right,2025-09-01,26.0,28000000.0
344152,2021,28,1566,6,3,4,0,Odsonne Édouard,1998-01-16,Attack,Centre-Forward,187.0,right,2021-09-01,23.0,17000000.0
344152,2022,35,1806,5,2,3,0,Odsonne Édouard,1998-01-16,Attack,Centre-Forward,187.0,right,2022-09-01,24.0,15000000.0
344152,2023,30,1555,7,0,4,0,Odsonne Édouard,1998-01-16,Attack,Centre-Forward,187.0,right,2023-09-01,25.0,18000000.0
344381,2024,27,910,3,2,2,0,Christopher Nkunku,1997-11-14,Attack,Centre-Forward,177.0,right,2024-09-01,26.0,35000000.0
344605,2021,19,1100,0,1,0,0,Boubakary Soumaré,1999-02-27,Midfield,Defensive Midfield,188.0,right,2021-09-01,22.0,25000000.0
344605,2022,26,1634,0,0,9,0,Boubakary Soumaré,1999-02-27,Midfield,Defensive Midfield,188.0,right,2022-09-01,23.0,20000000.0
344830,2023,33,1987,4,0,4,0,Tahith Chong,1999-12-04,Midfield,Attacking Midfield,185.0,left,2023-09-01,23.0,6000000.0
345911,2025,28,2361,2,1,3,0,Ladislav Krejci,1999-04-20,Defender,Centre-Back,191.0,left,2025-09-01,26.0,22000000.0
346018,2019,28,2305,1,0,4,0,Jamal Lewis,1998-01-25,Defender,Left-Back,178.0,left,2019-09-01,21.0,11000000.0
346018,2020,24,1834,0,1,4,0,Jamal Lewis,1998-01-25,Defender,Left-Back,178.0,left,2020-09-01,22.0,15000000.0
346314,2021,20,1448,3,1,2,0,Trevoh Chalobah,1999-07-05,Defender,Centre-Back,192.0,right,2021-09-01,22.0,20000000.0
346314,2022,25,1603,0,0,4,0,Trevoh Chalobah,1999-07-05,Defender,Centre-Back,192.0,right,2022-09-01,23.0,18000000.0
346314,2023,13,950,1,0,1,0,Trevoh Chalobah,1999-07-05,Defender,Centre-Back,192.0,right,2023-09-01,24.0,13000000.0
346314,2024,25,1974,3,1,3,0,Trevoh Chalobah,1999-07-05,Defender,Centre-Back,192.0,right,2024-09-01,25.0,25000000.0
346314,2025,34,2782,3,0,3,0,Trevoh Chalobah,1999-07-05,Defender,Centre-Back,192.0,right,2025-09-01,26.0,40000000.0
346483,2019,37,2875,7,6,3,0,Mason Mount,1999-01-10,Midfield,Attacking Midfield,181.0,right,2019-09-01,20.0,40500000.0
346483,2020,36,2894,6,6,2,0,Mason Mount,1999-01-10,Midfield,Attacking Midfield,181.0,right,2020-09-01,21.0,75000000.0
346483,2021,32,2364,11,10,4,0,Mason Mount,1999-01-10,Midfield,Attacking Midfield,181.0,right,2021-09-01,22.0,75000000.0
346483,2022,24,1655,3,2,4,0,Mason Mount,1999-01-10,Midfield,Attacking Midfield,181.0,right,2022-09-01,23.0,60000000.0
346483,2025,23,1017,3,0,2,0,Mason Mount,1999-01-10,Midfield,Attacking Midfield,181.0,right,2025-09-01,26.0,25000000.0
346707,2019,23,1373,1,1,2,1,Sean Longstaff,1997-10-30,Midfield,Central Midfield,187.0,right,2019-09-01,21.0,17500000.0
346707,2020,22,1408,0,1,2,0,Sean Longstaff,1997-10-30,Midfield,Central Midfield,187.0,right,2020-09-01,22.0,15000000.0
346707,2021,24,1460,1,1,1,0,Sean Longstaff,1997-10-30,Midfield,Central Midfield,187.0,right,2021-09-01,23.0,13000000.0
346707,2022,33,2516,1,4,2,0,Sean Longstaff,1997-10-30,Midfield,Central Midfield,187.0,right,2022-09-01,24.0,25000000.0
346707,2023,35,2747,6,2,7,0,Sean Longstaff,1997-10-30,Midfield,Central Midfield,187.0,right,2023-09-01,25.0,25000000.0
346707,2025,23,1006,2,2,2,0,Sean Longstaff,1997-10-30,Midfield,Central Midfield,187.0,right,2025-09-01,27.0,15000000.0
346779,2019,30,1106,4,3,0,0,Ché Adams,1996-07-13,Attack,Centre-Forward,175.0,right,2019-09-01,23.0,9500000.0
346779,2020,36,2674,9,5,1,0,Ché Adams,1996-07-13,Attack,Centre-Forward,175.0,right,2020-09-01,24.0,20000000.0
346779,2021,30,2042,7,3,0,0,Ché Adams,1996-07-13,Attack,Centre-Forward,175.0,right,2021-09-01,25.0,18000000.0
346779,2022,28,1997,5,3,1,0,Ché Adams,1996-07-13,Attack,Centre-Forward,175.0,right,2022-09-01,26.0,20000000.0
346890,2025,28,1569,8,1,3,0,Noah Okafor,2000-05-24,Attack,Left Winger,185.0,right,2025-09-01,25.0,25000000.0
348026,2025,32,2787,3,4,5,0,Nordi Mukiele,1997-11-01,Defender,Right-Back,187.0,right,2025-09-01,27.0,16000000.0
348623,2016,18,1371,0,1,2,0,Mason Holgate,1996-10-22,Defender,Centre-Back,187.0,right,2016-09-01,19.0,5000000.0
348623,2017,15,1183,0,0,3,0,Mason Holgate,1996-10-22,Defender,Centre-Back,187.0,right,2017-09-01,20.0,7000000.0
348623,2019,27,2054,0,3,5,0,Mason Holgate,1996-10-22,Defender,Centre-Back,187.0,right,2019-09-01,22.0,13500000.0
348623,2020,28,2289,1,0,9,0,Mason Holgate,1996-10-22,Defender,Centre-Back,187.0,right,2020-09-01,23.0,20000000.0
348623,2021,25,2134,2,1,7,1,Mason Holgate,1996-10-22,Defender,Centre-Back,187.0,right,2021-09-01,24.0,18000000.0
348795,2019,28,1487,0,2,6,0,Giovani Lo Celso,1996-04-09,Midfield,Attacking Midfield,177.0,left,2019-09-01,23.0,40000000.0
348795,2020,18,950,1,1,5,0,Giovani Lo Celso,1996-04-09,Midfield,Attacking Midfield,177.0,left,2020-09-01,24.0,27000000.0
348863,2018,21,1416,1,0,4,0,Juninho Bacuna,1997-08-07,Midfield,Central Midfield,178.0,right,2018-09-01,21.0,3500000.0
349066,2022,22,1526,10,2,3,0,Alexander Isak,1999-09-21,Attack,Centre-Forward,190.0,right,2022-09-01,22.0,70000000.0
349066,2023,30,2266,21,2,1,0,Alexander Isak,1999-09-21,Attack,Centre-Forward,190.0,right,2023-09-01,23.0,75000000.0
349066,2024,34,2774,23,6,1,0,Alexander Isak,1999-09-21,Attack,Centre-Forward,190.0,right,2024-09-01,24.0,120000000.0
349599,2022,35,2684,1,6,4,0,Pervis Estupiñán,1998-01-21,Defender,Left-Back,175.0,left,2022-09-01,24.0,32000000.0
349599,2023,19,1245,2,3,4,0,Pervis Estupiñán,1998-01-21,Defender,Left-Back,175.0,left,2023-09-01,25.0,30000000.0
349599,2024,30,2403,1,1,5,0,Pervis Estupiñán,1998-01-21,Defender,Left-Back,175.0,left,2024-09-01,26.0,30000000.0
349701,2020,28,2162,0,0,4,1,Antonee Robinson,1997-08-08,Defender,Left-Back,183.0,left,2020-09-01,23.0,7000000.0
349701,2022,35,3089,0,1,8,0,Antonee Robinson,1997-08-08,Defender,Left-Back,183.0,left,2022-09-01,25.0,15000000.0
349701,2023,37,3270,0,6,6,0,Antonee Robinson,1997-08-08,Defender,Left-Back,183.0,left,2023-09-01,26.0,25000000.0
349701,2024,36,3167,0,10,8,0,Antonee Robinson,1997-08-08,Defender,Left-Back,183.0,left,2024-09-01,27.0,35000000.0
349701,2025,22,1492,1,0,5,0,Antonee Robinson,1997-08-08,Defender,Left-Back,183.0,left,2025-09-01,28.0,22000000.0
351749,2020,29,2429,1,2,10,0,Kalvin Phillips,1995-12-02,Midfield,Defensive Midfield,179.0,right,2020-09-01,24.0,30000000.0
351749,2021,20,1595,0,1,4,0,Kalvin Phillips,1995-12-02,Midfield,Defensive Midfield,179.0,right,2021-09-01,25.0,50000000.0
351749,2024,19,1240,0,0,6,0,Kalvin Phillips,1995-12-02,Midfield,Defensive Midfield,179.0,right,2024-09-01,28.0,12000000.0
351755,2020,35,2930,1,3,5,0,Darnell Furlong,1995-10-31,Defender,Right-Back,183.0,right,2020-09-01,24.0,5000000.0
353032,2025,33,2802,1,1,6,0,Omar Alderete,1996-12-26,Defender,Centre-Back,190.0,left,2025-09-01,28.0,13000000.0
354352,2019,25,2041,0,2,7,0,Frédéric Guilbert,1994-12-24,Defender,Right-Back,178.0,right,2019-09-01,24.0,7000000.0
354361,2018,22,1519,0,0,3,0,Frank Anguissa,1995-11-16,Midfield,Central Midfield,184.0,right,2018-09-01,22.0,25000000.0
354361,2020,36,2585,0,3,6,0,Frank Anguissa,1995-11-16,Midfield,Central Midfield,184.0,right,2020-09-01,24.0,25000000.0
354362,2021,17,1365,0,4,5,0,Rodrigo Bentancur,1997-06-25,Midfield,Defensive Midfield,187.0,right,2021-09-01,24.0,28000000.0
354362,2022,18,1506,5,2,8,0,Rodrigo Bentancur,1997-06-25,Midfield,Defensive Midfield,187.0,right,2022-09-01,25.0,40000000.0
354362,2023,23,1007,1,1,7,0,Rodrigo Bentancur,1997-06-25,Midfield,Defensive Midfield,187.0,right,2023-09-01,26.0,35000000.0
354362,2024,26,1653,2,0,9,0,Rodrigo Bentancur,1997-06-25,Midfield,Defensive Midfield,187.0,right,2024-09-01,27.0,30000000.0
354362,2025,26,1892,1,1,7,0,Rodrigo Bentancur,1997-06-25,Midfield,Defensive Midfield,187.0,right,2025-09-01,28.0,20000000.0
355915,2021,22,1846,1,0,8,0,Cristian Romero,1998-04-27,Defender,Centre-Back,185.0,right,2021-09-01,23.0,48000000.0
355915,2022,27,2365,0,1,11,0,Cristian Romero,1998-04-27,Defender,Centre-Back,185.0,right,2022-09-01,24.0,60000000.0
355915,2023,33,2792,5,0,7,1,Cristian Romero,1998-04-27,Defender,Centre-Back,185.0,right,2023-09-01,25.0,60000000.0
355915,2024,18,1420,1,1,3,0,Cristian Romero,1998-04-27,Defender,Centre-Back,185.0,right,2024-09-01,26.0,50000000.0
355915,2025,23,1873,4,1,9,0,Cristian Romero,1998-04-27,Defender,Centre-Back,185.0,right,2025-09-01,27.0,45000000.0
356141,2024,34,1553,0,0,4,1,Daichi Kamada,1996-08-05,Midfield,Attacking Midfield,180.0,right,2024-09-01,28.0,12000000.0
356141,2025,28,1909,0,1,3,0,Daichi Kamada,1996-08-05,Midfield,Attacking Midfield,180.0,right,2025-09-01,29.0,10000000.0
357119,2021,11,990,0,0,2,0,Ibrahima Konaté,1999-05-25,Defender,Centre-Back,194.0,right,2021-09-01,22.0,40000000.0
357119,2022,18,1551,0,0,5,0,Ibrahima Konaté,1999-05-25,Defender,Centre-Back,194.0,right,2022-09-01,23.0,38000000.0
357119,2023,22,1573,0,0,5,0,Ibrahima Konaté,1999-05-25,Defender,Centre-Back,194.0,right,2023-09-01,24.0,45000000.0
357119,2024,31,2565,1,2,5,0,Ibrahima Konaté,1999-05-25,Defender,Centre-Back,194.0,right,2024-09-01,25.0,60000000.0
357119,2025,36,3100,1,0,7,0,Ibrahima Konaté,1999-05-25,Defender,Centre-Back,194.0,right,2025-09-01,26.0,45000000.0
357147,2018,16,1014,0,2,3,0,Diogo Dalot,1999-03-18,Defender,Right-Back,184.0,right,2018-09-01,19.0,20000000.0
357147,2021,24,1797,0,0,4,0,Diogo Dalot,1999-03-18,Defender,Right-Back,184.0,right,2021-09-01,22.0,20000000.0
357147,2022,26,2155,1,2,6,0,Diogo Dalot,1999-03-18,Defender,Right-Back,184.0,right,2022-09-01,23.0,40000000.0
357147,2023,36,3174,2,3,6,0,Diogo Dalot,1999-03-18,Defender,Right-Back,184.0,right,2023-09-01,24.0,35000000.0
357147,2024,33,2813,0,3,5,0,Diogo Dalot,1999-03-18,Defender,Right-Back,184.0,right,2024-09-01,25.0,30000000.0
357147,2025,34,2616,1,3,5,0,Diogo Dalot,1999-03-18,Defender,Right-Back,184.0,right,2025-09-01,26.0,30000000.0
357162,2025,31,2114,0,2,6,0,Florentino,1999-08-19,Midfield,Defensive Midfield,184.0,right,2025-09-01,26.0,16000000.0
357565,2019,35,2486,3,2,8,0,Rodri,1996-06-22,Midfield,Defensive Midfield,190.0,right,2019-09-01,23.0,64000000.0
357565,2020,34,2748,2,2,6,0,Rodri,1996-06-22,Midfield,Defensive Midfield,190.0,right,2020-09-01,24.0,70000000.0
357565,2021,33,2888,7,2,5,0,Rodri,1996-06-22,Midfield,Defensive Midfield,190.0,right,2021-09-01,25.0,80000000.0
357565,2022,36,2921,2,6,5,0,Rodri,1996-06-22,Midfield,Defensive Midfield,190.0,right,2022-09-01,26.0,90000000.0
357565,2023,34,2938,8,9,8,1,Rodri,1996-06-22,Midfield,Defensive Midfield,190.0,right,2023-09-01,27.0,120000000.0
357565,2025,21,1514,1,0,3,0,Rodri,1996-06-22,Midfield,Defensive Midfield,190.0,right,2025-09-01,29.0,50000000.0
357662,2017,26,1424,0,0,1,0,Declan Rice,1999-01-14,Midfield,Central Midfield,188.0,right,2017-09-01,18.0,10000000.0
357662,2018,34,3004,2,0,4,0,Declan Rice,1999-01-14,Midfield,Central Midfield,188.0,right,2018-09-01,19.0,45000000.0
357662,2019,38,3420,1,3,6,0,Declan Rice,1999-01-14,Midfield,Central Midfield,188.0,right,2019-09-01,20.0,49500000.0
357662,2020,32,2880,2,1,2,0,Declan Rice,1999-01-14,Midfield,Central Midfield,188.0,right,2020-09-01,21.0,65000000.0
357662,2021,36,3178,1,4,8,0,Declan Rice,1999-01-14,Midfield,Central Midfield,188.0,right,2021-09-01,22.0,80000000.0
357662,2022,37,3272,4,2,5,0,Declan Rice,1999-01-14,Midfield,Central Midfield,188.0,right,2022-09-01,23.0,90000000.0
357662,2023,38,3231,7,9,5,0,Declan Rice,1999-01-14,Midfield,Central Midfield,188.0,right,2023-09-01,24.0,120000000.0
357662,2024,35,2833,4,7,7,0,Declan Rice,1999-01-14,Midfield,Central Midfield,188.0,right,2024-09-01,25.0,120000000.0
357662,2025,36,3099,4,7,3,0,Declan Rice,1999-01-14,Midfield,Central Midfield,188.0,right,2025-09-01,26.0,120000000.0
357885,2019,36,2179,2,5,3,0,Pablo Fornals,1996-02-22,Midfield,Central Midfield,178.0,right,2019-09-01,23.0,16000000.0
357885,2020,33,2584,5,4,3,0,Pablo Fornals,1996-02-22,Midfield,Central Midfield,178.0,right,2020-09-01,24.0,18000000.0
357885,2021,36,2802,6,4,4,0,Pablo Fornals,1996-02-22,Midfield,Central Midfield,178.0,right,2021-09-01,25.0,22000000.0
357885,2022,32,1503,3,1,0,0,Pablo Fornals,1996-02-22,Midfield,Central Midfield,178.0,right,2022-09-01,26.0,22000000.0
361093,2022,36,3129,0,0,2,0,Sven Botman,2000-01-12,Defender,Centre-Back,193.0,left,2022-09-01,22.0,45000000.0
361093,2023,17,1378,2,2,2,0,Sven Botman,2000-01-12,Defender,Centre-Back,193.0,left,2023-09-01,23.0,45000000.0
361093,2025,25,1839,1,1,2,0,Sven Botman,2000-01-12,Defender,Centre-Back,193.0,left,2025-09-01,25.0,35000000.0
361260,2021,11,924,0,0,2,0,Ozan Kabak,2000-03-25,Defender,Centre-Back,187.0,right,2021-09-01,21.0,10000000.0
361914,2022,18,1595,2,0,4,0,Nayef Aguerd,1996-03-30,Defender,Centre-Back,190.0,left,2022-09-01,26.0,35000000.0
361914,2023,21,1859,1,0,3,0,Nayef Aguerd,1996-03-30,Defender,Centre-Back,190.0,left,2023-09-01,27.0,35000000.0
362108,2025,32,2639,0,0,4,0,Gabriel Gudmundsson,1999-04-29,Defender,Left-Back,181.0,left,2025-09-01,26.0,20000000.0
363205,2017,29,1672,13,4,6,0,Gabriel Jesus,1997-04-03,Attack,Centre-Forward,175.0,right,2017-09-01,20.0,80000000.0
363205,2018,29,1021,7,3,1,0,Gabriel Jesus,1997-04-03,Attack,Centre-Forward,175.0,right,2018-09-01,21.0,70000000.0
363205,2019,34,2027,14,8,3,0,Gabriel Jesus,1997-04-03,Attack,Centre-Forward,175.0,right,2019-09-01,22.0,56000000.0
363205,2020,29,2059,9,4,2,0,Gabriel Jesus,1997-04-03,Attack,Centre-Forward,175.0,right,2020-09-01,23.0,60000000.0
363205,2021,28,1878,8,9,1,0,Gabriel Jesus,1997-04-03,Attack,Centre-Forward,175.0,right,2021-09-01,24.0,50000000.0
363205,2022,26,2075,11,7,6,0,Gabriel Jesus,1997-04-03,Attack,Centre-Forward,175.0,right,2022-09-01,25.0,75000000.0
363205,2023,27,1483,4,5,6,0,Gabriel Jesus,1997-04-03,Attack,Centre-Forward,175.0,right,2023-09-01,26.0,65000000.0
364258,2018,22,1750,0,1,4,0,Bernardo,1995-05-14,Defender,Left-Back,186.0,left,2018-09-01,23.0,9000000.0
364409,2023,21,1848,2,0,3,0,Gabriel Osho,1998-08-14,Defender,Centre-Back,185.0,right,2023-09-01,25.0,3000000.0
365108,2025,24,1176,1,1,1,0,Dan Ndoye,2000-10-25,Attack,Right Winger,184.0,right,2025-09-01,24.0,32000000.0
365172,2021,23,1161,5,3,2,0,Patson Daka,1998-10-09,Attack,Centre-Forward,183.0,right,2021-09-01,22.0,20000000.0
365172,2022,30,1179,4,4,2,0,Patson Daka,1998-10-09,Attack,Centre-Forward,183.0,right,2022-09-01,23.0,18000000.0
369316,2025,37,3134,1,0,6,0,Ferdi Kadıoğlu,1999-10-07,Defender,Left-Back,174.0,right,2025-09-01,25.0,35000000.0
369684,2022,26,1961,3,1,4,0,Rasmus Nissen Kristensen,1997-07-11,Defender,Right-Back,187.0,right,2022-09-01,25.0,13000000.0
371814,2020,17,1455,1,1,2,0,Nathaniel Phillips,1997-03-21,Defender,Centre-Back,190.0,right,2020-09-01,23.0,8000000.0
371851,2025,25,1893,1,2,4,0,Jaka Bijol,1999-02-05,Defender,Centre-Back,190.0,right,2025-09-01,26.0,20000000.0
372246,2024,31,1404,1,1,6,0,Carlos Soler,1997-01-02,Midfield,Central Midfield,180.0,right,2024-09-01,27.0,18000000.0
374139,2021,24,1716,0,2,11,0,Junior Firpo,1996-08-22,Defender,Left-Back,184.0,left,2021-09-01,25.0,12000000.0
374139,2022,19,1367,1,1,6,1,Junior Firpo,1996-08-22,Defender,Left-Back,184.0,left,2022-09-01,26.0,10000000.0
375885,2023,17,1038,0,0,6,0,Ibrahim Sangaré,1997-12-02,Midfield,Defensive Midfield,191.0,right,2023-09-01,25.0,30000000.0
375885,2025,28,2080,2,2,5,0,Ibrahim Sangaré,1997-12-02,Midfield,Defensive Midfield,191.0,right,2025-09-01,27.0,20000000.0
377393,2021,33,2272,1,1,5,0,Pierre Lees-Melou,1993-05-25,Midfield,Defensive Midfield,185.0,right,2021-09-01,28.0,5000000.0
377468,2023,31,2650,2,0,11,0,Anel Ahmedhodzic,1999-03-26,Defender,Centre-Back,190.0,right,2023-09-01,24.0,18000000.0
378710,2017,38,2827,5,5,4,0,Richarlison,1997-05-10,Attack,Centre-Forward,184.0,right,2017-09-01,20.0,25000000.0
378710,2018,35,2679,13,2,5,1,Richarlison,1997-05-10,Attack,Centre-Forward,184.0,right,2018-09-01,21.0,50000000.0
378710,2019,36,3080,13,3,8,0,Richarlison,1997-05-10,Attack,Centre-Forward,184.0,right,2019-09-01,22.0,52000000.0
378710,2020,34,2872,7,3,4,1,Richarlison,1997-05-10,Attack,Centre-Forward,184.0,right,2020-09-01,23.0,55000000.0
378710,2021,30,2528,10,5,8,0,Richarlison,1997-05-10,Attack,Centre-Forward,184.0,right,2021-09-01,24.0,48000000.0
378710,2022,27,1006,1,4,3,0,Richarlison,1997-05-10,Attack,Centre-Forward,184.0,right,2022-09-01,25.0,48000000.0
378710,2023,28,1492,11,4,3,0,Richarlison,1997-05-10,Attack,Centre-Forward,184.0,right,2023-09-01,26.0,38000000.0
378710,2025,32,1960,11,4,4,0,Richarlison,1997-05-10,Attack,Centre-Forward,184.0,right,2025-09-01,28.0,25000000.0
379807,2021,15,906,0,0,2,0,Lyanco,1997-02-01,Defender,Centre-Back,187.0,right,2021-09-01,24.0,5000000.0
379807,2022,21,1175,1,1,4,0,Lyanco,1997-02-01,Defender,Centre-Back,187.0,right,2022-09-01,25.0,3500000.0
380350,2023,24,1636,0,0,4,0,Igor Julio,1998-02-07,Defender,Centre-Back,188.0,left,2023-09-01,25.0,17000000.0
380350,2024,13,960,0,0,4,0,Igor Julio,1998-02-07,Defender,Centre-Back,188.0,left,2024-09-01,26.0,20000000.0
381362,2019,21,1790,5,1,3,0,Wesley Moraes,1996-11-24,Attack,Centre-Forward,191.0,right,2019-09-01,22.0,24000000.0
381753,2025,23,1324,0,3,3,0,Ilia Gruev,2000-05-06,Midfield,Defensive Midfield,185.0,left,2025-09-01,25.0,12000000.0
381967,2021,19,1132,0,0,5,0,Albert Sambi Lokonga,1999-10-22,Midfield,Central Midfield,183.0,right,2021-09-01,21.0,14000000.0
381967,2023,17,1310,1,3,4,0,Albert Sambi Lokonga,1999-10-22,Midfield,Central Midfield,183.0,right,2023-09-01,23.0,15000000.0
384461,2021,28,1703,0,3,2,0,Jakub Moder,1999-04-07,Midfield,Central Midfield,191.0,right,2021-09-01,22.0,12000000.0
386047,2023,31,2581,2,0,6,0,Axel Disasi,1998-03-11,Defender,Centre-Back,191.0,right,2023-09-01,25.0,40000000.0
386047,2025,14,1255,0,0,1,0,Axel Disasi,1998-03-11,Defender,Centre-Back,191.0,right,2025-09-01,27.0,15000000.0
387626,2022,33,1984,4,4,4,0,Leon Bailey,1997-08-09,Attack,Right Winger,178.0,left,2022-09-01,25.0,28000000.0
387626,2023,35,2076,10,9,5,0,Leon Bailey,1997-08-09,Attack,Right Winger,178.0,left,2023-09-01,26.0,42000000.0
387626,2024,24,1144,1,2,3,0,Leon Bailey,1997-08-09,Attack,Right Winger,178.0,left,2024-09-01,27.0,28000000.0
388165,2021,30,1273,7,1,0,0,Yoane Wissa,1996-09-03,Attack,Centre-Forward,176.0,right,2021-09-01,24.0,12000000.0
388165,2022,38,1600,7,3,3,0,Yoane Wissa,1996-09-03,Attack,Centre-Forward,176.0,right,2022-09-01,25.0,18000000.0
388165,2023,34,2508,12,3,7,0,Yoane Wissa,1996-09-03,Attack,Centre-Forward,176.0,right,2023-09-01,26.0,28000000.0
388165,2024,35,2929,19,5,5,0,Yoane Wissa,1996-09-03,Attack,Centre-Forward,176.0,right,2024-09-01,27.0,32000000.0
389253,2023,32,2572,0,0,4,0,Auston Trusty,1998-08-12,Defender,Centre-Back,190.0,left,2023-09-01,25.0,7000000.0
391005,2021,21,1233,1,1,1,0,Mads Roerslev,1999-06-24,Defender,Right-Back,184.0,right,2021-09-01,22.0,2500000.0
391005,2022,20,1102,0,0,0,0,Mads Roerslev,1999-06-24,Defender,Right-Back,184.0,right,2022-09-01,23.0,6000000.0
391005,2023,34,1988,1,2,1,0,Mads Roerslev,1999-06-24,Defender,Right-Back,184.0,right,2023-09-01,24.0,10000000.0
391005,2024,19,1097,0,2,2,0,Mads Roerslev,1999-06-24,Defender,Right-Back,184.0,right,2024-09-01,25.0,6000000.0
392179,2025,19,1540,0,0,0,0,Hjalmar Ekdal,1998-10-21,Defender,Centre-Back,187.0,right,2025-09-01,26.0,5000000.0
392591,2023,30,1992,4,1,1,0,Chiedozie Ogbene,1997-05-01,Attack,Right Winger,181.0,right,2023-09-01,26.0,8000000.0
392757,2021,36,3223,2,1,4,0,Marc Guéhi,2000-07-13,Defender,Centre-Back,182.0,right,2021-09-01,21.0,32000000.0
392757,2022,37,3330,1,0,8,0,Marc Guéhi,2000-07-13,Defender,Centre-Back,182.0,right,2022-09-01,22.0,35000000.0
392757,2023,25,2023,0,1,2,0,Marc Guéhi,2000-07-13,Defender,Centre-Back,182.0,right,2023-09-01,23.0,38000000.0
392757,2024,34,3060,3,2,9,0,Marc Guéhi,2000-07-13,Defender,Centre-Back,182.0,right,2024-09-01,24.0,45000000.0
392757,2025,35,3150,3,4,6,0,Marc Guéhi,2000-07-13,Defender,Centre-Back,182.0,right,2025-09-01,25.0,70000000.0
392765,2020,20,1449,2,4,0,0,Emile Smith Rowe,2000-07-28,Midfield,Attacking Midfield,182.0,right,2020-09-01,20.0,18000000.0
392765,2021,33,1920,10,2,1,0,Emile Smith Rowe,2000-07-28,Midfield,Attacking Midfield,182.0,right,2021-09-01,21.0,40000000.0
392765,2024,34,2060,6,3,3,0,Emile Smith Rowe,2000-07-28,Midfield,Attacking Midfield,182.0,right,2024-09-01,24.0,30000000.0
392765,2025,37,1928,3,0,1,0,Emile Smith Rowe,2000-07-28,Midfield,Attacking Midfield,182.0,right,2025-09-01,25.0,20000000.0
392768,2020,23,1058,2,3,0,0,Callum Hudson-Odoi,2000-11-07,Attack,Left Winger,178.0,right,2020-09-01,19.0,32000000.0
392768,2021,15,966,1,3,1,0,Callum Hudson-Odoi,2000-11-07,Attack,Left Winger,178.0,right,2021-09-01,20.0,25000000.0
392768,2023,29,1857,8,1,0,0,Callum Hudson-Odoi,2000-11-07,Attack,Left Winger,178.0,right,2023-09-01,22.0,18000000.0
392768,2024,31,2205,5,3,2,0,Callum Hudson-Odoi,2000-11-07,Attack,Left Winger,178.0,right,2024-09-01,23.0,25000000.0
392768,2025,30,1848,3,4,0,0,Callum Hudson-Odoi,2000-11-07,Attack,Left Winger,178.0,right,2025-09-01,24.0,30000000.0
392771,2020,25,2091,0,0,3,0,Ethan Ampadu,2000-09-14,Midfield,Defensive Midfield,182.0,right,2020-09-01,19.0,15000000.0
392771,2025,35,3123,1,1,10,0,Ethan Ampadu,2000-09-14,Midfield,Defensive Midfield,182.0,right,2025-09-01,24.0,30000000.0
392775,2018,35,2294,2,6,0,0,Ryan Sessegnon,2000-05-18,Defender,Left-Back,178.0,left,2018-09-01,18.0,35000000.0
392775,2021,15,1053,0,2,2,0,Ryan Sessegnon,2000-05-18,Defender,Left-Back,178.0,left,2021-09-01,21.0,18000000.0
392775,2025,27,1822,3,3,0,0,Ryan Sessegnon,2000-05-18,Defender,Left-Back,178.0,left,2025-09-01,25.0,22000000.0
393323,2022,36,2383,1,3,2,0,Brenden Aaronson,2000-10-22,Midfield,Attacking Midfield,177.0,right,2022-09-01,21.0,25000000.0
393323,2025,37,2470,4,5,3,0,Brenden Aaronson,2000-10-22,Midfield,Attacking Midfield,177.0,right,2025-09-01,24.0,22000000.0
393325,2021,26,1579,2,1,1,0,Josh Sargent,2000-02-20,Attack,Centre-Forward,185.0,right,2021-09-01,21.0,7000000.0
394327,2022,24,1781,0,1,4,0,Boubacar Kamara,1999-11-23,Midfield,Defensive Midfield,184.0,right,2022-09-01,22.0,30000000.0
394327,2023,20,1661,0,1,7,1,Boubacar Kamara,1999-11-23,Midfield,Defensive Midfield,184.0,right,2023-09-01,23.0,38000000.0
394327,2024,26,1728,1,0,2,0,Boubacar Kamara,1999-11-23,Midfield,Defensive Midfield,184.0,right,2024-09-01,24.0,40000000.0
394327,2025,18,1418,1,3,5,0,Boubacar Kamara,1999-11-23,Midfield,Defensive Midfield,184.0,right,2025-09-01,25.0,40000000.0
395516,2023,38,2186,6,8,1,0,Moussa Diaby,1999-07-07,Attack,Right Winger,170.0,left,2023-09-01,24.0,55000000.0
397033,2024,36,2629,4,2,5,0,Sandro Tonali,2000-05-08,Midfield,Defensive Midfield,181.0,right,2024-09-01,24.0,60000000.0
397033,2025,35,2545,0,2,4,0,Sandro Tonali,2000-05-08,Midfield,Defensive Midfield,181.0,right,2025-09-01,25.0,80000000.0
398065,2018,16,1009,1,2,0,0,Harvey Barnes,1997-12-09,Attack,Left Winger,182.0,right,2018-09-01,20.0,12000000.0
398065,2019,36,2090,6,8,0,0,Harvey Barnes,1997-12-09,Attack,Left Winger,182.0,right,2019-09-01,21.0,17500000.0
398065,2020,25,1950,9,4,0,0,Harvey Barnes,1997-12-09,Attack,Left Winger,182.0,right,2020-09-01,22.0,35000000.0
398065,2021,32,2105,6,10,2,0,Harvey Barnes,1997-12-09,Attack,Left Winger,182.0,right,2021-09-01,23.0,32000000.0
398065,2022,34,2718,13,1,3,0,Harvey Barnes,1997-12-09,Attack,Left Winger,182.0,right,2022-09-01,24.0,35000000.0
398065,2024,33,1754,9,5,0,0,Harvey Barnes,1997-12-09,Attack,Left Winger,182.0,right,2024-09-01,26.0,35000000.0
398065,2025,37,1961,7,1,1,0,Harvey Barnes,1997-12-09,Attack,Left Winger,182.0,right,2025-09-01,27.0,32000000.0
398184,2020,24,1307,7,2,1,0,Ferran Torres,2000-02-29,Attack,Centre-Forward,183.0,right,2020-09-01,20.0,50000000.0
399434,2022,23,1749,5,4,1,0,Marcus Tavernier,1999-03-22,Midfield,Attacking Midfield,178.0,left,2022-09-01,23.0,17000000.0
399434,2023,30,2133,3,4,3,0,Marcus Tavernier,1999-03-22,Midfield,Attacking Midfield,178.0,left,2023-09-01,24.0,20000000.0
399434,2024,29,1940,3,6,6,0,Marcus Tavernier,1999-03-22,Midfield,Attacking Midfield,178.0,left,2024-09-01,25.0,18000000.0
399434,2025,34,2743,7,4,6,0,Marcus Tavernier,1999-03-22,Midfield,Attacking Midfield,178.0,left,2025-09-01,26.0,25000000.0
399776,2023,29,2463,2,0,1,0,Pau Torres,1997-01-16,Defender,Centre-Back,192.0,left,2023-09-01,26.0,45000000.0
399776,2024,24,2020,0,0,2,0,Pau Torres,1997-01-16,Defender,Centre-Back,192.0,left,2024-09-01,27.0,32000000.0
399776,2025,21,1676,0,0,1,0,Pau Torres,1997-01-16,Defender,Centre-Back,192.0,left,2025-09-01,28.0,20000000.0
401173,2021,29,1901,3,3,0,0,Jadon Sancho,2000-03-25,Attack,Left Winger,180.0,right,2021-09-01,21.0,75000000.0
401173,2022,26,1700,6,3,0,0,Jadon Sancho,2000-03-25,Attack,Left Winger,180.0,right,2022-09-01,22.0,45000000.0
401173,2024,31,1765,3,5,2,0,Jadon Sancho,2000-03-25,Attack,Left Winger,180.0,right,2024-09-01,24.0,28000000.0
401320,2020,28,2103,0,0,3,0,Dara O'Shea,1999-03-04,Defender,Centre-Back,189.0,right,2020-09-01,21.0,3000000.0
401320,2023,33,2895,3,4,5,1,Dara O'Shea,1999-03-04,Defender,Centre-Back,189.0,right,2023-09-01,24.0,7000000.0
401320,2024,35,3123,0,2,6,0,Dara O'Shea,1999-03-04,Defender,Centre-Back,189.0,right,2024-09-01,25.0,14000000.0
401356,2023,31,2383,1,1,11,0,Edson Álvarez,1997-10-24,Midfield,Defensive Midfield,190.0,right,2023-09-01,25.0,35000000.0
401356,2024,28,1782,0,1,9,0,Edson Álvarez,1997-10-24,Midfield,Defensive Midfield,190.0,right,2024-09-01,26.0,25000000.0
401922,2025,23,1074,3,4,0,0,Samuel Chukwueze,1999-05-22,Attack,Right Winger,172.0,left,2025-09-01,26.0,18000000.0
403898,2023,15,1238,0,1,6,0,Jordan Beyer,2000-05-19,Defender,Centre-Back,187.0,right,2023-09-01,23.0,13000000.0
404842,2021,13,1056,1,0,0,0,Vitaliy Mykolenko,1999-05-29,Defender,Left-Back,180.0,left,2021-09-01,22.0,18000000.0
404842,2022,34,2655,0,0,4,0,Vitaliy Mykolenko,1999-05-29,Defender,Left-Back,180.0,left,2022-09-01,23.0,25000000.0
404842,2023,28,2471,2,0,0,0,Vitaliy Mykolenko,1999-05-29,Defender,Left-Back,180.0,left,2023-09-01,24.0,28000000.0
404842,2024,35,3084,1,2,4,0,Vitaliy Mykolenko,1999-05-29,Defender,Left-Back,180.0,left,2024-09-01,25.0,28000000.0
404842,2025,33,2961,0,1,6,0,Vitaliy Mykolenko,1999-05-29,Defender,Left-Back,180.0,left,2025-09-01,26.0,25000000.0
405385,2024,30,1557,1,1,4,0,Yukinari Sugawara,2000-06-28,Defender,Right-Back,179.0,right,2024-09-01,24.0,11000000.0
406008,2018,17,1289,2,1,3,0,Yan Valery,1999-02-22,Defender,Right-Back,185.0,right,2018-09-01,19.0,7000000.0
406040,2020,34,2756,4,4,5,0,Ademola Lookman,1997-10-20,Attack,Left Winger,174.0,right,2020-09-01,22.0,11000000.0
406040,2021,26,1457,6,0,2,0,Ademola Lookman,1997-10-20,Attack,Left Winger,174.0,right,2021-09-01,23.0,10000000.0
406560,2020,27,1122,0,0,1,0,Rhian Brewster,2000-04-01,Attack,Centre-Forward,180.0,right,2020-09-01,20.0,12000000.0
406634,2024,21,938,2,3,1,0,Matt O'Riley,2000-11-21,Midfield,Central Midfield,189.0,left,2024-09-01,23.0,22000000.0
406635,2020,28,1614,9,5,0,0,Phil Foden,2000-05-28,Midfield,Attacking Midfield,171.0,left,2020-09-01,20.0,80000000.0
406635,2021,28,2134,9,5,1,0,Phil Foden,2000-05-28,Midfield,Attacking Midfield,171.0,left,2021-09-01,21.0,90000000.0
406635,2022,32,1842,11,5,1,0,Phil Foden,2000-05-28,Midfield,Attacking Midfield,171.0,left,2022-09-01,22.0,110000000.0
406635,2023,35,2871,19,8,2,0,Phil Foden,2000-05-28,Midfield,Attacking Midfield,171.0,left,2023-09-01,23.0,150000000.0
406635,2024,28,1781,7,2,2,0,Phil Foden,2000-05-28,Midfield,Attacking Midfield,171.0,left,2024-09-01,24.0,100000000.0
406635,2025,33,2085,7,5,4,0,Phil Foden,2000-05-28,Midfield,Attacking Midfield,171.0,left,2025-09-01,25.0,70000000.0
406638,2021,18,1349,0,0,6,0,Oliver Skipp,2000-09-16,Midfield,Defensive Midfield,175.0,right,2021-09-01,20.0,18000000.0
406638,2022,23,1496,1,0,7,0,Oliver Skipp,2000-09-16,Midfield,Defensive Midfield,175.0,right,2022-09-01,21.0,15000000.0
406638,2024,24,1122,0,0,8,0,Oliver Skipp,2000-09-16,Midfield,Defensive Midfield,175.0,right,2024-09-01,23.0,10000000.0
410225,2019,28,2029,5,6,1,0,Ismaïla Sarr,1998-02-25,Attack,Right Winger,185.0,right,2019-09-01,21.0,24500000.0
410225,2021,22,1865,5,2,2,0,Ismaïla Sarr,1998-02-25,Attack,Right Winger,185.0,right,2021-09-01,23.0,27000000.0
410225,2024,38,2721,8,7,4,0,Ismaïla Sarr,1998-02-25,Attack,Right Winger,185.0,right,2024-09-01,26.0,25000000.0
410225,2025,28,2177,9,1,2,0,Ismaïla Sarr,1998-02-25,Attack,Right Winger,185.0,right,2025-09-01,27.0,40000000.0
410425,2018,28,1769,0,0,5,0,Yves Bissouma,1996-08-30,Midfield,Defensive Midfield,182.0,right,2018-09-01,22.0,15000000.0
410425,2019,22,1262,1,0,4,0,Yves Bissouma,1996-08-30,Midfield,Defensive Midfield,182.0,right,2019-09-01,23.0,9500000.0
410425,2020,36,3114,1,0,8,1,Yves Bissouma,1996-08-30,Midfield,Defensive Midfield,182.0,right,2020-09-01,24.0,25000000.0
410425,2021,26,2116,1,2,10,0,Yves Bissouma,1996-08-30,Midfield,Defensive Midfield,182.0,right,2021-09-01,25.0,35000000.0
410425,2022,23,1004,0,0,6,0,Yves Bissouma,1996-08-30,Midfield,Defensive Midfield,182.0,right,2022-09-01,26.0,18000000.0
410425,2023,28,2083,0,0,10,1,Yves Bissouma,1996-08-30,Midfield,Defensive Midfield,182.0,right,2023-09-01,27.0,35000000.0
410425,2024,28,1406,2,0,7,0,Yves Bissouma,1996-08-30,Midfield,Defensive Midfield,182.0,right,2024-09-01,28.0,25000000.0
410708,2020,27,2076,1,0,3,0,Pascal Struijk,1999-08-11,Defender,Centre-Back,190.0,left,2020-09-01,21.0,9000000.0
410708,2021,29,2051,1,0,6,1,Pascal Struijk,1999-08-11,Defender,Centre-Back,190.0,left,2021-09-01,22.0,15000000.0
410708,2022,29,2203,2,1,5,0,Pascal Struijk,1999-08-11,Defender,Centre-Back,190.0,left,2022-09-01,23.0,18000000.0
410708,2025,34,2937,0,1,5,0,Pascal Struijk,1999-08-11,Defender,Centre-Back,190.0,left,2025-09-01,26.0,22000000.0
411295,2020,30,2364,6,9,3,0,Raphinha,1996-12-14,Attack,Left Winger,176.0,left,2020-09-01,23.0,30000000.0
411295,2021,35,2923,11,3,7,0,Raphinha,1996-12-14,Attack,Left Winger,176.0,left,2021-09-01,24.0,45000000.0
411537,2025,29,1776,11,0,5,0,Zian Flemming,1998-08-01,Attack,Centre-Forward,185.0,right,2025-09-01,27.0,12000000.0
412669,2021,28,1342,2,1,0,0,Francisco Trincão,1999-12-29,Midfield,Attacking Midfield,184.0,left,2021-09-01,21.0,20000000.0
413032,2020,22,1012,0,0,3,0,Ibrahima Diallo,1999-03-08,Midfield,Defensive Midfield,179.0,right,2020-09-01,21.0,15000000.0
413032,2021,23,1018,0,2,1,0,Ibrahima Diallo,1999-03-08,Midfield,Defensive Midfield,179.0,right,2021-09-01,22.0,10000000.0
413039,2021,35,2916,4,7,4,0,Bryan Mbeumo,1999-08-07,Attack,Right Winger,171.0,left,2021-09-01,22.0,22000000.0
413039,2022,38,2928,9,8,5,0,Bryan Mbeumo,1999-08-07,Attack,Right Winger,171.0,left,2022-09-01,23.0,35000000.0
413039,2023,25,1961,9,6,2,0,Bryan Mbeumo,1999-08-07,Attack,Right Winger,171.0,left,2023-09-01,24.0,40000000.0
413039,2024,38,3417,20,8,3,0,Bryan Mbeumo,1999-08-07,Attack,Right Winger,171.0,left,2024-09-01,25.0,55000000.0
413039,2025,33,2625,11,3,4,0,Bryan Mbeumo,1999-08-07,Attack,Right Winger,171.0,left,2025-09-01,26.0,75000000.0
413220,2019,13,1010,0,1,1,0,James Justin,1998-02-23,Defender,Right-Back,183.0,both,2019-09-01,21.0,3600000.0
413220,2020,23,2070,2,2,4,0,James Justin,1998-02-23,Defender,Right-Back,183.0,both,2020-09-01,22.0,17000000.0
413220,2021,13,997,0,0,0,0,James Justin,1998-02-23,Defender,Right-Back,183.0,both,2021-09-01,23.0,25000000.0
413220,2022,14,1254,0,1,0,0,James Justin,1998-02-23,Defender,Right-Back,183.0,both,2022-09-01,24.0,20000000.0
413220,2024,36,2921,2,2,6,0,James Justin,1998-02-23,Defender,Right-Back,183.0,both,2024-09-01,26.0,13000000.0
413220,2025,29,1896,2,1,4,0,James Justin,1998-02-23,Defender,Right-Back,183.0,both,2025-09-01,27.0,12000000.0
413403,2019,25,2042,1,2,3,0,Ezri Konsa,1997-10-23,Defender,Centre-Back,180.0,right,2019-09-01,21.0,6500000.0
413403,2020,36,3195,2,0,3,0,Ezri Konsa,1997-10-23,Defender,Centre-Back,180.0,right,2020-09-01,22.0,25000000.0
413403,2021,29,2481,2,0,6,1,Ezri Konsa,1997-10-23,Defender,Centre-Back,180.0,right,2021-09-01,23.0,22000000.0
413403,2022,38,3323,0,0,6,0,Ezri Konsa,1997-10-23,Defender,Centre-Back,180.0,right,2022-09-01,24.0,25000000.0
413403,2023,35,3074,1,0,5,0,Ezri Konsa,1997-10-23,Defender,Centre-Back,180.0,right,2023-09-01,25.0,35000000.0
413403,2024,34,2937,2,0,1,0,Ezri Konsa,1997-10-23,Defender,Centre-Back,180.0,right,2024-09-01,26.0,35000000.0
413403,2025,34,3036,0,0,0,0,Ezri Konsa,1997-10-23,Defender,Centre-Back,180.0,right,2025-09-01,27.0,40000000.0
413507,2024,37,3330,5,2,4,0,Nikola Milenković,1997-10-12,Defender,Centre-Back,195.0,right,2024-09-01,26.0,35000000.0
413507,2025,38,3375,0,0,6,0,Nikola Milenković,1997-10-12,Defender,Centre-Back,195.0,right,2025-09-01,27.0,28000000.0
414908,2024,14,1079,2,1,0,0,Marshall Munetsi,1996-06-22,Midfield,Central Midfield,188.0,right,2024-09-01,28.0,15000000.0
415381,2024,25,1008,1,5,6,0,Mats Wieffer,1999-11-16,Defender,Right-Back,189.0,right,2024-09-01,24.0,25000000.0
415381,2025,26,1908,2,3,8,0,Mats Wieffer,1999-11-16,Defender,Right-Back,189.0,right,2025-09-01,25.0,25000000.0
415912,2023,19,1501,1,0,2,0,Konstantinos Mavropanos,1997-12-11,Defender,Centre-Back,194.0,right,2023-09-01,25.0,20000000.0
415912,2024,33,2037,0,0,6,0,Konstantinos Mavropanos,1997-12-11,Defender,Centre-Back,194.0,right,2024-09-01,26.0,17000000.0
415912,2025,31,2532,3,0,2,0,Konstantinos Mavropanos,1997-12-11,Defender,Centre-Back,194.0,right,2025-09-01,27.0,18000000.0
415970,2022,30,2216,1,0,6,0,Joe Worrall,1997-01-10,Defender,Centre-Back,190.0,right,2022-09-01,25.0,12000000.0
417346,2020,36,2855,8,8,2,0,Jack Harrison,1996-11-20,Attack,Left Winger,175.0,left,2020-09-01,23.0,15000000.0
417346,2021,35,2647,8,1,3,0,Jack Harrison,1996-11-20,Attack,Left Winger,175.0,left,2021-09-01,24.0,18000000.0
417346,2022,36,2727,5,7,2,0,Jack Harrison,1996-11-20,Attack,Left Winger,175.0,left,2022-09-01,25.0,22000000.0
417346,2023,29,2219,3,3,1,0,Jack Harrison,1996-11-20,Attack,Left Winger,175.0,left,2023-09-01,26.0,18000000.0
417346,2024,34,2083,1,1,0,0,Jack Harrison,1996-11-20,Attack,Left Winger,175.0,left,2024-09-01,27.0,14000000.0
418560,2022,35,2777,36,8,5,0,Erling Haaland,2000-07-21,Attack,Centre-Forward,195.0,left,2022-09-01,22.0,180000000.0
418560,2023,31,2558,27,4,1,0,Erling Haaland,2000-07-21,Attack,Centre-Forward,195.0,left,2023-09-01,23.0,180000000.0
418560,2024,31,2743,22,3,2,0,Erling Haaland,2000-07-21,Attack,Centre-Forward,195.0,left,2024-09-01,24.0,180000000.0
418560,2025,35,2959,27,8,2,0,Erling Haaland,2000-07-21,Attack,Centre-Forward,195.0,left,2025-09-01,25.0,200000000.0
420002,2021,22,1149,5,1,2,0,Jean-Philippe Mateta,1997-06-28,Attack,Centre-Forward,192.0,right,2021-09-01,24.0,10000000.0
420002,2023,35,2285,16,5,3,0,Jean-Philippe Mateta,1997-06-28,Attack,Centre-Forward,192.0,right,2023-09-01,26.0,20000000.0
420002,2024,37,2656,14,2,2,0,Jean-Philippe Mateta,1997-06-28,Attack,Centre-Forward,192.0,right,2024-09-01,27.0,30000000.0
420002,2025,32,2223,12,0,2,0,Jean-Philippe Mateta,1997-06-28,Attack,Centre-Forward,192.0,right,2025-09-01,28.0,30000000.0
420210,2025,28,1685,0,0,2,0,Lutsharel Geertruida,2000-07-18,Defender,Right-Back,184.0,right,2025-09-01,25.0,20000000.0
420243,2024,30,2423,1,3,7,0,Jurriën Timber,2001-06-17,Defender,Right-Back,179.0,right,2024-09-01,23.0,55000000.0
420243,2025,30,2457,3,6,5,0,Jurriën Timber,2001-06-17,Defender,Right-Back,179.0,right,2025-09-01,24.0,70000000.0
421637,2021,20,1051,0,0,4,0,Frank Onyeka,1998-01-01,Midfield,Central Midfield,183.0,right,2021-09-01,23.0,9000000.0
421637,2023,26,1153,1,2,8,0,Frank Onyeka,1998-01-01,Midfield,Central Midfield,183.0,right,2023-09-01,25.0,9000000.0
423440,2025,38,3002,5,1,4,0,Martín Zubimendi,1999-02-02,Midfield,Defensive Midfield,181.0,right,2025-09-01,26.0,75000000.0
423744,2021,24,1858,0,1,2,0,Billy Gilmour,2001-06-11,Midfield,Defensive Midfield,170.0,right,2021-09-01,20.0,12000000.0
423744,2023,30,2126,0,1,8,1,Billy Gilmour,2001-06-11,Midfield,Defensive Midfield,170.0,right,2023-09-01,22.0,18000000.0
424015,2022,19,1277,0,0,3,0,Nathan Patterson,2001-10-16,Defender,Right-Back,183.0,right,2022-09-01,20.0,16000000.0
424015,2023,20,1000,0,2,4,0,Nathan Patterson,2001-10-16,Defender,Right-Back,183.0,right,2023-09-01,21.0,15000000.0
425334,2020,28,2378,0,2,8,0,Matty Cash,1997-08-07,Defender,Right-Back,185.0,right,2020-09-01,23.0,22000000.0
425334,2021,38,3380,4,3,8,0,Matty Cash,1997-08-07,Defender,Right-Back,185.0,right,2021-09-01,24.0,25000000.0
425334,2022,26,1821,0,1,4,0,Matty Cash,1997-08-07,Defender,Right-Back,185.0,right,2022-09-01,25.0,25000000.0
425334,2023,29,2143,2,2,8,0,Matty Cash,1997-08-07,Defender,Right-Back,185.0,right,2023-09-01,26.0,28000000.0
425334,2024,27,2077,1,1,7,0,Matty Cash,1997-08-07,Defender,Right-Back,185.0,right,2024-09-01,27.0,25000000.0
425334,2025,35,3022,3,3,9,0,Matty Cash,1997-08-07,Defender,Right-Back,185.0,right,2025-09-01,28.0,22000000.0
425902,2022,26,1839,0,2,5,0,Ryan Yates,1997-11-21,Midfield,Central Midfield,190.0,right,2022-09-01,24.0,11000000.0
425902,2023,35,1986,1,1,6,0,Ryan Yates,1997-11-21,Midfield,Central Midfield,190.0,right,2023-09-01,25.0,12000000.0
425902,2024,35,1904,2,1,10,0,Ryan Yates,1997-11-21,Midfield,Central Midfield,190.0,right,2024-09-01,26.0,12000000.0
425918,2023,20,945,1,3,1,0,Jakub Kiwior,2000-02-15,Defender,Centre-Back,189.0,left,2023-09-01,23.0,30000000.0
425918,2024,17,1117,1,0,1,0,Jakub Kiwior,2000-02-15,Defender,Centre-Back,189.0,left,2024-09-01,24.0,28000000.0
426192,2023,14,1110,6,1,3,0,Ben Brereton Díaz,1999-04-18,Attack,Centre-Forward,185.0,right,2023-09-01,24.0,8000000.0
429014,2022,37,3159,5,8,6,0,Morgan Gibbs-White,2000-01-27,Midfield,Attacking Midfield,171.0,right,2022-09-01,22.0,40000000.0
429014,2023,37,3162,5,10,9,0,Morgan Gibbs-White,2000-01-27,Midfield,Attacking Midfield,171.0,right,2023-09-01,23.0,40000000.0
429014,2024,34,2824,7,10,11,0,Morgan Gibbs-White,2000-01-27,Midfield,Attacking Midfield,171.0,right,2024-09-01,24.0,50000000.0
429014,2025,37,3113,15,4,1,0,Morgan Gibbs-White,2000-01-27,Midfield,Attacking Midfield,171.0,right,2025-09-01,25.0,70000000.0
429915,2025,30,1414,2,3,2,0,Maxim De Cuyper,2000-12-22,Defender,Left-Back,182.0,left,2025-09-01,24.0,22000000.0
429983,2024,35,2603,14,4,4,0,Jørgen Strand Larsen,2000-02-06,Attack,Centre-Forward,193.0,right,2024-09-01,24.0,30000000.0
429983,2025,36,2315,4,1,4,0,Jørgen Strand Larsen,2000-02-06,Attack,Centre-Forward,193.0,right,2025-09-01,25.0,40000000.0
431755,2021,18,1267,5,8,3,0,Dejan Kulusevski,2000-04-25,Midfield,Attacking Midfield,186.0,left,2021-09-01,21.0,40000000.0
431755,2022,30,2079,2,7,2,0,Dejan Kulusevski,2000-04-25,Midfield,Attacking Midfield,186.0,left,2022-09-01,22.0,50000000.0
431755,2023,36,2766,8,3,7,0,Dejan Kulusevski,2000-04-25,Midfield,Attacking Midfield,186.0,left,2023-09-01,23.0,55000000.0
431755,2024,32,2391,7,4,3,0,Dejan Kulusevski,2000-04-25,Midfield,Attacking Midfield,186.0,left,2024-09-01,24.0,50000000.0
432164,2025,37,2315,6,4,2,0,Igor Jesus,2001-02-25,Attack,Centre-Forward,179.0,right,2025-09-01,24.0,25000000.0
433177,2019,26,1753,1,5,6,0,Bukayo Saka,2001-09-05,Attack,Right Winger,178.0,left,2019-09-01,17.0,20000000.0
433177,2020,32,2561,5,4,1,0,Bukayo Saka,2001-09-05,Attack,Right Winger,178.0,left,2020-09-01,18.0,65000000.0
433177,2021,38,2994,11,7,6,0,Bukayo Saka,2001-09-05,Attack,Right Winger,178.0,left,2021-09-01,19.0,65000000.0
433177,2022,38,3194,14,11,6,0,Bukayo Saka,2001-09-05,Attack,Right Winger,178.0,left,2022-09-01,20.0,120000000.0
433177,2023,35,2936,16,9,4,0,Bukayo Saka,2001-09-05,Attack,Right Winger,178.0,left,2023-09-01,21.0,140000000.0
433177,2024,25,1736,6,11,3,0,Bukayo Saka,2001-09-05,Attack,Right Winger,178.0,left,2024-09-01,22.0,150000000.0
433177,2025,31,2226,7,7,2,0,Bukayo Saka,2001-09-05,Attack,Right Winger,178.0,left,2025-09-01,23.0,110000000.0
433183,2023,26,1214,0,0,2,0,Tommy Doyle,2001-10-17,Midfield,Central Midfield,172.0,right,2023-09-01,21.0,10000000.0
433188,2020,24,1178,1,2,2,0,Curtis Jones,2001-01-30,Midfield,Central Midfield,185.0,right,2020-09-01,19.0,30000000.0
433188,2022,18,1039,3,1,2,0,Curtis Jones,2001-01-30,Midfield,Central Midfield,185.0,right,2022-09-01,21.0,22000000.0
433188,2023,23,1166,1,1,3,1,Curtis Jones,2001-01-30,Midfield,Central Midfield,185.0,right,2023-09-01,22.0,35000000.0
433188,2024,33,1711,3,4,3,0,Curtis Jones,2001-01-30,Midfield,Central Midfield,185.0,right,2024-09-01,23.0,45000000.0
433188,2025,34,1930,1,2,2,0,Curtis Jones,2001-01-30,Midfield,Central Midfield,185.0,right,2025-09-01,24.0,35000000.0
434207,2019,24,1261,3,2,0,0,Aaron Connolly,2000-01-28,Attack,Centre-Forward,174.0,right,2019-09-01,19.0,4000000.0
434224,2024,35,3119,1,1,5,0,Maxence Lacroix,2000-04-06,Defender,Centre-Back,190.0,right,2024-09-01,24.0,25000000.0
434224,2025,35,3087,1,2,4,0,Maxence Lacroix,2000-04-06,Defender,Centre-Back,190.0,right,2025-09-01,25.0,50000000.0
434675,2022,21,1465,7,3,0,0,Cody Gakpo,1999-05-07,Attack,Left Winger,193.0,right,2022-09-01,23.0,55000000.0
434675,2023,35,1646,8,5,1,0,Cody Gakpo,1999-05-07,Attack,Left Winger,193.0,right,2023-09-01,24.0,50000000.0
434675,2024,35,1938,10,5,5,0,Cody Gakpo,1999-05-07,Attack,Left Winger,193.0,right,2024-09-01,25.0,70000000.0
434675,2025,36,2749,7,5,3,0,Cody Gakpo,1999-05-07,Attack,Left Winger,193.0,right,2025-09-01,26.0,60000000.0
435338,2020,23,1997,2,0,4,0,Gabriel,1997-12-19,Defender,Centre-Back,190.0,left,2020-09-01,22.0,25000000.0
435338,2021,35,3067,5,0,8,0,Gabriel,1997-12-19,Defender,Centre-Back,190.0,left,2021-09-01,23.0,38000000.0
435338,2022,38,3411,3,0,5,0,Gabriel,1997-12-19,Defender,Centre-Back,190.0,left,2022-09-01,24.0,55000000.0
435338,2023,36,3044,4,0,4,0,Gabriel,1997-12-19,Defender,Centre-Back,190.0,left,2023-09-01,25.0,70000000.0
435338,2024,28,2365,3,3,4,0,Gabriel,1997-12-19,Defender,Centre-Back,190.0,left,2024-09-01,26.0,75000000.0
435338,2025,32,2751,3,4,4,0,Gabriel,1997-12-19,Defender,Centre-Back,190.0,left,2025-09-01,27.0,75000000.0
435648,2024,32,1394,3,2,2,0,Joshua Zirkzee,2001-05-22,Attack,Centre-Forward,193.0,right,2024-09-01,23.0,30000000.0
438001,2024,29,1682,0,0,2,0,Santiago Bueno,1998-11-09,Defender,Centre-Back,191.0,right,2024-09-01,25.0,10000000.0
438001,2025,29,2553,3,2,4,0,Santiago Bueno,1998-11-09,Defender,Centre-Back,191.0,right,2025-09-01,26.0,10000000.0
442248,2021,32,2697,1,1,1,0,Ethan Pinnock,1993-05-29,Defender,Centre-Back,194.0,left,2021-09-01,28.0,12000000.0
442248,2022,30,2700,3,0,0,0,Ethan Pinnock,1993-05-29,Defender,Centre-Back,194.0,left,2022-09-01,29.0,14000000.0
442248,2023,29,2521,2,0,1,0,Ethan Pinnock,1993-05-29,Defender,Centre-Back,194.0,left,2023-09-01,30.0,12000000.0
442248,2024,22,1913,2,0,2,0,Ethan Pinnock,1993-05-29,Defender,Centre-Back,194.0,left,2024-09-01,31.0,7000000.0
444523,2022,28,2172,4,3,5,0,Lucas Paquetá,1997-08-27,Midfield,Attacking Midfield,183.0,left,2022-09-01,25.0,45000000.0
444523,2023,31,2639,4,6,10,0,Lucas Paquetá,1997-08-27,Midfield,Attacking Midfield,183.0,left,2023-09-01,26.0,65000000.0
444523,2024,33,2385,4,0,9,0,Lucas Paquetá,1997-08-27,Midfield,Attacking Midfield,183.0,left,2024-09-01,27.0,28000000.0
444523,2025,18,1522,4,1,5,0,Lucas Paquetá,1997-08-27,Midfield,Attacking Midfield,183.0,left,2025-09-01,28.0,32000000.0
445939,2024,16,1183,7,2,0,0,Omar Marmoush,1999-02-07,Attack,Centre-Forward,183.0,right,2024-09-01,25.0,75000000.0
447661,2019,36,2608,3,2,8,0,Douglas Luiz,1998-05-09,Midfield,Central Midfield,177.0,right,2019-09-01,21.0,18000000.0
447661,2020,33,2791,0,2,10,0,Douglas Luiz,1998-05-09,Midfield,Central Midfield,177.0,right,2020-09-01,22.0,35000000.0
447661,2021,34,2722,2,3,7,0,Douglas Luiz,1998-05-09,Midfield,Central Midfield,177.0,right,2021-09-01,23.0,38000000.0
447661,2022,37,2932,6,6,6,1,Douglas Luiz,1998-05-09,Midfield,Central Midfield,177.0,right,2022-09-01,24.0,40000000.0
447661,2023,35,3002,9,5,12,0,Douglas Luiz,1998-05-09,Midfield,Central Midfield,177.0,right,2023-09-01,25.0,70000000.0
447661,2025,21,922,1,0,3,0,Douglas Luiz,1998-05-09,Midfield,Central Midfield,177.0,right,2025-09-01,27.0,18000000.0
448854,2021,33,2590,10,6,9,0,Emmanuel Dennis,1997-11-15,Attack,Centre-Forward,175.0,right,2021-09-01,23.0,14000000.0
450050,2023,22,957,2,1,0,1,Jean-Ricner Bellegarde,1998-06-27,Midfield,Central Midfield,170.0,right,2023-09-01,25.0,15000000.0
450050,2024,35,1684,2,7,3,0,Jean-Ricner Bellegarde,1998-06-27,Midfield,Central Midfield,170.0,right,2024-09-01,26.0,18000000.0
450050,2025,26,1250,1,1,5,0,Jean-Ricner Bellegarde,1998-06-27,Midfield,Central Midfield,170.0,right,2025-09-01,27.0,16000000.0
450936,2019,21,1008,2,2,3,0,Tanguy Ndombélé,1996-12-28,Midfield,Central Midfield,181.0,right,2019-09-01,22.0,52000000.0
450936,2020,33,2106,3,2,3,0,Tanguy Ndombélé,1996-12-28,Midfield,Central Midfield,181.0,right,2020-09-01,23.0,50000000.0
451276,2023,33,2111,3,2,1,0,Dominik Szoboszlai,2000-10-25,Midfield,Attacking Midfield,187.0,right,2023-09-01,22.0,75000000.0
451276,2024,36,2497,6,7,6,0,Dominik Szoboszlai,2000-10-25,Midfield,Attacking Midfield,187.0,right,2024-09-01,23.0,80000000.0
451276,2025,36,3233,6,7,8,0,Dominik Szoboszlai,2000-10-25,Midfield,Attacking Midfield,187.0,right,2025-09-01,24.0,100000000.0
455661,2025,33,1914,8,3,0,0,Nick Woltemade,2002-02-14,Attack,Centre-Forward,198.0,right,2025-09-01,23.0,55000000.0
459463,2021,25,1141,5,2,3,0,Cucho Hernández,1999-04-20,Attack,Centre-Forward,176.0,right,2021-09-01,22.0,9000000.0
460939,2025,28,1636,5,2,2,0,Tijjani Reijnders,1998-07-29,Midfield,Central Midfield,178.0,right,2025-09-01,27.0,50000000.0
461883,2023,29,2300,1,0,6,0,Calvin Bassey,1999-12-31,Defender,Centre-Back,185.0,left,2023-09-01,23.0,16000000.0
461883,2024,35,3074,1,0,7,0,Calvin Bassey,1999-12-31,Defender,Centre-Back,185.0,left,2024-09-01,24.0,25000000.0
461883,2025,30,2532,1,1,5,0,Calvin Bassey,1999-12-31,Defender,Centre-Back,185.0,left,2025-09-01,25.0,28000000.0
462250,2022,16,942,4,0,1,1,João Félix,1999-11-10,Attack,Second Striker,179.0,right,2022-09-01,22.0,50000000.0
463603,2022,11,904,1,0,2,0,Benoît Badiashile,2001-03-26,Defender,Centre-Back,194.0,left,2022-09-01,21.0,40000000.0
463603,2023,18,1338,0,1,1,0,Benoît Badiashile,2001-03-26,Defender,Centre-Back,194.0,left,2023-09-01,22.0,30000000.0
463605,2025,18,1275,0,0,1,0,Bafodé Diakité,2001-01-06,Defender,Centre-Back,184.0,right,2025-09-01,24.0,25000000.0
465717,2020,16,1108,2,0,2,0,Jayden Bogle,2000-07-27,Defender,Right-Back,178.0,right,2020-09-01,20.0,7000000.0
465717,2023,34,2793,3,0,9,0,Jayden Bogle,2000-07-27,Defender,Right-Back,178.0,right,2023-09-01,23.0,3800000.0
465717,2025,34,2805,1,4,6,0,Jayden Bogle,2000-07-27,Defender,Right-Back,178.0,right,2025-09-01,25.0,15000000.0
465830,2018,33,2142,0,0,9,0,Mattéo Guendouzi,1999-04-14,Midfield,Central Midfield,185.0,right,2018-09-01,19.0,35000000.0
465830,2019,24,1748,0,2,6,0,Mattéo Guendouzi,1999-04-14,Midfield,Central Midfield,185.0,right,2019-09-01,20.0,40500000.0
466805,2025,25,1567,1,0,6,0,Nico González,2002-01-03,Midfield,Defensive Midfield,188.0,right,2025-09-01,23.0,40000000.0
467563,2022,24,1885,0,2,4,0,Armel Bella-Kotchap,2001-12-11,Defender,Centre-Back,190.0,right,2022-09-01,20.0,20000000.0
467623,2023,24,1909,5,3,0,1,Lyle Foster,2000-09-03,Attack,Centre-Forward,185.0,right,2023-09-01,22.0,13000000.0
467623,2025,26,1372,3,2,4,0,Lyle Foster,2000-09-03,Attack,Centre-Forward,185.0,right,2025-09-01,24.0,8000000.0
468002,2021,20,1398,1,0,1,0,Ben Johnson,2000-01-24,Defender,Right-Back,184.0,right,2021-09-01,21.0,9000000.0
468002,2024,23,1349,1,2,5,0,Ben Johnson,2000-01-24,Defender,Right-Back,184.0,right,2024-09-01,24.0,8000000.0
468066,2024,30,1978,1,1,2,0,Jens Cajuste,1999-08-10,Midfield,Defensive Midfield,188.0,right,2024-09-01,25.0,12000000.0
468198,2022,21,1229,2,0,2,0,Joe Aribo,1996-07-21,Midfield,Central Midfield,183.0,left,2022-09-01,26.0,11000000.0
468198,2024,32,2020,3,0,1,0,Joe Aribo,1996-07-21,Midfield,Central Midfield,183.0,left,2024-09-01,28.0,6000000.0
468249,2023,32,2318,0,2,1,0,Vitinho,1999-07-23,Defender,Right-Back,174.0,right,2023-09-01,24.0,5000000.0
469050,2021,19,1670,2,0,2,1,Nathan Collins,2001-04-30,Defender,Centre-Back,193.0,right,2021-09-01,20.0,10000000.0
469050,2022,26,1812,0,0,2,1,Nathan Collins,2001-04-30,Defender,Centre-Back,193.0,right,2022-09-01,21.0,22000000.0
469050,2023,32,2650,1,1,3,0,Nathan Collins,2001-04-30,Defender,Centre-Back,193.0,right,2023-09-01,22.0,25000000.0
469050,2024,38,3420,2,5,5,0,Nathan Collins,2001-04-30,Defender,Centre-Back,193.0,right,2024-09-01,23.0,28000000.0
469050,2025,35,2972,1,2,7,0,Nathan Collins,2001-04-30,Defender,Centre-Back,193.0,right,2025-09-01,24.0,30000000.0
469781,2022,31,2495,2,0,7,0,Marcos Senesi,1997-05-10,Defender,Centre-Back,184.0,left,2022-09-01,25.0,22000000.0
469781,2023,31,2247,4,5,13,0,Marcos Senesi,1997-05-10,Defender,Centre-Back,184.0,left,2023-09-01,26.0,22000000.0
469781,2024,17,1107,0,0,5,0,Marcos Senesi,1997-05-10,Defender,Centre-Back,184.0,left,2024-09-01,27.0,22000000.0
469781,2025,37,3290,0,5,8,0,Marcos Senesi,1997-05-10,Defender,Centre-Back,184.0,left,2025-09-01,28.0,25000000.0
469958,2023,19,1020,2,0,4,0,Jacob Brown,1998-04-10,Attack,Centre-Forward,178.0,right,2023-09-01,25.0,4000000.0
470607,2022,38,2941,8,3,6,0,Brennan Johnson,2001-05-23,Attack,Right Winger,186.0,right,2022-09-01,21.0,38000000.0
470607,2023,35,2333,5,10,3,0,Brennan Johnson,2001-05-23,Attack,Right Winger,186.0,right,2023-09-01,22.0,48000000.0
470607,2024,33,2179,11,5,5,0,Brennan Johnson,2001-05-23,Attack,Right Winger,186.0,right,2024-09-01,23.0,40000000.0
470607,2025,34,1723,2,1,6,0,Brennan Johnson,2001-05-23,Attack,Right Winger,186.0,right,2025-09-01,24.0,30000000.0
471690,2019,36,3240,0,2,7,0,Max Aarons,2000-01-04,Defender,Right-Back,177.0,right,2019-09-01,19.0,20000000.0
471690,2021,34,2882,0,2,8,0,Max Aarons,2000-01-04,Defender,Right-Back,177.0,right,2021-09-01,21.0,22000000.0
471690,2023,20,1234,0,1,1,0,Max Aarons,2000-01-04,Defender,Right-Back,177.0,right,2023-09-01,23.0,16000000.0
472423,2019,24,1513,0,2,1,0,Reece James,1999-12-08,Defender,Right-Back,180.0,right,2019-09-01,19.0,22500000.0
472423,2020,32,2367,1,2,3,0,Reece James,1999-12-08,Defender,Right-Back,180.0,right,2020-09-01,20.0,40000000.0
472423,2021,26,1865,5,9,4,1,Reece James,1999-12-08,Defender,Right-Back,180.0,right,2021-09-01,21.0,60000000.0
472423,2022,16,1244,1,1,4,0,Reece James,1999-12-08,Defender,Right-Back,180.0,right,2022-09-01,22.0,65000000.0
472423,2024,19,1063,1,1,1,0,Reece James,1999-12-08,Defender,Right-Back,180.0,right,2024-09-01,24.0,30000000.0
472423,2025,29,1960,2,5,4,0,Reece James,1999-12-08,Defender,Right-Back,180.0,right,2025-09-01,25.0,60000000.0
473050,2024,38,2301,11,2,3,0,Kevin Schade,2001-11-27,Attack,Left Winger,185.0,right,2024-09-01,22.0,30000000.0
473050,2025,35,2758,8,4,6,0,Kevin Schade,2001-11-27,Attack,Left Winger,185.0,right,2025-09-01,23.0,35000000.0
473169,2025,31,1934,7,1,6,0,Brian Brobbey,2002-02-01,Attack,Centre-Forward,181.0,right,2025-09-01,23.0,30000000.0
474701,2022,28,1415,4,2,4,0,Crysencio Summerville,2001-10-30,Attack,Left Winger,172.0,right,2022-09-01,20.0,15000000.0
474701,2025,31,2484,5,4,6,0,Crysencio Summerville,2001-10-30,Attack,Left Winger,172.0,right,2025-09-01,23.0,35000000.0
475188,2021,28,2105,1,2,4,0,Kiernan Dewsbury-Hall,1998-09-06,Midfield,Central Midfield,176.0,left,2021-09-01,22.0,8000000.0
475188,2022,31,2316,2,2,5,0,Kiernan Dewsbury-Hall,1998-09-06,Midfield,Central Midfield,176.0,left,2022-09-01,23.0,25000000.0
475188,2025,31,2638,8,6,6,0,Kiernan Dewsbury-Hall,1998-09-06,Midfield,Central Midfield,176.0,left,2025-09-01,26.0,35000000.0
475411,2020,28,2265,0,1,7,0,Wesley Fofana,2000-12-17,Defender,Centre-Back,188.0,right,2020-09-01,19.0,40000000.0
475411,2022,17,1367,1,0,4,0,Wesley Fofana,2000-12-17,Defender,Centre-Back,188.0,right,2022-09-01,21.0,55000000.0
475411,2024,14,1176,0,0,7,0,Wesley Fofana,2000-12-17,Defender,Centre-Back,188.0,right,2024-09-01,23.0,25000000.0
475411,2025,25,1726,0,1,5,0,Wesley Fofana,2000-12-17,Defender,Centre-Back,188.0,right,2025-09-01,24.0,28000000.0
475959,2023,28,2329,4,2,3,0,Josko Gvardiol,2002-01-23,Defender,Centre-Back,185.0,left,2023-09-01,21.0,75000000.0
475959,2024,37,3280,5,0,2,0,Josko Gvardiol,2002-01-23,Defender,Centre-Back,185.0,left,2024-09-01,22.0,75000000.0
475959,2025,18,1374,2,2,2,0,Josko Gvardiol,2002-01-23,Defender,Centre-Back,185.0,left,2025-09-01,23.0,70000000.0
476237,2019,19,1183,0,0,1,0,Steven Alzate,1998-09-08,Midfield,Central Midfield,180.0,right,2019-09-01,20.0,2300000.0
476344,2021,31,2289,1,1,5,0,Emerson Royal,1999-01-14,Defender,Right-Back,183.0,right,2021-09-01,22.0,25000000.0
476344,2022,26,1736,2,1,2,1,Emerson Royal,1999-01-14,Defender,Right-Back,183.0,right,2022-09-01,23.0,20000000.0
476344,2023,22,1155,1,0,4,0,Emerson Royal,1999-01-14,Defender,Right-Back,183.0,right,2023-09-01,24.0,18000000.0
476352,2022,28,2220,0,1,7,0,Renan Lodi,1998-04-08,Defender,Left-Back,173.0,left,2022-09-01,24.0,20000000.0
476701,2024,29,1792,1,2,11,0,Manuel Ugarte,2001-04-11,Midfield,Defensive Midfield,182.0,right,2024-09-01,23.0,45000000.0
477758,2018,35,3135,0,3,4,1,Aaron Wan-Bissaka,1997-11-26,Defender,Right-Back,183.0,right,2018-09-01,20.0,35000000.0
477758,2019,35,3072,0,4,8,0,Aaron Wan-Bissaka,1997-11-26,Defender,Right-Back,183.0,right,2019-09-01,21.0,32000000.0
477758,2020,34,3060,2,4,3,0,Aaron Wan-Bissaka,1997-11-26,Defender,Right-Back,183.0,right,2020-09-01,22.0,40000000.0
477758,2021,20,1794,0,0,2,0,Aaron Wan-Bissaka,1997-11-26,Defender,Right-Back,183.0,right,2021-09-01,23.0,25000000.0
477758,2022,19,1436,0,0,2,0,Aaron Wan-Bissaka,1997-11-26,Defender,Right-Back,183.0,right,2022-09-01,24.0,25000000.0
477758,2023,22,1782,0,2,4,0,Aaron Wan-Bissaka,1997-11-26,Defender,Right-Back,183.0,right,2023-09-01,25.0,20000000.0
477758,2024,36,3155,2,5,1,0,Aaron Wan-Bissaka,1997-11-26,Defender,Right-Back,183.0,right,2024-09-01,26.0,24000000.0
477758,2025,25,2084,0,3,4,0,Aaron Wan-Bissaka,1997-11-26,Defender,Right-Back,183.0,right,2025-09-01,27.0,15000000.0
478573,2023,26,1121,1,0,0,0,Ryan Gravenberch,2002-05-16,Midfield,Defensive Midfield,190.0,right,2023-09-01,21.0,35000000.0
478573,2024,37,3169,0,4,6,1,Ryan Gravenberch,2002-05-16,Midfield,Defensive Midfield,190.0,right,2024-09-01,22.0,75000000.0
478573,2025,36,2996,5,3,5,0,Ryan Gravenberch,2002-05-16,Midfield,Defensive Midfield,190.0,right,2025-09-01,23.0,80000000.0
479999,2020,34,2563,4,6,3,0,Eberechi Eze,1998-06-29,Midfield,Attacking Midfield,178.0,right,2020-09-01,22.0,20000000.0
479999,2022,38,2645,10,4,3,0,Eberechi Eze,1998-06-29,Midfield,Attacking Midfield,178.0,right,2022-09-01,24.0,40000000.0
479999,2023,27,2066,11,4,3,0,Eberechi Eze,1998-06-29,Midfield,Attacking Midfield,178.0,right,2023-09-01,25.0,55000000.0
479999,2024,34,2603,8,8,1,0,Eberechi Eze,1998-06-29,Midfield,Attacking Midfield,178.0,right,2024-09-01,26.0,55000000.0
479999,2025,33,1900,7,2,1,0,Eberechi Eze,1998-06-29,Midfield,Attacking Midfield,178.0,right,2025-09-01,27.0,65000000.0
480116,2022,23,2041,0,2,3,0,Lloyd Kelly,1998-10-06,Defender,Centre-Back,189.0,left,2022-09-01,23.0,18000000.0
480116,2023,23,1556,0,1,2,0,Lloyd Kelly,1998-10-06,Defender,Centre-Back,189.0,left,2023-09-01,24.0,18000000.0
480692,2021,13,963,4,3,0,0,Luis Díaz,1997-01-13,Attack,Left Winger,179.0,right,2021-09-01,24.0,65000000.0
480692,2022,17,997,4,2,2,0,Luis Díaz,1997-01-13,Attack,Left Winger,179.0,right,2022-09-01,25.0,75000000.0
480692,2023,37,2646,8,5,3,0,Luis Díaz,1997-01-13,Attack,Left Winger,179.0,right,2023-09-01,26.0,75000000.0
480692,2024,36,2413,13,7,2,0,Luis Díaz,1997-01-13,Attack,Left Winger,179.0,right,2024-09-01,27.0,70000000.0
480762,2022,27,2117,1,0,6,0,Lisandro Martínez,1998-01-18,Defender,Centre-Back,175.0,left,2022-09-01,24.0,50000000.0
480762,2024,20,1754,2,1,7,0,Lisandro Martínez,1998-01-18,Defender,Centre-Back,175.0,left,2024-09-01,26.0,40000000.0
480762,2025,18,1231,0,0,0,0,Lisandro Martínez,1998-01-18,Defender,Centre-Back,175.0,left,2025-09-01,27.0,40000000.0
480987,2019,12,911,1,0,1,0,Chris Mepham,1997-11-05,Defender,Centre-Back,190.0,right,2019-09-01,21.0,8000000.0
480987,2022,26,2198,0,0,7,0,Chris Mepham,1997-11-05,Defender,Centre-Back,190.0,right,2022-09-01,24.0,8000000.0
483348,2024,25,1791,1,2,4,0,Djed Spence,2000-08-09,Defender,Left-Back,184.0,right,2024-09-01,24.0,20000000.0
483348,2025,30,2056,0,0,4,0,Djed Spence,2000-08-09,Defender,Left-Back,184.0,right,2025-09-01,25.0,30000000.0
484547,2025,21,1040,0,2,1,0,Jeremie Frimpong,2000-12-10,Defender,Right-Back,172.0,right,2025-09-01,24.0,35000000.0
485424,2019,18,925,2,2,4,1,Moussa Djenepo,1998-06-15,Attack,Left Winger,177.0,right,2019-09-01,21.0,11000000.0
485424,2020,27,1238,1,0,5,0,Moussa Djenepo,1998-06-15,Attack,Left Winger,177.0,right,2020-09-01,22.0,13000000.0
485585,2024,29,1127,1,2,2,0,Ian Maatsen,2002-03-10,Defender,Left-Back,178.0,left,2024-09-01,22.0,28000000.0
485585,2025,30,1599,0,2,2,0,Ian Maatsen,2002-03-10,Defender,Left-Back,178.0,left,2025-09-01,23.0,30000000.0
485706,2022,33,2496,1,2,9,0,Amadou Onana,2001-08-16,Midfield,Defensive Midfield,195.0,right,2022-09-01,21.0,45000000.0
485706,2023,30,2090,2,0,5,0,Amadou Onana,2001-08-16,Midfield,Defensive Midfield,195.0,right,2023-09-01,22.0,50000000.0
485706,2024,26,1624,3,0,4,0,Amadou Onana,2001-08-16,Midfield,Defensive Midfield,195.0,right,2024-09-01,23.0,50000000.0
485706,2025,25,1764,2,0,3,0,Amadou Onana,2001-08-16,Midfield,Defensive Midfield,195.0,right,2025-09-01,24.0,45000000.0
486049,2023,29,1594,3,10,3,0,Jérémy Doku,2002-05-27,Attack,Left Winger,173.0,right,2023-09-01,21.0,65000000.0
486049,2024,29,1514,3,6,1,0,Jérémy Doku,2002-05-27,Attack,Left Winger,173.0,right,2024-09-01,22.0,50000000.0
486049,2025,30,1786,5,7,0,0,Jérémy Doku,2002-05-27,Attack,Left Winger,173.0,right,2025-09-01,23.0,75000000.0
487465,2019,29,927,3,3,3,0,Pedro Neto,2000-03-09,Attack,Right Winger,174.0,left,2019-09-01,19.0,11500000.0
487465,2020,31,2560,5,6,4,0,Pedro Neto,2000-03-09,Attack,Right Winger,174.0,left,2020-09-01,20.0,35000000.0
487465,2022,18,970,0,1,1,0,Pedro Neto,2000-03-09,Attack,Right Winger,174.0,left,2022-09-01,22.0,28000000.0
487465,2023,20,1519,2,9,4,0,Pedro Neto,2000-03-09,Attack,Right Winger,174.0,left,2023-09-01,23.0,55000000.0
487465,2024,35,2269,4,6,8,0,Pedro Neto,2000-03-09,Attack,Right Winger,174.0,left,2024-09-01,24.0,50000000.0
487465,2025,34,2643,5,6,2,0,Pedro Neto,2000-03-09,Attack,Right Winger,174.0,left,2025-09-01,25.0,60000000.0
487969,2025,30,1669,1,1,3,0,Randal Kolo Muani,1998-12-05,Attack,Centre-Forward,187.0,right,2025-09-01,26.0,20000000.0
488362,2020,30,2532,2,2,11,0,Conor Gallagher,2000-02-06,Midfield,Central Midfield,182.0,right,2020-09-01,20.0,15000000.0
488362,2022,35,1616,3,1,11,0,Conor Gallagher,2000-02-06,Midfield,Central Midfield,182.0,right,2022-09-01,22.0,32000000.0
488362,2023,37,3136,5,7,9,0,Conor Gallagher,2000-02-06,Midfield,Central Midfield,182.0,right,2023-09-01,23.0,50000000.0
488362,2025,16,1191,1,1,2,0,Conor Gallagher,2000-02-06,Midfield,Central Midfield,182.0,right,2025-09-01,25.0,32000000.0
489359,2025,28,1318,2,0,1,0,Ao Tanaka,1998-09-10,Midfield,Central Midfield,180.0,right,2025-09-01,26.0,13000000.0
490307,2021,18,994,2,5,2,0,Enock Mwepu,1998-01-01,Midfield,Central Midfield,184.0,right,2021-09-01,23.0,18000000.0
493003,2023,16,1440,0,4,4,0,Daniel Muñoz,1996-05-26,Defender,Right-Back,180.0,right,2023-09-01,27.0,18000000.0
493003,2024,37,3232,4,6,10,0,Daniel Muñoz,1996-05-26,Defender,Right-Back,180.0,right,2024-09-01,28.0,25000000.0
493003,2025,29,2404,4,3,7,0,Daniel Muñoz,1996-05-26,Defender,Right-Back,180.0,right,2025-09-01,29.0,22000000.0
494237,2025,32,1159,6,0,2,0,Wilson Isidor,2000-08-27,Attack,Centre-Forward,184.0,right,2025-09-01,25.0,18000000.0
494880,2025,15,938,0,0,6,0,Jorge Cuenca,1999-11-17,Defender,Centre-Back,190.0,left,2025-09-01,25.0,8000000.0
495666,2022,27,2416,2,1,4,0,William Saliba,2001-03-24,Defender,Centre-Back,192.0,right,2022-09-01,21.0,65000000.0
495666,2023,38,3420,2,1,4,0,William Saliba,2001-03-24,Defender,Centre-Back,192.0,right,2023-09-01,22.0,80000000.0
495666,2024,35,3041,2,0,2,1,William Saliba,2001-03-24,Defender,Centre-Back,192.0,right,2024-09-01,23.0,80000000.0
495666,2025,31,2615,1,0,2,0,William Saliba,2001-03-24,Defender,Centre-Back,192.0,right,2025-09-01,24.0,100000000.0
497291,2023,26,1503,2,2,4,0,Nicolás Domínguez,1998-06-28,Midfield,Central Midfield,179.0,right,2023-09-01,25.0,17000000.0
497291,2024,34,1971,0,1,9,0,Nicolás Domínguez,1998-06-28,Midfield,Central Midfield,179.0,right,2024-09-01,26.0,18000000.0
497291,2025,27,1177,1,1,3,0,Nicolás Domínguez,1998-06-28,Midfield,Central Midfield,179.0,right,2025-09-01,27.0,15000000.0
500689,2025,21,916,1,1,0,0,Evann Guessand,2001-07-01,Attack,Right Winger,188.0,right,2025-09-01,24.0,25000000.0
502821,2024,19,985,2,1,4,0,Riccardo Calafiori,2002-05-19,Defender,Left-Back,188.0,left,2024-09-01,22.0,35000000.0
502821,2025,26,1708,1,2,5,0,Riccardo Calafiori,2002-05-19,Defender,Left-Back,188.0,left,2025-09-01,23.0,55000000.0
503680,2022,31,1876,1,0,7,0,Neco Williams,2001-04-13,Defender,Left-Back,183.0,right,2022-09-01,21.0,20000000.0
503680,2023,26,1634,0,1,4,0,Neco Williams,2001-04-13,Defender,Left-Back,183.0,right,2023-09-01,22.0,17000000.0
503680,2024,35,2592,1,3,7,0,Neco Williams,2001-04-13,Defender,Left-Back,183.0,right,2024-09-01,23.0,20000000.0
503680,2025,37,3206,2,3,6,0,Neco Williams,2001-04-13,Defender,Left-Back,183.0,right,2025-09-01,24.0,28000000.0
503686,2025,29,2148,2,2,4,0,Dan Ballard,1999-09-22,Defender,Centre-Back,187.0,right,2025-09-01,25.0,20000000.0
503733,2021,35,2286,4,2,4,0,Anthony Gordon,2001-02-24,Attack,Left Winger,183.0,right,2021-09-01,20.0,20000000.0
503733,2022,32,1578,4,0,7,0,Anthony Gordon,2001-02-24,Attack,Left Winger,183.0,right,2022-09-01,21.0,35000000.0
503733,2023,35,2906,11,10,12,0,Anthony Gordon,2001-02-24,Attack,Left Winger,183.0,right,2023-09-01,22.0,60000000.0
503733,2024,34,2446,6,6,2,0,Anthony Gordon,2001-02-24,Attack,Left Winger,183.0,right,2024-09-01,23.0,65000000.0
503733,2025,26,1814,6,2,3,0,Anthony Gordon,2001-02-24,Attack,Left Winger,183.0,right,2025-09-01,24.0,65000000.0
503743,2024,37,3131,8,11,10,0,Morgan Rogers,2002-07-26,Midfield,Attacking Midfield,187.0,right,2024-09-01,22.0,55000000.0
503743,2025,37,3285,10,7,7,0,Morgan Rogers,2002-07-26,Midfield,Attacking Midfield,187.0,right,2025-09-01,23.0,90000000.0
503749,2021,34,2479,6,1,6,0,Jacob Ramsey,2001-05-28,Midfield,Central Midfield,180.0,right,2021-09-01,20.0,25000000.0
503749,2022,35,2646,6,7,5,0,Jacob Ramsey,2001-05-28,Midfield,Central Midfield,180.0,right,2022-09-01,21.0,42000000.0
503749,2024,29,1628,1,5,4,0,Jacob Ramsey,2001-05-28,Midfield,Central Midfield,180.0,right,2024-09-01,23.0,32000000.0
503749,2025,28,1445,2,3,3,0,Jacob Ramsey,2001-05-28,Midfield,Central Midfield,180.0,right,2025-09-01,24.0,35000000.0
503795,2021,16,900,0,0,0,0,Jeremy Ngakia,2000-09-07,Defender,Right-Back,184.0,right,2021-09-01,20.0,3500000.0
503977,2024,34,2828,1,0,9,0,Taylor Harwood-Bellis,2002-01-30,Defender,Centre-Back,188.0,right,2024-09-01,22.0,22000000.0
503981,2021,28,2203,1,2,2,0,Tino Livramento,2002-11-12,Defender,Right-Back,182.0,right,2021-09-01,18.0,25000000.0
503981,2023,26,1306,1,0,1,0,Tino Livramento,2002-11-12,Defender,Right-Back,182.0,right,2023-09-01,20.0,35000000.0
503981,2024,37,2843,0,1,1,0,Tino Livramento,2002-11-12,Defender,Right-Back,182.0,right,2024-09-01,21.0,40000000.0
503981,2025,17,1328,0,1,1,0,Tino Livramento,2002-11-12,Defender,Right-Back,182.0,right,2025-09-01,22.0,45000000.0
503987,2023,23,1053,5,2,2,0,Noni Madueke,2002-03-10,Attack,Right Winger,182.0,left,2023-09-01,21.0,28000000.0
503987,2024,32,2047,7,4,3,0,Noni Madueke,2002-03-10,Attack,Right Winger,182.0,left,2024-09-01,22.0,40000000.0
503987,2025,26,1217,3,1,0,0,Noni Madueke,2002-03-10,Attack,Right Winger,182.0,left,2025-09-01,23.0,50000000.0
504148,2021,30,1556,0,2,4,0,Tariq Lamptey,2000-09-30,Defender,Right-Back,163.0,right,2021-09-01,20.0,18000000.0
504148,2023,19,914,0,3,3,0,Tariq Lamptey,2000-09-30,Defender,Right-Back,163.0,right,2023-09-01,22.0,12000000.0
504849,2022,33,2318,7,6,0,0,Kaoru Mitoma,1997-05-20,Attack,Left Winger,178.0,right,2022-09-01,25.0,32000000.0
504849,2023,19,1488,3,4,4,0,Kaoru Mitoma,1997-05-20,Attack,Left Winger,178.0,right,2023-09-01,26.0,45000000.0
504849,2024,36,2609,10,4,1,0,Kaoru Mitoma,1997-05-20,Attack,Left Winger,178.0,right,2024-09-01,27.0,40000000.0
504849,2025,25,1722,3,1,5,0,Kaoru Mitoma,1997-05-20,Attack,Left Winger,178.0,right,2025-09-01,28.0,22000000.0
505194,2020,14,970,1,0,2,0,Luke Thomas,2001-06-10,Defender,Left-Back,181.0,left,2020-09-01,19.0,5000000.0
505194,2021,22,1912,0,1,2,0,Luke Thomas,2001-06-10,Defender,Left-Back,181.0,left,2021-09-01,20.0,12000000.0
505194,2022,17,1071,0,0,3,0,Luke Thomas,2001-06-10,Defender,Left-Back,181.0,left,2022-09-01,21.0,12000000.0
505194,2023,12,919,0,0,3,0,Luke Thomas,2001-06-10,Defender,Left-Back,181.0,left,2023-09-01,22.0,6000000.0
505194,2024,14,1113,0,0,3,0,Luke Thomas,2001-06-10,Defender,Left-Back,181.0,left,2024-09-01,23.0,6000000.0
505219,2023,37,3005,1,2,7,0,James Garner,2001-03-13,Midfield,Defensive Midfield,182.0,right,2023-09-01,22.0,22000000.0
505219,2024,21,1595,0,1,5,0,James Garner,2001-03-13,Midfield,Defensive Midfield,182.0,right,2024-09-01,23.0,18000000.0
505219,2025,38,3414,2,7,12,0,James Garner,2001-03-13,Midfield,Defensive Midfield,182.0,right,2025-09-01,24.0,45000000.0
505653,2020,32,1356,4,3,2,0,Fábio Silva,2002-07-19,Attack,Centre-Forward,185.0,right,2020-09-01,18.0,25000000.0
506189,2024,27,2155,1,0,12,0,Flynn Downes,1999-01-20,Midfield,Defensive Midfield,178.0,right,2024-09-01,25.0,13000000.0
507700,2019,17,1006,1,1,6,0,Brandon Williams,2000-09-03,Defender,Left-Back,180.0,right,2019-09-01,18.0,11000000.0
507700,2021,26,2123,0,1,8,0,Brandon Williams,2000-09-03,Defender,Left-Back,180.0,right,2021-09-01,20.0,12000000.0
513245,2024,25,1241,0,1,2,0,Jesper Lindstrøm,2000-02-29,Attack,Right Winger,182.0,right,2024-09-01,24.0,18000000.0
514285,2025,21,1830,0,5,1,0,Quilindschy Hartman,2001-11-14,Defender,Left-Back,183.0,left,2025-09-01,23.0,16000000.0
515544,2025,38,3039,2,1,9,0,Trai Hume,2002-03-18,Defender,Right-Back,180.0,right,2025-09-01,23.0,22000000.0
517894,2022,17,972,2,0,1,0,Matheus Cunha,1999-05-27,Attack,Centre-Forward,183.0,right,2022-09-01,23.0,25000000.0
517894,2023,32,2454,12,7,8,0,Matheus Cunha,1999-05-27,Attack,Centre-Forward,183.0,right,2023-09-01,24.0,45000000.0
517894,2024,33,2603,15,6,3,0,Matheus Cunha,1999-05-27,Attack,Centre-Forward,183.0,right,2024-09-01,25.0,60000000.0
517894,2025,33,2503,10,4,4,0,Matheus Cunha,1999-05-27,Attack,Centre-Forward,183.0,right,2025-09-01,26.0,75000000.0
520624,2021,17,1034,5,1,4,0,Bruno Guimarães,1997-11-16,Midfield,Central Midfield,182.0,right,2021-09-01,23.0,40000000.0
520624,2022,32,2734,4,5,7,0,Bruno Guimarães,1997-11-16,Midfield,Central Midfield,182.0,right,2022-09-01,24.0,70000000.0
520624,2023,37,3269,7,8,9,0,Bruno Guimarães,1997-11-16,Midfield,Central Midfield,182.0,right,2023-09-01,25.0,85000000.0
520624,2024,38,3287,5,6,7,0,Bruno Guimarães,1997-11-16,Midfield,Central Midfield,182.0,right,2024-09-01,26.0,80000000.0
520624,2025,29,2460,9,6,6,0,Bruno Guimarães,1997-11-16,Midfield,Central Midfield,182.0,right,2025-09-01,27.0,70000000.0
521964,2025,35,2964,4,0,4,0,Malick Thiaw,2001-08-08,Defender,Centre-Back,194.0,right,2025-09-01,24.0,45000000.0
522784,2025,18,1396,6,0,6,0,Taty Castellanos,1998-10-03,Attack,Centre-Forward,178.0,right,2025-09-01,26.0,28000000.0
525247,2020,18,1307,0,1,4,0,Maximilian Kilman,1997-05-23,Defender,Centre-Back,194.0,left,2020-09-01,23.0,4500000.0
525247,2021,30,2689,1,0,3,0,Maximilian Kilman,1997-05-23,Defender,Centre-Back,194.0,left,2021-09-01,24.0,16000000.0
525247,2022,37,3308,0,0,3,0,Maximilian Kilman,1997-05-23,Defender,Centre-Back,194.0,left,2022-09-01,25.0,30000000.0
525247,2023,38,3420,2,0,7,0,Maximilian Kilman,1997-05-23,Defender,Centre-Back,194.0,left,2023-09-01,26.0,32000000.0
525247,2024,38,3349,0,2,5,0,Maximilian Kilman,1997-05-23,Defender,Centre-Back,194.0,left,2024-09-01,27.0,25000000.0
525247,2025,21,1558,0,0,4,0,Maximilian Kilman,1997-05-23,Defender,Centre-Back,194.0,left,2025-09-01,28.0,13000000.0
525287,2022,28,1101,5,2,3,0,Carlos Vinícius,1995-03-25,Attack,Centre-Forward,190.0,left,2022-09-01,27.0,6000000.0
527425,2024,15,1187,0,0,2,0,Luke Woolfenden,1998-10-21,Defender,Centre-Back,193.0,right,2024-09-01,25.0,2000000.0
532776,2025,31,1082,3,2,2,0,Amine Adli,2000-05-10,Attack,Left Winger,180.0,left,2025-09-01,25.0,20000000.0
532826,2019,31,1313,10,1,0,0,Mason Greenwood,2001-10-01,Attack,Right Winger,181.0,both,2019-09-01,17.0,29000000.0
532826,2020,31,1826,7,2,2,0,Mason Greenwood,2001-10-01,Attack,Right Winger,181.0,both,2020-09-01,18.0,50000000.0
532826,2021,18,1278,5,1,1,0,Mason Greenwood,2001-10-01,Attack,Right Winger,181.0,both,2021-09-01,19.0,50000000.0
533662,2023,30,1840,4,1,2,0,Cameron Archer,2001-12-09,Attack,Centre-Forward,175.0,right,2023-09-01,21.0,13000000.0
533662,2024,35,1433,2,0,0,0,Cameron Archer,2001-12-09,Attack,Centre-Forward,175.0,right,2024-09-01,22.0,12000000.0
533916,2021,22,905,1,0,2,0,Shandon Baptiste,1998-04-08,Midfield,Central Midfield,180.0,right,2021-09-01,23.0,3000000.0
534033,2020,21,1115,1,1,1,0,Alexis Mac Allister,1998-12-24,Midfield,Central Midfield,176.0,right,2020-09-01,21.0,10000000.0
534033,2021,33,2115,5,2,4,0,Alexis Mac Allister,1998-12-24,Midfield,Central Midfield,176.0,right,2021-09-01,22.0,16000000.0
534033,2022,35,2886,10,2,8,0,Alexis Mac Allister,1998-12-24,Midfield,Central Midfield,176.0,right,2022-09-01,23.0,65000000.0
534033,2023,33,2612,5,5,8,1,Alexis Mac Allister,1998-12-24,Midfield,Central Midfield,176.0,right,2023-09-01,24.0,75000000.0
534033,2024,35,2609,5,5,6,0,Alexis Mac Allister,1998-12-24,Midfield,Central Midfield,176.0,right,2024-09-01,25.0,100000000.0
534033,2025,37,2663,2,4,7,0,Alexis Mac Allister,1998-12-24,Midfield,Central Midfield,176.0,right,2025-09-01,26.0,70000000.0
535955,2021,22,1171,1,1,2,0,Nuno Tavares,2000-01-26,Defender,Left-Back,183.0,left,2021-09-01,21.0,15000000.0
536835,2024,26,1903,8,8,5,0,Amad Diallo,2002-07-11,Attack,Right Winger,173.0,left,2024-09-01,22.0,45000000.0
536835,2025,32,2346,2,4,2,0,Amad Diallo,2002-07-11,Attack,Right Winger,173.0,left,2025-09-01,23.0,45000000.0
537860,2023,31,1579,5,2,5,0,Mykhaylo Mudryk,2001-01-05,Attack,Left Winger,175.0,right,2023-09-01,22.0,35000000.0
538977,2024,28,1666,5,3,2,0,Georginio Rutter,2002-04-20,Attack,Centre-Forward,182.0,left,2024-09-01,22.0,32000000.0
538977,2025,32,1791,3,4,2,0,Georginio Rutter,2002-04-20,Attack,Centre-Forward,182.0,left,2025-09-01,23.0,30000000.0
540941,2022,26,979,0,0,4,0,Mikkel Damsgaard,2000-07-03,Midfield,Attacking Midfield,180.0,right,2022-09-01,22.0,13000000.0
540941,2024,38,2930,2,11,2,0,Mikkel Damsgaard,2000-07-03,Midfield,Attacking Midfield,180.0,right,2024-09-01,24.0,28000000.0
540941,2025,33,2058,4,4,0,0,Mikkel Damsgaard,2000-07-03,Midfield,Attacking Midfield,180.0,right,2025-09-01,25.0,30000000.0
541231,2024,31,2588,0,1,3,0,Sepp van den Berg,2001-12-20,Defender,Centre-Back,192.0,right,2024-09-01,22.0,22000000.0
541231,2025,32,2761,0,2,2,0,Sepp van den Berg,2001-12-20,Defender,Centre-Back,192.0,right,2025-09-01,23.0,32000000.0
543387,2022,34,2786,0,3,10,0,Cheick Doucouré,2000-01-08,Midfield,Defensive Midfield,180.0,right,2022-09-01,22.0,35000000.0
543387,2023,11,922,0,0,2,0,Cheick Doucouré,2000-01-08,Midfield,Defensive Midfield,180.0,right,2023-09-01,23.0,35000000.0
543499,2023,33,2489,8,6,6,0,Mohammed Kudus,2000-08-02,Attack,Right Winger,177.0,left,2023-09-01,23.0,50000000.0
543499,2024,32,2603,5,3,2,1,Mohammed Kudus,2000-08-02,Attack,Right Winger,177.0,left,2024-09-01,24.0,45000000.0
543499,2025,19,1546,2,6,3,0,Mohammed Kudus,2000-08-02,Attack,Right Winger,177.0,left,2025-09-01,25.0,50000000.0
546543,2022,29,1698,9,3,1,1,Darwin Núñez,1999-06-24,Attack,Centre-Forward,185.0,right,2022-09-01,23.0,65000000.0
546543,2023,36,2045,11,8,8,0,Darwin Núñez,1999-06-24,Attack,Centre-Forward,185.0,right,2023-09-01,24.0,70000000.0
546543,2024,30,1118,5,3,8,0,Darwin Núñez,1999-06-24,Attack,Centre-Forward,185.0,right,2024-09-01,25.0,45000000.0
548470,2023,30,2470,1,0,3,0,Teden Mengi,2002-04-30,Defender,Centre-Back,186.0,right,2023-09-01,21.0,12000000.0
548729,2023,34,1973,5,1,2,0,Zeki Amdouni,2000-12-04,Attack,Centre-Forward,183.0,right,2023-09-01,22.0,12000000.0
553875,2022,15,1136,3,3,0,0,Pedro Porro,1999-09-13,Defender,Right-Back,173.0,right,2022-09-01,22.0,40000000.0
553875,2023,35,3093,3,7,3,0,Pedro Porro,1999-09-13,Defender,Right-Back,173.0,right,2023-09-01,23.0,45000000.0
553875,2024,33,2609,2,6,5,0,Pedro Porro,1999-09-13,Defender,Right-Back,173.0,right,2024-09-01,24.0,38000000.0
553875,2025,34,2798,1,2,10,0,Pedro Porro,1999-09-13,Defender,Right-Back,173.0,right,2025-09-01,25.0,35000000.0
556385,2023,28,2398,2,3,7,0,Destiny Udogie,2002-11-28,Defender,Left-Back,188.0,left,2023-09-01,20.0,45000000.0
556385,2024,25,1932,0,1,2,0,Destiny Udogie,2002-11-28,Defender,Left-Back,188.0,left,2024-09-01,21.0,40000000.0
556385,2025,20,1342,0,1,4,0,Destiny Udogie,2002-11-28,Defender,Left-Back,188.0,left,2025-09-01,22.0,30000000.0
557459,2023,27,2343,3,0,5,0,Micky van de Ven,2001-04-19,Defender,Centre-Back,193.0,left,2023-09-01,22.0,55000000.0
557459,2024,13,1018,0,2,4,0,Micky van de Ven,2001-04-19,Defender,Centre-Back,193.0,left,2024-09-01,23.0,50000000.0
557459,2025,35,3043,4,1,9,0,Micky van de Ven,2001-04-19,Defender,Centre-Back,193.0,left,2025-09-01,24.0,50000000.0
559794,2024,32,1170,0,4,2,0,Jack Clarke,2000-11-23,Attack,Left Winger,181.0,right,2024-09-01,23.0,15000000.0
563963,2021,34,2972,0,0,10,0,Mohammed Salisu,1999-04-17,Defender,Centre-Back,188.0,left,2021-09-01,22.0,18000000.0
563963,2022,22,1973,0,1,5,0,Mohammed Salisu,1999-04-17,Defender,Centre-Back,188.0,left,2022-09-01,23.0,18000000.0
564529,2024,30,2489,0,1,1,0,Victor Kristiansen,2002-12-16,Defender,Left-Back,181.0,left,2024-09-01,21.0,15000000.0
565822,2022,32,1611,1,2,2,0,Harvey Elliott,2003-04-04,Midfield,Attacking Midfield,170.0,left,2022-09-01,19.0,35000000.0
565822,2023,34,1335,3,6,2,0,Harvey Elliott,2003-04-04,Midfield,Attacking Midfield,170.0,left,2023-09-01,20.0,35000000.0
566723,2021,26,1135,2,5,4,0,Michael Olise,2001-12-12,Attack,Right Winger,180.0,left,2021-09-01,19.0,22000000.0
566723,2022,37,2756,2,11,2,0,Michael Olise,2001-12-12,Attack,Right Winger,180.0,left,2022-09-01,20.0,38000000.0
566723,2023,19,1278,10,6,0,0,Michael Olise,2001-12-12,Attack,Right Winger,180.0,left,2023-09-01,21.0,55000000.0
566931,2025,28,1757,2,5,5,0,Xavi Simons,2003-04-21,Midfield,Attacking Midfield,179.0,right,2025-09-01,22.0,40000000.0
567576,2023,21,1024,0,2,3,0,Elliot Anderson,2002-11-06,Midfield,Central Midfield,179.0,right,2023-09-01,20.0,15000000.0
567576,2024,37,2743,2,6,10,0,Elliot Anderson,2002-11-06,Midfield,Central Midfield,179.0,right,2024-09-01,21.0,32000000.0
567576,2025,38,3335,4,4,8,0,Elliot Anderson,2002-11-06,Midfield,Central Midfield,179.0,right,2025-09-01,22.0,75000000.0
568157,2025,34,2092,2,2,4,0,Yéremy Pino,2002-10-20,Attack,Right Winger,174.0,right,2025-09-01,22.0,30000000.0
568177,2023,34,2628,22,11,7,0,Cole Palmer,2002-05-06,Midfield,Attacking Midfield,185.0,left,2023-09-01,21.0,80000000.0
568177,2024,37,3200,15,9,7,0,Cole Palmer,2002-05-06,Midfield,Attacking Midfield,185.0,left,2024-09-01,22.0,120000000.0
568177,2025,26,1965,10,1,5,0,Cole Palmer,2002-05-06,Midfield,Attacking Midfield,185.0,left,2025-09-01,23.0,100000000.0
568559,2024,16,1251,0,0,1,0,Radu Drăgușin,2002-02-03,Defender,Centre-Back,191.0,right,2024-09-01,22.0,25000000.0
568693,2023,34,2085,3,3,9,0,Pape Matar Sarr,2002-09-14,Midfield,Central Midfield,185.0,right,2023-09-01,20.0,45000000.0
568693,2024,36,1914,3,2,6,0,Pape Matar Sarr,2002-09-14,Midfield,Central Midfield,185.0,right,2024-09-01,21.0,32000000.0
568693,2025,26,1389,2,4,3,0,Pape Matar Sarr,2002-09-14,Midfield,Central Midfield,185.0,right,2025-09-01,22.0,30000000.0
576024,2022,31,1454,9,1,0,0,Julián Alvarez,2000-01-31,Attack,Centre-Forward,170.0,right,2022-09-01,22.0,60000000.0
576024,2023,36,2659,11,9,2,0,Julián Alvarez,2000-01-31,Attack,Centre-Forward,170.0,right,2023-09-01,23.0,90000000.0
576314,2023,28,2368,0,0,4,0,Jan Paul van Hecke,2000-06-08,Defender,Centre-Back,189.0,right,2023-09-01,23.0,18000000.0
576314,2024,34,2961,1,1,8,0,Jan Paul van Hecke,2000-06-08,Defender,Centre-Back,189.0,right,2024-09-01,24.0,32000000.0
576314,2025,36,3211,3,3,9,0,Jan Paul van Hecke,2000-06-08,Defender,Centre-Back,189.0,right,2025-09-01,25.0,45000000.0
578391,2020,21,1405,1,1,1,0,Rayan Aït-Nouri,2001-06-06,Defender,Left-Back,180.0,left,2020-09-01,19.0,18000000.0
578391,2021,23,1828,1,4,4,0,Rayan Aït-Nouri,2001-06-06,Defender,Left-Back,180.0,left,2021-09-01,20.0,20000000.0
578391,2022,21,1070,1,0,4,0,Rayan Aït-Nouri,2001-06-06,Defender,Left-Back,180.0,left,2022-09-01,21.0,22000000.0
578391,2023,33,2343,2,1,7,0,Rayan Aït-Nouri,2001-06-06,Defender,Left-Back,180.0,left,2023-09-01,22.0,35000000.0
578391,2024,37,3128,4,7,7,0,Rayan Aït-Nouri,2001-06-06,Defender,Left-Back,180.0,left,2024-09-01,23.0,35000000.0
578391,2025,17,976,0,2,2,0,Rayan Aït-Nouri,2001-06-06,Defender,Left-Back,180.0,left,2025-09-01,24.0,40000000.0
578539,2023,26,2091,1,1,3,0,Chris Richards,2000-03-28,Defender,Centre-Back,189.0,right,2023-09-01,23.0,12000000.0
578539,2024,24,1925,1,0,4,0,Chris Richards,2000-03-28,Defender,Centre-Back,189.0,right,2024-09-01,24.0,14000000.0
578539,2025,33,2826,1,0,4,0,Chris Richards,2000-03-28,Defender,Centre-Back,189.0,right,2025-09-01,25.0,28000000.0
583189,2021,21,1214,2,2,0,0,Anthony Elanga,2002-04-27,Attack,Right Winger,178.0,right,2021-09-01,19.0,20000000.0
583189,2023,36,2434,5,9,1,0,Anthony Elanga,2002-04-27,Attack,Right Winger,178.0,right,2023-09-01,21.0,22000000.0
583189,2024,38,2510,6,11,1,0,Anthony Elanga,2002-04-27,Attack,Right Winger,178.0,right,2024-09-01,22.0,42000000.0
583189,2025,32,1313,0,1,0,0,Anthony Elanga,2002-04-27,Attack,Right Winger,178.0,right,2025-09-01,23.0,32000000.0
583199,2023,31,1828,3,3,2,0,James McAtee,2002-10-18,Midfield,Attacking Midfield,180.0,left,2023-09-01,20.0,12000000.0
583255,2023,33,2113,8,2,7,0,Antoine Semenyo,2000-01-07,Attack,Right Winger,185.0,right,2023-09-01,23.0,10000000.0
583255,2024,37,3210,11,6,9,0,Antoine Semenyo,2000-01-07,Attack,Right Winger,185.0,right,2024-09-01,24.0,40000000.0
583255,2025,37,3205,17,4,7,0,Antoine Semenyo,2000-01-07,Attack,Right Winger,185.0,right,2025-09-01,25.0,80000000.0
584769,2018,21,1598,3,5,2,0,Dwight McNeil,1999-11-22,Attack,Left Winger,183.0,left,2018-09-01,18.0,15000000.0
584769,2019,38,3345,2,6,5,0,Dwight McNeil,1999-11-22,Attack,Left Winger,183.0,left,2019-09-01,19.0,18000000.0
584769,2020,36,3072,2,5,1,0,Dwight McNeil,1999-11-22,Attack,Left Winger,183.0,left,2020-09-01,20.0,22000000.0
584769,2021,38,3112,0,1,1,0,Dwight McNeil,1999-11-22,Attack,Left Winger,183.0,left,2021-09-01,21.0,18000000.0
584769,2022,36,2499,7,3,5,0,Dwight McNeil,1999-11-22,Attack,Left Winger,183.0,left,2022-09-01,22.0,20000000.0
584769,2023,35,2898,3,6,2,0,Dwight McNeil,1999-11-22,Attack,Left Winger,183.0,left,2023-09-01,23.0,22000000.0
584769,2024,21,1371,4,8,1,0,Dwight McNeil,1999-11-22,Attack,Left Winger,183.0,left,2024-09-01,24.0,25000000.0
584769,2025,22,1169,0,1,1,0,Dwight McNeil,1999-11-22,Attack,Left Winger,183.0,left,2025-09-01,25.0,18000000.0
588989,2025,23,1124,1,0,1,0,Jhon Arias,1997-09-21,Attack,Right Winger,168.0,right,2025-09-01,27.0,15000000.0
591949,2022,26,1931,0,1,7,0,Aaron Hickey,2002-06-10,Defender,Right-Back,185.0,both,2022-09-01,20.0,25000000.0
595809,2023,30,941,3,0,2,0,Beto,1998-01-31,Attack,Centre-Forward,194.0,right,2023-09-01,25.0,20000000.0
595809,2024,30,1528,8,0,2,0,Beto,1998-01-31,Attack,Centre-Forward,194.0,right,2024-09-01,26.0,22000000.0
595809,2025,37,1565,9,1,3,0,Beto,1998-01-31,Attack,Centre-Forward,194.0,right,2025-09-01,27.0,18000000.0
596446,2024,33,2746,1,3,5,1,Leif Davis,1999-12-31,Defender,Left-Back,182.0,left,2024-09-01,24.0,22000000.0
598577,2025,33,2390,5,4,1,0,Florian Wirtz,2003-05-03,Midfield,Attacking Midfield,177.0,right,2025-09-01,22.0,100000000.0
601883,2022,34,2478,1,1,2,0,Matheus Nunes,1998-08-27,Defender,Right-Back,183.0,right,2022-09-01,24.0,45000000.0
601883,2024,26,1672,1,6,4,0,Matheus Nunes,1998-08-27,Defender,Right-Back,183.0,right,2024-09-01,26.0,35000000.0
601883,2025,34,2865,1,7,5,0,Matheus Nunes,1998-08-27,Defender,Right-Back,183.0,right,2025-09-01,27.0,50000000.0
602105,2022,25,1818,4,2,5,0,Antony,2000-02-24,Attack,Right Winger,172.0,left,2022-09-01,22.0,60000000.0
602105,2023,29,1323,1,1,5,0,Antony,2000-02-24,Attack,Right Winger,172.0,left,2023-09-01,23.0,25000000.0
605184,2024,27,1833,0,0,3,0,Jean-Clair Todibo,1999-12-30,Defender,Centre-Back,190.0,right,2024-09-01,24.0,25000000.0
605184,2025,23,1819,0,1,5,0,Jean-Clair Todibo,1999-12-30,Defender,Centre-Back,190.0,right,2025-09-01,25.0,22000000.0
606718,2022,17,981,1,0,6,0,Toti,1999-01-16,Defender,Centre-Back,187.0,left,2022-09-01,23.0,6000000.0
606718,2023,35,2776,1,3,7,0,Toti,1999-01-16,Defender,Centre-Back,187.0,left,2023-09-01,24.0,20000000.0
606718,2024,31,2615,0,1,7,0,Toti,1999-01-16,Defender,Centre-Back,187.0,left,2024-09-01,25.0,28000000.0
606718,2025,19,1427,0,0,2,0,Toti,1999-01-16,Defender,Centre-Back,187.0,left,2025-09-01,26.0,18000000.0
607223,2025,33,1786,4,12,1,0,Rayan Cherki,2003-08-17,Midfield,Attacking Midfield,177.0,both,2025-09-01,22.0,90000000.0
607224,2025,27,1231,1,4,10,0,Hannibal,2003-01-21,Midfield,Attacking Midfield,177.0,right,2025-09-01,22.0,15000000.0
607226,2025,29,1270,2,1,2,0,Loum Tchaouna,2003-09-08,Attack,Right Winger,180.0,left,2025-09-01,21.0,13000000.0
608175,2023,37,2937,2,8,5,0,Alfie Doughty,1999-12-21,Midfield,Left Midfield,183.0,left,2023-09-01,23.0,10000000.0
610442,2023,30,2171,10,2,2,0,Rasmus Højlund,2003-02-04,Attack,Centre-Forward,191.0,left,2023-09-01,20.0,65000000.0
610442,2024,32,2014,4,1,2,0,Rasmus Højlund,2003-02-04,Attack,Centre-Forward,191.0,left,2024-09-01,21.0,35000000.0
610849,2024,37,2616,12,2,12,0,Liam Delap,2003-02-08,Attack,Centre-Forward,186.0,right,2024-09-01,21.0,40000000.0
610849,2025,28,1101,1,1,4,0,Liam Delap,2003-02-08,Attack,Centre-Forward,186.0,right,2025-09-01,22.0,28000000.0
611793,2025,29,2104,0,3,5,0,James Hill,2002-01-10,Defender,Centre-Back,184.0,right,2025-09-01,23.0,23000000.0
612517,2025,20,1578,0,2,6,0,Bashir Humphreys,2003-03-15,Defender,Centre-Back,186.0,left,2025-09-01,22.0,12000000.0
614258,2022,17,1220,0,2,1,0,Levi Colwill,2003-02-26,Defender,Centre-Back,187.0,left,2022-09-01,19.0,30000000.0
614258,2023,23,1798,1,1,2,0,Levi Colwill,2003-02-26,Defender,Centre-Back,187.0,left,2023-09-01,20.0,50000000.0
614258,2024,35,3150,2,1,9,0,Levi Colwill,2003-02-26,Defender,Centre-Back,187.0,left,2024-09-01,21.0,55000000.0
620322,2023,27,1756,0,6,7,1,Malo Gusto,2003-05-19,Defender,Right-Back,178.0,right,2023-09-01,20.0,35000000.0
620322,2024,32,1858,0,1,4,0,Malo Gusto,2003-05-19,Defender,Right-Back,178.0,right,2024-09-01,21.0,35000000.0
620322,2025,34,2268,2,3,3,0,Malo Gusto,2003-05-19,Defender,Right-Back,178.0,right,2025-09-01,22.0,35000000.0
620598,2023,13,1055,1,0,1,0,Ameen Al-Dakhil,2002-03-06,Defender,Centre-Back,187.0,right,2023-09-01,21.0,12000000.0
623570,2024,33,2440,9,0,3,0,Iliman Ndiaye,2000-03-06,Attack,Right Winger,180.0,right,2024-09-01,24.0,22000000.0
623570,2025,32,2789,6,3,2,0,Iliman Ndiaye,2000-03-06,Attack,Right Winger,180.0,right,2025-09-01,25.0,55000000.0
624258,2025,15,933,0,2,5,0,Conor Bradley,2003-07-09,Defender,Right-Back,181.0,right,2025-09-01,22.0,25000000.0
626724,2021,28,1638,3,1,1,0,João Pedro,2001-09-26,Attack,Centre-Forward,186.0,right,2021-09-01,19.0,14000000.0
626724,2023,31,2047,9,3,2,0,João Pedro,2001-09-26,Attack,Centre-Forward,186.0,right,2023-09-01,21.0,45000000.0
626724,2024,27,1953,10,6,4,1,João Pedro,2001-09-26,Attack,Centre-Forward,186.0,right,2024-09-01,22.0,50000000.0
626724,2025,35,2674,15,8,5,0,João Pedro,2001-09-26,Attack,Centre-Forward,186.0,right,2025-09-01,23.0,80000000.0
627442,2025,30,1637,11,1,2,0,Benjamin Sesko,2003-05-31,Attack,Centre-Forward,195.0,right,2025-09-01,22.0,75000000.0
627626,2022,24,1351,2,4,6,0,Wilfried Gnonto,2003-11-05,Attack,Right Winger,170.0,right,2022-09-01,18.0,18000000.0
628451,2022,29,2231,1,0,9,0,Roméo Lavia,2004-01-06,Midfield,Defensive Midfield,181.0,right,2022-09-01,18.0,32000000.0
632349,2023,17,1190,2,0,1,0,Jarell Quansah,2003-01-29,Defender,Centre-Back,190.0,right,2023-09-01,20.0,22000000.0
633530,2022,19,1456,0,1,1,0,Jordan Zemura,1999-11-14,Defender,Left-Back,173.0,left,2022-09-01,22.0,6000000.0
633992,2025,36,2936,5,6,5,0,Enzo Le Fée,2000-02-03,Midfield,Central Midfield,173.0,right,2025-09-01,25.0,28000000.0
635336,2021,20,1420,0,0,6,0,Imrân Louza,1999-05-01,Midfield,Central Midfield,178.0,left,2021-09-01,22.0,9000000.0
644401,2023,30,1441,3,1,0,0,Keane Lewis-Potter,2001-02-22,Midfield,Left Midfield,170.0,right,2023-09-01,22.0,15000000.0
644401,2024,38,3100,1,4,7,0,Keane Lewis-Potter,2001-02-22,Midfield,Left Midfield,170.0,right,2024-09-01,23.0,23000000.0
644401,2025,36,1970,3,3,1,0,Keane Lewis-Potter,2001-02-22,Midfield,Left Midfield,170.0,right,2025-09-01,24.0,25000000.0
645686,2025,28,1048,0,0,5,0,Lamare Bogarde,2004-01-05,Midfield,Defensive Midfield,185.0,right,2025-09-01,21.0,18000000.0
646750,2025,20,989,0,0,4,0,Cristhian Mosquera,2004-06-27,Defender,Centre-Back,191.0,right,2025-09-01,21.0,40000000.0
648046,2022,19,950,6,2,1,0,Evan Ferguson,2004-10-19,Attack,Centre-Forward,188.0,right,2022-09-01,17.0,30000000.0
648046,2023,27,1365,6,0,1,0,Evan Ferguson,2004-10-19,Attack,Centre-Forward,188.0,right,2023-09-01,18.0,50000000.0
648195,2022,18,1551,0,2,3,0,Enzo Fernández,2001-01-17,Midfield,Central Midfield,178.0,right,2022-09-01,21.0,80000000.0
648195,2023,28,2215,3,2,7,0,Enzo Fernández,2001-01-17,Midfield,Central Midfield,178.0,right,2023-09-01,22.0,75000000.0
648195,2024,36,2949,6,7,8,0,Enzo Fernández,2001-01-17,Midfield,Central Midfield,178.0,right,2024-09-01,23.0,75000000.0
648195,2025,36,3121,10,4,10,0,Enzo Fernández,2001-01-17,Midfield,Central Midfield,178.0,right,2025-09-01,24.0,90000000.0
649452,2023,24,1732,0,2,7,0,Issa Kaboré,2001-05-12,Defender,Right-Back,180.0,right,2023-09-01,22.0,10000000.0
654539,2025,38,3380,1,5,5,0,Adrien Truffert,2001-11-20,Defender,Left-Back,176.0,left,2025-09-01,23.0,30000000.0
654982,2024,32,2197,2,3,4,0,Bilal El Khannouss,2004-05-10,Midfield,Attacking Midfield,180.0,right,2024-09-01,20.0,28000000.0
655488,2021,29,1867,6,6,3,0,Gabriel Martinelli,2001-06-18,Attack,Left Winger,178.0,right,2021-09-01,20.0,40000000.0
655488,2022,36,2805,15,5,3,0,Gabriel Martinelli,2001-06-18,Attack,Left Winger,178.0,right,2022-09-01,21.0,80000000.0
655488,2023,35,2029,6,4,1,0,Gabriel Martinelli,2001-06-18,Attack,Left Winger,178.0,right,2023-09-01,22.0,70000000.0
655488,2024,33,2299,8,4,1,0,Gabriel Martinelli,2001-06-18,Attack,Left Winger,178.0,right,2024-09-01,23.0,55000000.0
655488,2025,30,1073,1,4,3,0,Gabriel Martinelli,2001-06-18,Attack,Left Winger,178.0,right,2025-09-01,24.0,45000000.0
658536,2023,31,2232,6,1,3,0,Simon Adingra,2002-01-01,Attack,Left Winger,175.0,right,2023-09-01,21.0,30000000.0
658536,2024,29,1093,2,2,0,0,Simon Adingra,2002-01-01,Attack,Left Winger,175.0,right,2024-09-01,22.0,28000000.0
659089,2023,37,3330,1,0,5,0,Ilya Zabarnyi,2002-09-01,Defender,Centre-Back,189.0,right,2023-09-01,20.0,32000000.0
659089,2024,36,3114,0,1,4,1,Ilya Zabarnyi,2002-09-01,Defender,Centre-Back,189.0,right,2024-09-01,22.0,42000000.0
659813,2025,25,1792,1,2,2,0,Piero Hincapié,2002-01-09,Defender,Centre-Back,183.0,left,2025-09-01,23.0,50000000.0
660867,2024,25,1165,2,3,3,0,Julio Enciso,2004-01-23,Midfield,Attacking Midfield,173.0,right,2024-09-01,20.0,22000000.0
661053,2023,35,3117,3,1,8,0,Jarrad Branthwaite,2002-06-27,Defender,Centre-Back,195.0,left,2023-09-01,21.0,42000000.0
661053,2024,30,2510,0,1,4,0,Jarrad Branthwaite,2002-06-27,Defender,Centre-Back,195.0,left,2024-09-01,22.0,50000000.0
661207,2025,23,1037,0,1,1,0,Oscar Bobb,2003-07-12,Attack,Right Winger,177.0,left,2025-09-01,22.0,28000000.0
661427,2025,22,1048,0,2,1,0,David Møller Wolfe,2002-04-23,Defender,Left-Back,185.0,left,2025-09-01,23.0,8000000.0
663581,2023,36,2672,1,0,3,0,Vini Souza,1999-06-17,Midfield,Defensive Midfield,187.0,right,2023-09-01,24.0,12000000.0
667121,2025,22,958,3,0,0,0,Rodrigo Gomes,2003-07-07,Midfield,Left Midfield,175.0,right,2025-09-01,22.0,15000000.0
667287,2024,34,1968,2,1,3,0,Yasin Ayari,2003-10-06,Midfield,Central Midfield,172.0,right,2024-09-01,20.0,22000000.0
667287,2025,29,1925,3,3,1,0,Yasin Ayari,2003-10-06,Midfield,Central Midfield,172.0,right,2025-09-01,21.0,35000000.0
670858,2024,27,2193,0,5,3,0,Lewis Hall,2004-09-08,Defender,Left-Back,179.0,left,2024-09-01,19.0,32000000.0
670858,2025,30,2180,1,1,5,0,Lewis Hall,2004-09-08,Defender,Left-Back,179.0,left,2025-09-01,20.0,40000000.0
673492,2025,21,1341,1,0,5,0,Morato,2001-06-30,Defender,Centre-Back,192.0,left,2025-09-01,24.0,14000000.0
683571,2025,33,1408,3,1,1,0,Tolu Arokodare,2000-11-23,Attack,Centre-Forward,197.0,right,2025-09-01,24.0,20000000.0
683895,2024,16,1411,1,0,3,0,Emmanuel Agbadou,1997-06-17,Defender,Centre-Back,185.0,right,2024-09-01,27.0,20000000.0
683895,2025,14,1101,0,0,1,0,Emmanuel Agbadou,1997-06-17,Defender,Centre-Back,185.0,right,2025-09-01,28.0,16000000.0
684210,2022,30,1247,3,1,2,0,Jaidon Anthony,1999-12-01,Attack,Left Winger,183.0,right,2022-09-01,22.0,9000000.0
684210,2025,37,2735,8,4,4,0,Jaidon Anthony,1999-12-01,Attack,Left Winger,183.0,right,2025-09-01,25.0,20000000.0
687626,2022,37,3141,1,1,10,0,Moisés Caicedo,2001-11-02,Midfield,Defensive Midfield,178.0,right,2022-09-01,20.0,75000000.0
687626,2023,35,2874,1,3,12,0,Moisés Caicedo,2001-11-02,Midfield,Defensive Midfield,178.0,right,2023-09-01,21.0,75000000.0
687626,2024,38,3356,1,4,11,0,Moisés Caicedo,2001-11-02,Midfield,Defensive Midfield,178.0,right,2024-09-01,22.0,90000000.0
687626,2025,33,2802,3,1,11,0,Moisés Caicedo,2001-11-02,Midfield,Defensive Midfield,178.0,right,2025-09-01,23.0,100000000.0
693095,2024,25,2205,1,0,5,0,Jacob Greaves,2000-09-12,Defender,Centre-Back,193.0,left,2024-09-01,23.0,18000000.0
696589,2025,29,1486,0,3,9,0,Tim Iroegbunam,2003-06-30,Midfield,Central Midfield,183.0,right,2025-09-01,22.0,18000000.0
698164,2025,22,1167,0,1,1,0,Freddie Potts,2003-09-12,Midfield,Defensive Midfield,183.0,right,2025-09-01,21.0,10000000.0
698678,2022,21,1315,0,1,1,0,Hugo Bueno,2002-09-18,Defender,Left-Back,180.0,left,2022-09-01,19.0,6000000.0
698678,2025,35,2366,1,2,3,0,Hugo Bueno,2002-09-18,Defender,Left-Back,180.0,left,2025-09-01,22.0,12000000.0
701057,2022,14,903,0,0,1,0,Rico Lewis,2004-11-21,Defender,Right-Back,170.0,right,2022-09-01,17.0,20000000.0
701057,2024,28,1893,1,2,5,0,Rico Lewis,2004-11-21,Defender,Right-Back,170.0,right,2024-09-01,19.0,40000000.0
708072,2025,14,1026,2,0,2,0,Nicolò Savona,2003-03-19,Defender,Right-Back,192.0,right,2025-09-01,22.0,15000000.0
709726,2025,28,1811,11,4,0,0,Hugo Ekitiké,2002-06-20,Attack,Centre-Forward,190.0,right,2025-09-01,23.0,80000000.0
711337,2024,31,2336,10,5,1,1,Evanilson,1999-10-06,Attack,Centre-Forward,183.0,both,2024-09-01,24.0,35000000.0
711337,2025,36,2762,6,3,2,0,Evanilson,1999-10-06,Attack,Centre-Forward,183.0,both,2025-09-01,25.0,35000000.0
711544,2024,20,1569,2,0,4,0,Jake O'Brien,2001-05-15,Defender,Right-Back,197.0,right,2024-09-01,23.0,18000000.0
711544,2025,37,3124,1,1,6,0,Jake O'Brien,2001-05-15,Defender,Right-Back,197.0,right,2025-09-01,24.0,18000000.0
711969,2023,15,1238,1,2,5,0,Lorenz Assignon,2000-06-22,Defender,Right-Back,181.0,right,2023-09-01,23.0,10000000.0
711999,2024,26,1663,1,1,7,0,Lesley Ugochukwu,2004-03-26,Midfield,Defensive Midfield,190.0,right,2024-09-01,20.0,18000000.0
711999,2025,35,2351,3,2,1,0,Lesley Ugochukwu,2004-03-26,Midfield,Defensive Midfield,190.0,right,2025-09-01,21.0,22000000.0
716276,2025,27,2143,0,0,12,0,Yerson Mosquera,2001-05-02,Defender,Centre-Back,188.0,right,2025-09-01,24.0,12000000.0
717411,2024,31,1443,0,0,6,0,Yegor Yarmolyuk,2004-03-01,Midfield,Central Midfield,180.0,right,2024-09-01,20.0,15000000.0
717411,2025,37,2667,1,2,7,0,Yegor Yarmolyuk,2004-03-01,Midfield,Central Midfield,180.0,right,2025-09-01,21.0,32000000.0
727089,2025,33,2896,0,1,9,0,Noah Sadiki,2004-12-17,Midfield,Central Midfield,165.0,right,2025-09-01,20.0,35000000.0
730861,2023,28,1976,0,1,4,1,Milos Kerkez,2003-11-07,Defender,Left-Back,180.0,left,2023-09-01,19.0,20000000.0
730861,2024,38,3342,2,6,4,0,Milos Kerkez,2003-11-07,Defender,Left-Back,180.0,left,2024-09-01,20.0,45000000.0
730861,2025,34,2261,2,1,4,0,Milos Kerkez,2003-11-07,Defender,Left-Back,180.0,left,2025-09-01,21.0,35000000.0
730893,2020,19,1710,1,1,1,0,Tyrick Mitchell,1999-09-01,Defender,Left-Back,181.0,left,2020-09-01,21.0,7000000.0
730893,2021,36,3103,0,2,1,0,Tyrick Mitchell,1999-09-01,Defender,Left-Back,181.0,left,2021-09-01,22.0,25000000.0
730893,2022,36,2896,0,2,5,1,Tyrick Mitchell,1999-09-01,Defender,Left-Back,181.0,left,2022-09-01,23.0,22000000.0
730893,2023,37,3210,2,3,6,0,Tyrick Mitchell,1999-09-01,Defender,Left-Back,181.0,left,2023-09-01,24.0,25000000.0
730893,2024,37,3103,0,5,2,0,Tyrick Mitchell,1999-09-01,Defender,Left-Back,181.0,left,2024-09-01,25.0,25000000.0
730893,2025,38,3255,1,2,6,0,Tyrick Mitchell,1999-09-01,Defender,Left-Back,181.0,left,2025-09-01,26.0,25000000.0
735570,2023,34,2659,2,1,11,0,João Gomes,2001-02-12,Midfield,Central Midfield,176.0,right,2023-09-01,22.0,35000000.0
735570,2024,36,2989,3,1,11,0,João Gomes,2001-02-12,Midfield,Central Midfield,176.0,right,2024-09-01,23.0,40000000.0
735570,2025,35,2835,1,1,10,0,João Gomes,2001-02-12,Midfield,Central Midfield,176.0,right,2025-09-01,24.0,40000000.0
735571,2023,26,1599,9,1,1,0,Rodrigo Muniz,2001-05-04,Attack,Centre-Forward,186.0,right,2023-09-01,22.0,20000000.0
735571,2024,31,950,8,1,1,0,Rodrigo Muniz,2001-05-04,Attack,Centre-Forward,186.0,right,2024-09-01,23.0,20000000.0
735571,2025,21,997,1,1,2,0,Rodrigo Muniz,2001-05-04,Attack,Centre-Forward,186.0,right,2025-09-01,24.0,20000000.0
739443,2025,38,3287,22,1,7,0,Igor Thiago,2001-06-26,Attack,Centre-Forward,190.0,right,2025-09-01,24.0,65000000.0
741238,2024,31,2593,3,2,5,0,Omari Hutchinson,2003-10-30,Midfield,Attacking Midfield,174.0,left,2024-09-01,20.0,22000000.0
741238,2025,31,1684,1,7,1,0,Omari Hutchinson,2003-10-30,Midfield,Attacking Midfield,174.0,left,2025-09-01,21.0,30000000.0
741257,2025,31,2327,1,0,10,0,Álex Jiménez,2005-05-08,Defender,Right-Back,177.0,right,2025-09-01,20.0,22000000.0
743384,2025,28,1564,4,2,0,0,Chemsdine Talbi,2005-05-09,Attack,Right Winger,175.0,right,2025-09-01,20.0,25000000.0
743413,2025,34,2649,5,3,5,0,Nico O'Reilly,2005-03-21,Defender,Left-Back,193.0,left,2025-09-01,20.0,70000000.0
743498,2023,29,2108,3,3,3,0,Wilson Odobert,2004-11-28,Attack,Left Winger,182.0,right,2023-09-01,18.0,10000000.0
743498,2025,24,981,0,2,0,0,Wilson Odobert,2004-11-28,Attack,Left Winger,182.0,right,2025-09-01,20.0,18000000.0
743591,2024,29,1772,1,10,3,0,Savinho,2004-04-10,Attack,Left Winger,176.0,left,2024-09-01,20.0,50000000.0
743600,2025,27,1255,1,0,4,0,Andrey Santos,2004-05-03,Midfield,Central Midfield,180.0,right,2025-09-01,21.0,40000000.0
744149,2023,16,1305,0,3,2,0,Adam Wharton,2004-02-06,Midfield,Defensive Midfield,182.0,left,2023-09-01,19.0,30000000.0
744149,2024,20,1327,0,2,2,0,Adam Wharton,2004-02-06,Midfield,Defensive Midfield,182.0,left,2024-09-01,20.0,45000000.0
744149,2025,34,2563,1,5,4,0,Adam Wharton,2004-02-06,Midfield,Defensive Midfield,182.0,left,2025-09-01,21.0,70000000.0
745181,2025,22,979,1,0,4,0,Soungoutou Magassa,2003-10-08,Midfield,Defensive Midfield,190.0,right,2025-09-01,21.0,17000000.0
745461,2023,15,986,1,1,0,0,Luca Koleosho,2004-09-15,Attack,Right Winger,175.0,right,2023-09-01,18.0,7000000.0
746695,2022,18,967,2,1,1,0,Kamaldeen Sulemana,2002-02-15,Attack,Left Winger,174.0,right,2022-09-01,20.0,22000000.0
746695,2024,26,1406,1,1,2,0,Kamaldeen Sulemana,2002-02-15,Attack,Left Winger,174.0,right,2024-09-01,22.0,13000000.0
746739,2023,20,942,0,0,1,0,Andre Brooks,2003-08-20,Midfield,Central Midfield,180.0,left,2023-09-01,20.0,2500000.0
748319,2022,18,1034,4,2,3,0,Carlos Alcaraz,2002-11-30,Midfield,Central Midfield,176.0,right,2022-09-01,19.0,15000000.0
763079,2025,21,1429,0,0,2,0,Abdukodir Khusanov,2004-02-29,Defender,Centre-Back,186.0,right,2025-09-01,21.0,50000000.0
776890,2023,35,2810,14,5,10,0,Nicolas Jackson,2001-06-20,Attack,Centre-Forward,187.0,right,2023-09-01,22.0,35000000.0
776890,2024,30,2240,10,5,7,1,Nicolas Jackson,2001-06-20,Attack,Centre-Forward,187.0,right,2024-09-01,23.0,50000000.0
800176,2024,33,2485,0,0,7,0,André,2001-07-16,Midfield,Defensive Midfield,176.0,right,2024-09-01,23.0,28000000.0
800176,2025,35,2766,1,0,12,0,André,2001-07-16,Midfield,Defensive Midfield,176.0,right,2025-09-01,24.0,25000000.0
801734,2024,13,913,2,2,2,0,Mathys Tel,2005-04-27,Attack,Centre-Forward,183.0,right,2024-09-01,19.0,35000000.0
801734,2025,31,1342,4,1,1,0,Mathys Tel,2005-04-27,Attack,Centre-Forward,183.0,right,2025-09-01,20.0,22000000.0
808509,2022,13,981,3,2,1,0,Danilo,2001-04-29,Midfield,Central Midfield,177.0,left,2022-09-01,21.0,28000000.0
808509,2023,29,1797,2,2,4,0,Danilo,2001-04-29,Midfield,Central Midfield,177.0,left,2023-09-01,22.0,28000000.0
811779,2023,36,2576,7,4,4,0,Alejandro Garnacho,2004-07-01,Attack,Left Winger,180.0,right,2023-09-01,19.0,45000000.0
811779,2024,36,2196,6,2,3,0,Alejandro Garnacho,2004-07-01,Attack,Left Winger,180.0,right,2024-09-01,20.0,45000000.0
811779,2025,24,1268,1,4,2,0,Alejandro Garnacho,2004-07-01,Attack,Left Winger,180.0,right,2025-09-01,21.0,28000000.0
820374,2023,24,1940,3,1,3,0,Kobbie Mainoo,2005-04-19,Midfield,Central Midfield,184.0,right,2023-09-01,18.0,50000000.0
820374,2024,25,1656,0,0,5,0,Kobbie Mainoo,2005-04-19,Midfield,Central Midfield,184.0,right,2024-09-01,19.0,50000000.0
820374,2025,28,1654,1,2,2,0,Kobbie Mainoo,2005-04-19,Midfield,Central Midfield,184.0,right,2025-09-01,20.0,70000000.0
823231,2022,19,1245,1,3,1,0,Dango Ouattara,2002-02-11,Attack,Right Winger,177.0,left,2022-09-01,20.0,25000000.0
823231,2023,30,1220,1,2,3,0,Dango Ouattara,2002-02-11,Attack,Right Winger,177.0,left,2023-09-01,21.0,20000000.0
823231,2024,32,2011,7,4,3,0,Dango Ouattara,2002-02-11,Attack,Right Winger,177.0,left,2024-09-01,22.0,28000000.0
823231,2025,32,2282,7,8,5,0,Dango Ouattara,2002-02-11,Attack,Right Winger,177.0,left,2025-09-01,23.0,35000000.0
823486,2025,37,3264,1,1,8,0,Michael Kayode,2004-07-10,Defender,Right-Back,179.0,right,2025-09-01,21.0,40000000.0
842341,2023,16,1312,0,0,6,0,Maxime Estève,2002-05-26,Defender,Centre-Back,193.0,left,2023-09-01,21.0,7000000.0
842341,2025,34,2938,0,0,1,0,Maxime Estève,2002-05-26,Defender,Centre-Back,193.0,left,2025-09-01,23.0,28000000.0
848509,2025,31,1837,0,1,3,0,Jackson Tchatchoua,2001-09-14,Defender,Right-Back,180.0,right,2025-09-01,23.0,12000000.0
855256,2023,23,1010,1,1,3,0,Alex Scott,2003-08-21,Midfield,Central Midfield,178.0,right,2023-09-01,20.0,20000000.0
855256,2025,37,2860,3,1,5,0,Alex Scott,2003-08-21,Midfield,Central Midfield,178.0,right,2025-09-01,22.0,50000000.0
866246,2024,27,1205,0,1,3,0,Lucas Bergvall,2006-02-02,Midfield,Central Midfield,187.0,right,2024-09-01,18.0,38000000.0
866246,2025,23,967,1,3,2,0,Lucas Bergvall,2006-02-02,Midfield,Central Midfield,187.0,right,2025-09-01,19.0,35000000.0
866655,2024,33,1874,2,1,6,0,Tyler Dibling,2006-02-17,Attack,Right Winger,178.0,left,2024-09-01,18.0,25000000.0
867688,2024,26,1848,5,3,5,0,Jack Hinshelwood,2005-04-11,Midfield,Defensive Midfield,182.0,right,2024-09-01,19.0,24000000.0
867688,2025,27,1751,4,4,0,0,Jack Hinshelwood,2005-04-11,Midfield,Defensive Midfield,182.0,right,2025-09-01,20.0,28000000.0
874066,2023,12,946,0,0,2,0,Oliver Arblaster,2004-01-08,Midfield,Central Midfield,180.0,right,2023-09-01,19.0,450000.0
876631,2025,20,1409,2,3,6,0,Habib Diarra,2004-01-03,Midfield,Central Midfield,178.0,right,2025-09-01,21.0,35000000.0
880245,2024,36,2922,2,4,8,0,Mateus Fernandes,2004-07-10,Midfield,Central Midfield,180.0,right,2024-09-01,20.0,15000000.0
880245,2025,36,3026,3,4,6,0,Mateus Fernandes,2004-07-10,Midfield,Central Midfield,180.0,right,2025-09-01,21.0,50000000.0
890290,2024,32,2422,3,2,10,0,Dean Huijsen,2005-04-14,Defender,Centre-Back,197.0,both,2024-09-01,19.0,60000000.0
890721,2024,23,1371,1,0,3,2,Myles Lewis-Skelly,2006-09-26,Defender,Left-Back,178.0,left,2024-09-01,17.0,45000000.0
900195,2025,26,1038,1,2,1,0,Kevin,2003-01-04,Attack,Left Winger,176.0,right,2025-09-01,22.0,25000000.0
904802,2025,22,1143,0,0,7,0,Jorrel Hato,2006-03-07,Defender,Left-Back,182.0,left,2025-09-01,19.0,40000000.0
922693,2024,28,1744,0,0,1,0,Archie Gray,2006-03-12,Midfield,Defensive Midfield,187.0,right,2024-09-01,18.0,38000000.0
922693,2025,24,1480,2,2,5,0,Archie Gray,2006-03-12,Midfield,Defensive Midfield,187.0,right,2025-09-01,19.0,35000000.0
922769,2023,17,1208,1,3,1,0,Lewis Miley,2006-05-01,Midfield,Central Midfield,189.0,right,2023-09-01,17.0,22000000.0
922769,2025,23,1494,1,4,0,0,Lewis Miley,2006-05-01,Midfield,Central Midfield,189.0,right,2025-09-01,19.0,25000000.0
923831,2024,21,1164,0,0,5,0,Leny Yoro,2005-11-13,Defender,Centre-Back,190.0,right,2024-09-01,18.0,55000000.0
923831,2025,32,1739,0,2,1,0,Leny Yoro,2005-11-13,Defender,Centre-Back,190.0,right,2025-09-01,19.0,50000000.0
926952,2025,26,1445,4,4,5,0,Patrick Dorgu,2004-10-26,Attack,Left Winger,185.0,left,2025-09-01,20.0,35000000.0
927768,2025,20,1406,0,0,1,0,Lucas Pires,2001-03-24,Defender,Left-Back,182.0,left,2025-09-01,24.0,4000000.0
937941,2025,38,1915,8,0,3,0,Thierno Barry,2002-10-21,Attack,Centre-Forward,195.0,right,2025-09-01,22.0,30000000.0
955357,2025,33,1683,13,0,5,0,Junior Kroupi,2006-06-23,Attack,Centre-Forward,179.0,right,2025-09-01,19.0,70000000.0
973085,2023,27,1320,0,0,7,0,Carlos Baleba,2004-01-03,Midfield,Defensive Midfield,179.0,left,2023-09-01,19.0,22000000.0
973085,2024,34,2673,3,1,8,0,Carlos Baleba,2004-01-03,Midfield,Defensive Midfield,179.0,left,2024-09-01,20.0,40000000.0
973085,2025,31,1662,0,0,5,0,Carlos Baleba,2004-01-03,Midfield,Defensive Midfield,179.0,left,2025-09-01,21.0,55000000.0
983989,2023,27,1369,3,1,7,0,Facundo Buonanotte,2004-12-23,Midfield,Attacking Midfield,174.0,left,2023-09-01,18.0,18000000.0
983989,2024,31,1514,5,2,8,0,Facundo Buonanotte,2004-12-23,Midfield,Attacking Midfield,174.0,left,2024-09-01,19.0,20000000.0
996897,2025,32,2139,5,1,9,0,Diego Gómez,2003-03-27,Midfield,Central Midfield,183.0,right,2025-09-01,22.0,25000000.0
1005649,2023,32,2793,0,2,5,0,Murillo,2002-07-04,Defender,Centre-Back,180.0,left,2023-09-01,21.0,35000000.0
1005649,2024,36,3191,2,0,6,0,Murillo,2002-07-04,Defender,Centre-Back,180.0,left,2024-09-01,22.0,55000000.0
1005649,2025,25,2133,1,0,5,0,Murillo,2002-07-04,Defender,Centre-Back,180.0,left,2025-09-01,23.0,50000000.0
1006411,2025,20,1334,0,0,3,0,Jaydee Canvot,2006-07-29,Defender,Centre-Back,188.0,right,2025-09-01,19.0,28000000.0
1011131,2025,32,1304,1,2,4,0,Josh King,2007-01-03,Midfield,Attacking Midfield,173.0,right,2025-09-01,18.0,25000000.0
1012534,2024,32,1844,6,4,5,0,Yankuba Minteh,2004-07-22,Attack,Right Winger,180.0,left,2024-09-01,20.0,30000000.0
1012534,2025,34,2401,3,4,3,0,Yankuba Minteh,2004-07-22,Attack,Right Winger,180.0,left,2025-09-01,21.0,45000000.0
1012564,2025,15,1120,5,2,1,0,Rayan,2006-08-03,Attack,Right Winger,187.0,left,2025-09-01,19.0,60000000.0
1078163,2025,17,923,0,1,2,0,Ayden Heaven,2006-09-22,Defender,Centre-Back,189.0,left,2025-09-01,18.0,30000000.0
1111589,2025,32,2711,0,5,6,0,El Hadji Malick Diouf,2004-12-28,Defender,Left-Back,177.0,left,2025-09-01,20.0,28000000.0
1230661,2025,27,1790,3,2,0,0,Mateus Mané,2007-09-16,Midfield,Attacking Midfield,175.0,right,2025-09-01,17.0,20000000.0
